"time","completed_tasks"
"2021-08-01 22:05:00.373+00",15452
"2021-08-01 22:05:00.373+00",96786
"2021-08-01 22:05:10.373+00",96786
"2021-08-01 22:05:10.373+00",17552
"2021-08-01 22:05:20.379+00",17572
"2021-08-01 22:05:20.379+00",96786
"2021-08-01 22:05:30.373+00",17596
"2021-08-01 22:05:30.373+00",96786
"2021-08-01 22:05:40.373+00",19800
"2021-08-01 22:05:40.373+00",96786
"2021-08-01 22:05:50.373+00",19820
"2021-08-01 22:05:50.373+00",96786
"2021-08-01 22:06:00.377+00",19840
"2021-08-01 22:06:00.377+00",nan
"2021-08-01 22:06:10.373+00",21764
"2021-08-01 22:06:20.373+00",21785
"2021-08-01 22:06:30.373+00",21805
"2021-08-01 22:06:40.373+00",23946
"2021-08-01 22:06:50.373+00",23970
"2021-08-01 22:07:00.373+00",23990
"2021-08-01 22:07:10.373+00",25937
"2021-08-01 22:07:20.376+00",25957
"2021-08-01 22:07:30.373+00",25981
"2021-08-01 22:07:40.373+00",28207
"2021-08-01 22:07:50.373+00",28227
"2021-08-01 22:08:00.373+00",28247
"2021-08-01 22:08:10.373+00",30180
"2021-08-01 22:08:20.373+00",30201
"2021-08-01 22:08:30.373+00",30221
"2021-08-01 22:08:40.373+00",32380
"2021-08-01 22:08:50.373+00",32404
"2021-08-01 22:09:00.373+00",41030
"2021-08-01 22:09:10.373+00",46630
"2021-08-01 22:09:20.373+00",51295
"2021-08-01 22:09:30.379+00",54058
"2021-08-01 22:09:40.373+00",63688
"2021-08-01 22:09:50.373+00",66950
"2021-08-01 22:10:00.373+00",70179
"2021-08-01 22:10:10.373+00",71862
"2021-08-01 22:10:20.377+00",79236
"2021-08-01 22:10:30.373+00",83267
"2021-08-01 22:10:40.373+00",87993
"2021-08-01 22:10:50.376+00",90667
"2021-08-01 22:11:00.373+00",98922
"2021-08-01 22:11:10.373+00",104246
"2021-08-01 22:11:20.373+00",111175
"2021-08-01 22:11:30.373+00",113243
"2021-08-01 22:11:40.373+00",120529
"2021-08-01 22:11:50.373+00",124842
"2021-08-01 22:12:00.373+00",127982
"2021-08-01 22:12:10.373+00",129876
"2021-08-01 22:12:20.373+00",137285
"2021-08-01 22:12:30.373+00",141414
"2021-08-01 22:12:40.373+00",145310
"2021-08-01 22:12:50.373+00",147839
"2021-08-01 22:13:00.373+00",156278
"2021-08-01 22:13:10.373+00",161945
"2021-08-01 22:13:20.373+00",167473
"2021-08-01 22:13:30.373+00",169508
"2021-08-01 22:13:40.38+00",178352
"2021-08-01 22:13:50.373+00",181297
"2021-08-01 22:14:00.373+00",181321
"2021-08-01 22:14:10.373+00",181818
"2021-08-01 22:14:20.38+00",181843
"2021-08-01 22:14:30.373+00",181863
"2021-08-01 22:14:40.373+00",183952
"2021-08-01 22:14:50.373+00",183976
"2021-08-01 22:15:00.373+00",183996
"2021-08-01 22:15:10.373+00",186596
"2021-08-01 22:15:20.373+00",186616
"2021-08-01 22:15:30.373+00",186640
"2021-08-01 22:15:40.373+00",188627
"2021-08-01 22:15:50.373+00",188647
"2021-08-01 22:16:00.373+00",188667
"2021-08-01 22:16:10.373+00",190088
"2021-08-01 22:16:20.373+00",193870
"2021-08-01 22:16:30.373+00",201340
"2021-08-01 22:16:40.373+00",208189
"2021-08-01 22:16:50.382+00",211549
"2021-08-01 22:17:00.373+00",219366
"2021-08-01 22:17:10.373+00",223753
"2021-08-01 22:17:20.373+00",226398
"2021-08-01 22:17:30.373+00",227588
"2021-08-01 22:17:40.373+00",233094
"2021-08-01 22:17:50.373+00",235915
"2021-08-01 22:18:00.373+00",239532
"2021-08-01 22:18:10.373+00",241028
"2021-08-01 22:18:20.373+00",251142
"2021-08-01 22:18:30.373+00",256636
"2021-08-01 22:18:40.373+00",263513
"2021-08-01 22:18:50.373+00",265269
"2021-08-01 22:19:00.373+00",273145
"2021-08-01 22:19:10.373+00",277620
"2021-08-01 22:19:20.373+00",279510
"2021-08-01 22:19:30.373+00",280508
"2021-08-01 22:19:40.373+00",286436
"2021-08-01 22:19:50.373+00",290542
"2021-08-01 22:20:00.373+00",295578
"2021-08-01 22:20:10.373+00",298007
"2021-08-01 22:20:20.373+00",306814
"2021-08-01 22:20:30.373+00",311404
"2021-08-01 22:20:40.373+00",318018
"2021-08-01 22:20:50.388+00",319614
"2021-08-01 22:21:00.373+00",327428
"2021-08-01 22:21:10.373+00",331365
"2021-08-01 22:21:20.373+00",332765
"2021-08-01 22:21:30.373+00",332789
"2021-08-01 22:21:40.39+00",333203
"2021-08-01 22:21:50.373+00",333223
"2021-08-01 22:22:00.373+00",333243
"2021-08-01 22:22:10.373+00",335053
"2021-08-01 22:22:20.373+00",335078
"2021-08-01 22:22:30.373+00",335098
"2021-08-01 22:22:40.373+00",337289
"2021-08-01 22:22:50.373+00",337313
"2021-08-01 22:23:00.373+00",337333
"2021-08-01 22:23:10.373+00",338982
"2021-08-01 22:23:20.373+00",339002
"2021-08-01 22:23:30.373+00",339026
"2021-08-01 22:23:40.373+00",340892
"2021-08-01 22:23:50.373+00",340912
"2021-08-01 22:24:00.373+00",340932
"2021-08-01 22:24:10.373+00",342542
"2021-08-01 22:24:20.373+00",342562
"2021-08-01 22:24:30.373+00",342582
"2021-08-01 22:24:40.373+00",344461
"2021-08-01 22:24:50.375+00",344485
"2021-08-01 22:25:00.373+00",344505
"2021-08-01 22:25:10.378+00",346299
"2021-08-01 22:25:20.373+00",346319
"2021-08-01 22:25:30.373+00",346343
"2021-08-01 22:25:40.373+00",347418
"2021-08-01 22:25:50.373+00",347438
"2021-08-01 22:26:00.373+00",347458
"2021-08-01 22:26:10.373+00",351537
"2021-08-01 22:26:20.373+00",360686
"2021-08-01 22:26:30.373+00",366041
"2021-08-01 22:26:40.373+00",372136
"2021-08-01 22:26:50.373+00",374786
"2021-08-01 22:27:00.373+00",383447
"2021-08-01 22:27:10.373+00",387061
"2021-08-01 22:27:20.373+00",389544
"2021-08-01 22:27:30.373+00",391374
"2021-08-01 22:27:40.373+00",393541
"2021-08-01 22:27:50.373+00",397364
"2021-08-01 22:28:00.373+00",404324
"2021-08-01 22:28:10.373+00",407098
"2021-08-01 22:28:20.373+00",416560
"2021-08-01 22:28:30.373+00",422350
"2021-08-01 22:28:40.373+00",429247
"2021-08-01 22:28:50.373+00",431270
"2021-08-01 22:29:00.373+00",438114
"2021-08-01 22:29:10.381+00",442749
"2021-08-01 22:29:20.373+00",445792
"2021-08-01 22:29:30.373+00",447763
"2021-08-01 22:29:40.373+00",451087
"2021-08-01 22:29:50.373+00",454077
"2021-08-01 22:30:00.373+00",460747
"2021-08-01 22:30:10.373+00",463469
"2021-08-01 22:30:20.373+00",472960
"2021-08-01 22:30:30.373+00",478117
"2021-08-01 22:30:40.373+00",485142
"2021-08-01 22:30:50.373+00",487561
"2021-08-01 22:31:00.373+00",495085
"2021-08-01 22:31:10.373+00",498629
"2021-08-01 22:31:20.373+00",498654
"2021-08-01 22:31:30.373+00",498678
"2021-08-01 22:31:40.377+00",500603
"2021-08-01 22:31:50.373+00",500623
"2021-08-01 22:32:00.373+00",500643
"2021-08-01 22:32:10.373+00",502861
"2021-08-01 22:32:20.373+00",502881
"2021-08-01 22:32:30.373+00",502901
"2021-08-01 22:32:40.373+00",505048
"2021-08-01 22:32:50.373+00",505072
"2021-08-01 22:33:00.373+00",505092
"2021-08-01 22:33:10.373+00",507046
"2021-08-01 22:33:20.373+00",507066
"2021-08-01 22:33:30.373+00",507090
"2021-08-01 22:33:40.373+00",507561
"2021-08-01 22:33:50.373+00",507581
"2021-08-01 22:34:00.373+00",507601
"2021-08-01 22:34:10.373+00",509909
"2021-08-01 22:34:20.373+00",509929
"2021-08-01 22:34:30.373+00",509949
"2021-08-01 22:34:40.373+00",512118
"2021-08-01 22:34:50.373+00",512142
"2021-08-01 22:35:00.373+00",512162
"2021-08-01 22:35:10.377+00",514029
"2021-08-01 22:35:20.373+00",514049
"2021-08-01 22:35:30.373+00",514073
"2021-08-01 22:35:40.373+00",516292
"2021-08-01 22:35:50.373+00",520550
"2021-08-01 22:36:00.373+00",528890
"2021-08-01 22:36:10.373+00",534446
"2021-08-01 22:36:20.373+00",543477
"2021-08-01 22:36:30.373+00",546726
"2021-08-01 22:36:40.373+00",548299
"2021-08-01 22:36:50.373+00",549953
"2021-08-01 22:37:00.373+00",557101
"2021-08-01 22:37:10.373+00",561260
"2021-08-01 22:37:20.373+00",564588
"2021-08-01 22:37:30.373+00",569098
"2021-08-01 22:37:40.373+00",578350
"2021-08-01 22:37:50.373+00",584165
"2021-08-01 22:38:00.373+00",585922
"2021-08-01 22:38:10.373+00",587968
"2021-08-01 22:38:20.373+00",597633
"2021-08-01 22:38:30.373+00",600823
"2021-08-01 22:38:40.373+00",606804
"2021-08-01 22:38:50.373+00",611354
"2021-08-01 22:39:00.373+00",618838
"2021-08-01 22:39:10.373+00",620738
"2021-08-01 22:39:20.373+00",623167
"2021-08-01 22:39:30.373+00",624319
"2021-08-01 22:39:40.373+00",633716
"2021-08-01 22:39:50.376+00",639204
"2021-08-01 22:40:00.373+00",645363
"2021-08-01 22:40:10.373+00",650418
"2021-08-01 22:40:20.373+00",657526
"2021-08-01 22:40:30.373+00",660011
"2021-08-01 22:40:40.373+00",661624
"2021-08-01 22:40:50.373+00",665140
"2021-08-01 22:41:00.373+00",665160
"2021-08-01 22:41:10.373+00",666870
"2021-08-01 22:41:20.373+00",666890
"2021-08-01 22:41:30.373+00",666914
"2021-08-01 22:41:40.373+00",669350
"2021-08-01 22:41:50.373+00",669370
"2021-08-01 22:42:00.373+00",669390
"2021-08-01 22:42:10.373+00",669841
"2021-08-01 22:42:20.373+00",669861
"2021-08-01 22:42:30.373+00",669881
"2021-08-01 22:42:40.373+00",671980
"2021-08-01 22:42:50.38+00",672004
"2021-08-01 22:43:00.373+00",672024
"2021-08-01 22:43:10.373+00",674074
"2021-08-01 22:43:20.373+00",674094
"2021-08-01 22:43:30.373+00",674118
"2021-08-01 22:43:40.373+00",675802
"2021-08-01 22:43:50.373+00",675822
"2021-08-01 22:44:00.373+00",675842
"2021-08-01 22:44:10.373+00",677992
"2021-08-01 22:44:20.373+00",678012
"2021-08-01 22:44:30.373+00",678032
"2021-08-01 22:44:40.373+00",680240
"2021-08-01 22:44:50.373+00",680264
"2021-08-01 22:45:00.373+00",680284
"2021-08-01 22:45:10.373+00",682326
"2021-08-01 22:45:20.373+00",682346
"2021-08-01 22:45:30.383+00",682370
"2021-08-01 22:45:40.373+00",684381
"2021-08-01 22:45:50.373+00",684401
"2021-08-01 22:46:00.373+00",684421
"2021-08-01 22:46:10.373+00",686577
"2021-08-01 22:46:20.38+00",686597
"2021-08-01 22:46:30.373+00",686617
"2021-08-01 22:46:40.373+00",688734
"2021-08-01 22:46:50.373+00",688758
"2021-08-01 22:47:00.373+00",688778
"2021-08-01 22:47:10.377+00",690701
"2021-08-01 22:47:20.373+00",690721
"2021-08-01 22:47:30.373+00",690745
"2021-08-01 22:47:40.373+00",692830
"2021-08-01 22:47:50.373+00",692850
"2021-08-01 22:48:00.373+00",692870
"2021-08-01 22:48:10.373+00",694746
"2021-08-01 22:48:20.373+00",694766
"2021-08-01 22:48:30.373+00",694786
"2021-08-01 22:48:40.373+00",696895
"2021-08-01 22:48:50.373+00",696919
"2021-08-01 22:49:00.373+00",696939
"2021-08-01 22:49:10.373+00",697385
"2021-08-01 22:49:20.373+00",697405
"2021-08-01 22:49:30.373+00",697429
"2021-08-01 22:49:40.373+00",699840
"2021-08-01 22:49:50.373+00",699860
"2021-08-01 22:50:00.373+00",699880
"2021-08-01 22:50:10.379+00",702026
"2021-08-01 22:50:20.373+00",702046
"2021-08-01 22:50:30.373+00",702066
"2021-08-01 22:50:40.373+00",703966
"2021-08-01 22:50:50.373+00",703990
"2021-08-01 22:51:00.373+00",704010
"2021-08-01 22:51:10.373+00",706148
"2021-08-01 22:51:20.377+00",706168
"2021-08-01 22:51:30.373+00",706192
"2021-08-01 22:51:40.373+00",708409
"2021-08-01 22:51:50.381+00",708429
"2021-08-01 22:52:00.373+00",708449
"2021-08-01 22:52:10.382+00",710624
"2021-08-01 22:52:20.373+00",710644
"2021-08-01 22:52:30.382+00",710664
"2021-08-01 22:52:40.373+00",712563
"2021-08-01 22:52:50.373+00",712587
"2021-08-01 22:53:00.381+00",712607
"2021-08-01 22:53:10.373+00",712844
"2021-08-01 22:53:20.373+00",712864
"2021-08-01 22:53:30.373+00",712888
"2021-08-01 22:53:40.373+00",712910
"2021-08-01 22:53:50.383+00",712930
"2021-08-01 22:54:00.373+00",712950
"2021-08-01 22:54:10.373+00",712976
"2021-08-01 22:54:20.373+00",712996
"2021-08-01 22:54:30.373+00",713016
"2021-08-01 22:54:40.373+00",713038
"2021-08-01 22:54:50.382+00",713062
"2021-08-01 22:55:00.381+00",713082
"2021-08-01 22:55:10.373+00",715097
"2021-08-01 22:55:20.381+00",715117
"2021-08-01 22:55:30.382+00",715141
"2021-08-01 22:55:40.373+00",716997
"2021-08-01 22:55:50.373+00",717017
"2021-08-01 22:56:00.373+00",717037
"2021-08-01 22:56:10.373+00",718650
"2021-08-01 22:56:20.373+00",718670
"2021-08-01 22:56:30.373+00",718690
"2021-08-01 22:56:40.373+00",720186
"2021-08-01 22:56:50.373+00",720210
"2021-08-01 22:57:00.373+00",720230
"2021-08-01 22:57:10.375+00",721960
"2021-08-01 22:57:20.373+00",721980
"2021-08-01 22:57:30.373+00",722004
"2021-08-01 22:57:40.373+00",723747
"2021-08-01 22:57:50.392+00",723767
"2021-08-01 22:58:00.376+00",723787
"2021-08-01 22:58:10.386+00",725472
"2021-08-01 22:58:20.373+00",725492
"2021-08-01 22:58:30.373+00",725512
"2021-08-01 22:58:40.381+00",727113
"2021-08-01 22:58:50.373+00",728718
"2021-08-01 22:59:00.373+00",735743
"2021-08-01 22:59:10.373+00",742207
"2021-08-01 22:59:20.373+00",747944
"2021-08-01 22:59:30.373+00",749776
"2021-08-01 22:59:40.373+00",752835
"2021-08-01 22:59:50.373+00",755316
"2021-08-01 23:00:00.373+00",760438
"2021-08-01 23:00:10.38+00",764207
"2021-08-01 23:00:20.377+00",770365
"2021-08-01 23:00:30.373+00",774806
"2021-08-01 23:00:40.373+00",780296
"2021-08-01 23:00:50.373+00",786092
"2021-08-01 23:01:00.373+00",790377
"2021-08-01 23:01:10.373+00",795024
"2021-08-01 23:01:20.373+00",799308
"2021-08-01 23:01:30.373+00",800183
"2021-08-01 23:01:40.373+00",803281
"2021-08-01 23:01:50.373+00",807983
"2021-08-01 23:02:00.373+00",813429
"2021-08-01 23:02:10.373+00",815898
"2021-08-01 23:02:20.373+00",821018
"2021-08-01 23:02:30.373+00",826769
"2021-08-01 23:02:40.373+00",831674
"2021-08-01 23:02:50.373+00",834320
"2021-08-01 23:03:00.373+00",840724
"2021-08-01 23:03:10.373+00",844336
"2021-08-01 23:03:20.373+00",849308
"2021-08-01 23:03:30.373+00",851632
"2021-08-01 23:03:40.373+00",857832
"2021-08-01 23:03:50.373+00",860143
"2021-08-01 23:04:00.373+00",860163
"2021-08-01 23:04:10.373+00",861398
"2021-08-01 23:04:20.377+00",861423
"2021-08-01 23:04:30.373+00",861443
"2021-08-01 23:04:40.373+00",862944
"2021-08-01 23:04:50.373+00",862968
"2021-08-01 23:05:00.373+00",862988
"2021-08-01 23:05:10.392+00",864704
"2021-08-01 23:05:20.381+00",864724
"2021-08-01 23:05:30.373+00",864748
"2021-08-01 23:05:40.373+00",866475
"2021-08-01 23:05:50.373+00",866495
"2021-08-01 23:06:00.373+00",866515
"2021-08-01 23:06:10.373+00",867279
"2021-08-01 23:06:20.373+00",868885
"2021-08-01 23:06:30.373+00",876239
"2021-08-01 23:06:40.373+00",881316
"2021-08-01 23:06:50.373+00",887514
"2021-08-01 23:07:00.373+00",891223
"2021-08-01 23:07:10.373+00",896123
"2021-08-01 23:07:20.373+00",901044
"2021-08-01 23:07:30.373+00",904312
"2021-08-01 23:07:40.381+00",909081
"2021-08-01 23:07:50.373+00",911570
"2021-08-01 23:08:00.373+00",915903
"2021-08-01 23:08:10.373+00",918274
"2021-08-01 23:08:20.373+00",925021
"2021-08-01 23:08:30.373+00",929198
"2021-08-01 23:08:40.373+00",934668
"2021-08-01 23:08:50.373+00",936883
"2021-08-01 23:09:00.375+00",943814
"2021-08-01 23:09:10.373+00",948015
"2021-08-01 23:09:20.373+00",952840
"2021-08-01 23:09:30.373+00",954623
"2021-08-01 23:09:40.373+00",960797
"2021-08-01 23:09:50.373+00",964806
"2021-08-01 23:10:00.373+00",969833
"2021-08-01 23:10:10.376+00",972144
"2021-08-01 23:10:20.382+00",977930
"2021-08-01 23:10:30.373+00",982304
"2021-08-01 23:10:40.373+00",987564
"2021-08-01 23:10:50.373+00",991620
"2021-08-01 23:11:00.373+00",996276
"2021-08-01 23:11:10.382+00",1000339
"2021-08-01 23:11:20.376+00",1004212
"2021-08-01 23:11:30.373+00",1004236
"2021-08-01 23:11:40.373+00",1005513
"2021-08-01 23:11:50.373+00",1005533
"2021-08-01 23:12:00.382+00",1005553
"2021-08-01 23:12:10.378+00",1007083
"2021-08-01 23:12:20.373+00",1007108
"2021-08-01 23:12:30.373+00",1007128
"2021-08-01 23:12:40.373+00",1008839
"2021-08-01 23:12:50.383+00",1008863
"2021-08-01 23:13:00.373+00",1008883
"2021-08-01 23:13:10.377+00",1010580
"2021-08-01 23:13:20.382+00",1010600
"2021-08-01 23:13:30.381+00",1010624
"2021-08-01 23:13:40.373+00",1012328
"2021-08-01 23:13:50.373+00",1012348
"2021-08-01 23:14:00.373+00",1012368
"2021-08-01 23:14:10.373+00",1012955
"2021-08-01 23:14:20.373+00",1012975
"2021-08-01 23:14:30.373+00",1012995
"2021-08-01 23:14:40.373+00",1014707
"2021-08-01 23:14:50.373+00",1014731
