"time","active_tasks","executor"
"2021-08-01 22:05:29.243+00",1,"0"
"2021-08-01 22:05:29.243+00",1,"2"
"2021-08-01 22:05:29.243+00",1,"4"
"2021-08-01 22:05:29.243+00",1,"3"
"2021-08-01 22:05:29.243+00",1,"5"
"2021-08-01 22:05:29.243+00",1,"1"
"2021-08-01 22:05:59.243+00",1,"4"
"2021-08-01 22:05:59.243+00",6,"3"
"2021-08-01 22:05:59.243+00",6,"5"
"2021-08-01 22:05:59.243+00",6,"1"
"2021-08-01 22:05:59.243+00",2,"0"
"2021-08-01 22:05:59.243+00",2,"2"
"2021-08-01 22:06:29.243+00",1,"3"
"2021-08-01 22:06:29.243+00",1,"0"
"2021-08-01 22:06:29.243+00",1,"5"
"2021-08-01 22:06:29.243+00",1,"1"
"2021-08-01 22:06:29.243+00",1,"2"
"2021-08-01 22:06:29.243+00",1,"4"
"2021-08-01 22:06:59.243+00",1,"1"
"2021-08-01 22:06:59.243+00",1,"5"
"2021-08-01 22:06:59.243+00",1,"3"
"2021-08-01 22:06:59.243+00",1,"4"
"2021-08-01 22:06:59.243+00",1,"2"
"2021-08-01 22:06:59.243+00",1,"0"
"2021-08-01 22:07:29.243+00",1,"4"
"2021-08-01 22:07:29.243+00",1,"3"
"2021-08-01 22:07:29.243+00",1,"1"
"2021-08-01 22:07:29.243+00",1,"5"
"2021-08-01 22:07:29.243+00",1,"2"
"2021-08-01 22:07:29.243+00",1,"0"
"2021-08-01 22:07:59.243+00",6,"3"
"2021-08-01 22:07:59.243+00",3,"5"
"2021-08-01 22:07:59.243+00",6,"0"
"2021-08-01 22:07:59.243+00",3,"2"
"2021-08-01 22:07:59.243+00",1,"4"
"2021-08-01 22:07:59.243+00",6,"1"
"2021-08-01 22:08:29.243+00",1,"3"
"2021-08-01 22:08:29.243+00",1,"5"
"2021-08-01 22:08:29.243+00",1,"0"
"2021-08-01 22:08:29.243+00",1,"2"
"2021-08-01 22:08:29.243+00",1,"4"
"2021-08-01 22:08:29.243+00",1,"1"
"2021-08-01 22:08:59.243+00",1,"3"
"2021-08-01 22:08:59.243+00",1,"0"
"2021-08-01 22:08:59.243+00",1,"2"
"2021-08-01 22:08:59.243+00",1,"4"
"2021-08-01 22:08:59.243+00",1,"5"
"2021-08-01 22:08:59.243+00",1,"1"
"2021-08-01 22:09:29.245+00",2,"0"
"2021-08-01 22:09:29.245+00",7,"3"
"2021-08-01 22:09:29.245+00",2,"5"
"2021-08-01 22:09:29.245+00",2,"1"
"2021-08-01 22:09:29.245+00",1,"4"
"2021-08-01 22:09:29.245+00",6,"2"
"2021-08-01 22:09:59.243+00",1,"2"
"2021-08-01 22:09:59.243+00",6,"1"
"2021-08-01 22:09:59.243+00",3,"5"
"2021-08-01 22:09:59.243+00",1,"3"
"2021-08-01 22:09:59.243+00",5,"0"
"2021-08-01 22:09:59.243+00",1,"4"
"2021-08-01 22:10:29.243+00",6,"2"
"2021-08-01 22:10:29.243+00",6,"1"
"2021-08-01 22:10:29.243+00",6,"5"
"2021-08-01 22:10:29.243+00",6,"3"
"2021-08-01 22:10:29.243+00",1,"4"
"2021-08-01 22:10:29.243+00",6,"0"
"2021-08-01 22:10:59.243+00",1,"1"
"2021-08-01 22:10:59.243+00",1,"3"
"2021-08-01 22:10:59.243+00",1,"4"
"2021-08-01 22:10:59.243+00",1,"0"
"2021-08-01 22:10:59.243+00",1,"2"
"2021-08-01 22:10:59.243+00",1,"5"
"2021-08-01 22:11:29.243+00",2,"0"
"2021-08-01 22:11:29.243+00",2,"3"
"2021-08-01 22:11:29.243+00",2,"2"
"2021-08-01 22:11:29.243+00",2,"5"
"2021-08-01 22:11:29.243+00",2,"1"
"2021-08-01 22:11:29.243+00",1,"4"
"2021-08-01 22:11:59.243+00",1,"1"
"2021-08-01 22:11:59.243+00",1,"5"
"2021-08-01 22:11:59.243+00",1,"3"
"2021-08-01 22:11:59.243+00",1,"4"
"2021-08-01 22:11:59.243+00",1,"2"
"2021-08-01 22:11:59.243+00",1,"0"
"2021-08-01 22:12:29.243+00",6,"3"
"2021-08-01 22:12:29.243+00",6,"2"
"2021-08-01 22:12:29.243+00",6,"5"
"2021-08-01 22:12:29.243+00",1,"4"
"2021-08-01 22:12:29.243+00",6,"1"
"2021-08-01 22:12:29.243+00",6,"0"
"2021-08-01 22:12:59.243+00",1,"1"
"2021-08-01 22:12:59.243+00",1,"3"
"2021-08-01 22:12:59.243+00",1,"5"
"2021-08-01 22:12:59.243+00",1,"0"
"2021-08-01 22:12:59.243+00",1,"2"
"2021-08-01 22:12:59.243+00",1,"4"
"2021-08-01 22:13:29.243+00",2,"5"
"2021-08-01 22:13:29.243+00",1,"2"
"2021-08-01 22:13:29.243+00",2,"0"
"2021-08-01 22:13:29.243+00",2,"1"
"2021-08-01 22:13:29.243+00",1,"3"
"2021-08-01 22:13:29.243+00",1,"4"
"2021-08-01 22:13:59.243+00",1,"1"
"2021-08-01 22:13:59.243+00",1,"2"
"2021-08-01 22:13:59.243+00",1,"0"
"2021-08-01 22:13:59.243+00",1,"5"
"2021-08-01 22:13:59.243+00",1,"3"
"2021-08-01 22:13:59.243+00",1,"4"
"2021-08-01 22:14:29.243+00",1,"0"
"2021-08-01 22:14:29.243+00",1,"1"
"2021-08-01 22:14:29.243+00",1,"5"
"2021-08-01 22:14:29.243+00",1,"3"
"2021-08-01 22:14:29.243+00",1,"4"
"2021-08-01 22:14:29.243+00",1,"2"
"2021-08-01 22:14:59.243+00",1,"2"
"2021-08-01 22:14:59.243+00",1,"0"
"2021-08-01 22:14:59.243+00",1,"1"
"2021-08-01 22:14:59.243+00",1,"3"
"2021-08-01 22:14:59.243+00",1,"5"
"2021-08-01 22:14:59.243+00",1,"4"
"2021-08-01 22:15:29.243+00",1,"3"
"2021-08-01 22:15:29.243+00",1,"5"
"2021-08-01 22:15:29.243+00",1,"4"
"2021-08-01 22:15:29.243+00",1,"2"
"2021-08-01 22:15:29.243+00",1,"1"
"2021-08-01 22:15:29.243+00",1,"0"
"2021-08-01 22:15:59.243+00",1,"4"
"2021-08-01 22:15:59.243+00",1,"3"
"2021-08-01 22:15:59.243+00",1,"5"
"2021-08-01 22:15:59.243+00",1,"2"
"2021-08-01 22:15:59.243+00",1,"1"
"2021-08-01 22:15:59.243+00",1,"0"
"2021-08-01 22:16:29.243+00",1,"4"
"2021-08-01 22:16:29.243+00",1,"1"
"2021-08-01 22:16:29.243+00",1,"5"
"2021-08-01 22:16:29.243+00",1,"3"
"2021-08-01 22:16:29.243+00",1,"2"
"2021-08-01 22:16:29.243+00",1,"0"
"2021-08-01 22:16:59.243+00",6,"2"
"2021-08-01 22:16:59.243+00",1,"4"
"2021-08-01 22:16:59.243+00",5,"3"
"2021-08-01 22:16:59.243+00",2,"5"
"2021-08-01 22:16:59.243+00",2,"1"
"2021-08-01 22:16:59.243+00",2,"0"
"2021-08-01 22:17:29.243+00",8,"0"
"2021-08-01 22:17:29.243+00",6,"1"
"2021-08-01 22:17:29.243+00",6,"5"
"2021-08-01 22:17:29.243+00",5,"3"
"2021-08-01 22:17:29.243+00",1,"4"
"2021-08-01 22:17:29.243+00",7,"2"
"2021-08-01 22:17:59.243+00",1,"2"
"2021-08-01 22:17:59.243+00",1,"0"
"2021-08-01 22:17:59.243+00",1,"5"
"2021-08-01 22:17:59.243+00",1,"3"
"2021-08-01 22:17:59.243+00",1,"1"
"2021-08-01 22:17:59.243+00",1,"4"
"2021-08-01 22:18:29.243+00",1,"2"
"2021-08-01 22:18:29.243+00",1,"1"
"2021-08-01 22:18:29.243+00",1,"5"
"2021-08-01 22:18:29.243+00",1,"3"
"2021-08-01 22:18:29.243+00",1,"4"
"2021-08-01 22:18:29.243+00",1,"0"
"2021-08-01 22:18:59.243+00",1,"2"
"2021-08-01 22:18:59.243+00",1,"1"
"2021-08-01 22:18:59.243+00",1,"5"
"2021-08-01 22:18:59.243+00",1,"3"
"2021-08-01 22:18:59.243+00",1,"0"
"2021-08-01 22:18:59.243+00",1,"4"
"2021-08-01 22:19:29.243+00",7,"5"
"2021-08-01 22:19:29.243+00",1,"4"
"2021-08-01 22:19:29.243+00",7,"3"
"2021-08-01 22:19:29.243+00",6,"0"
"2021-08-01 22:19:29.243+00",6,"2"
"2021-08-01 22:19:29.243+00",6,"1"
"2021-08-01 22:19:59.243+00",6,"0"
"2021-08-01 22:19:59.243+00",6,"5"
"2021-08-01 22:19:59.243+00",6,"1"
"2021-08-01 22:19:59.243+00",1,"3"
"2021-08-01 22:19:59.243+00",1,"4"
"2021-08-01 22:19:59.243+00",1,"2"
"2021-08-01 22:20:29.243+00",1,"2"
"2021-08-01 22:20:29.243+00",1,"3"
"2021-08-01 22:20:29.243+00",1,"5"
"2021-08-01 22:20:29.243+00",1,"1"
"2021-08-01 22:20:29.243+00",1,"0"
"2021-08-01 22:20:29.243+00",1,"4"
"2021-08-01 22:20:59.243+00",6,"1"
"2021-08-01 22:20:59.243+00",1,"4"
"2021-08-01 22:20:59.243+00",6,"2"
"2021-08-01 22:20:59.243+00",6,"0"
"2021-08-01 22:20:59.243+00",6,"5"
"2021-08-01 22:20:59.243+00",6,"3"
"2021-08-01 22:21:29.243+00",1,"1"
"2021-08-01 22:21:29.243+00",1,"0"
"2021-08-01 22:21:29.243+00",1,"3"
"2021-08-01 22:21:29.243+00",1,"2"
"2021-08-01 22:21:29.243+00",1,"4"
"2021-08-01 22:21:29.243+00",1,"5"
"2021-08-01 22:21:59.243+00",1,"0"
"2021-08-01 22:21:59.243+00",1,"2"
"2021-08-01 22:21:59.243+00",1,"1"
"2021-08-01 22:21:59.243+00",1,"5"
"2021-08-01 22:21:59.243+00",1,"3"
"2021-08-01 22:21:59.243+00",1,"4"
"2021-08-01 22:22:29.243+00",1,"2"
"2021-08-01 22:22:29.243+00",1,"5"
"2021-08-01 22:22:29.243+00",1,"3"
"2021-08-01 22:22:29.243+00",1,"0"
"2021-08-01 22:22:29.243+00",1,"4"
"2021-08-01 22:22:29.243+00",1,"1"
"2021-08-01 22:22:59.243+00",1,"5"
"2021-08-01 22:22:59.243+00",1,"4"
"2021-08-01 22:22:59.243+00",1,"3"
"2021-08-01 22:22:59.243+00",1,"1"
"2021-08-01 22:22:59.243+00",1,"2"
"2021-08-01 22:22:59.243+00",1,"0"
"2021-08-01 22:23:29.243+00",1,"0"
"2021-08-01 22:23:29.243+00",1,"3"
"2021-08-01 22:23:29.243+00",1,"2"
"2021-08-01 22:23:29.243+00",1,"1"
"2021-08-01 22:23:29.243+00",1,"4"
"2021-08-01 22:23:29.243+00",1,"5"
"2021-08-01 22:23:59.243+00",1,"1"
"2021-08-01 22:23:59.243+00",1,"5"
"2021-08-01 22:23:59.243+00",1,"3"
"2021-08-01 22:23:59.243+00",1,"0"
"2021-08-01 22:23:59.243+00",1,"2"
"2021-08-01 22:23:59.243+00",1,"4"
"2021-08-01 22:24:29.243+00",1,"2"
"2021-08-01 22:24:29.243+00",1,"4"
"2021-08-01 22:24:29.243+00",1,"0"
"2021-08-01 22:24:29.243+00",1,"3"
"2021-08-01 22:24:29.243+00",1,"5"
"2021-08-01 22:24:29.243+00",1,"1"
"2021-08-01 22:24:59.243+00",1,"0"
"2021-08-01 22:24:59.243+00",1,"2"
"2021-08-01 22:24:59.243+00",1,"4"
"2021-08-01 22:24:59.243+00",1,"5"
"2021-08-01 22:24:59.243+00",1,"1"
"2021-08-01 22:24:59.243+00",1,"3"
"2021-08-01 22:25:29.243+00",1,"0"
"2021-08-01 22:25:29.243+00",1,"5"
"2021-08-01 22:25:29.243+00",1,"2"
"2021-08-01 22:25:29.243+00",1,"3"
"2021-08-01 22:25:29.243+00",1,"4"
"2021-08-01 22:25:29.243+00",1,"1"
"2021-08-01 22:25:59.243+00",1,"2"
"2021-08-01 22:25:59.243+00",1,"3"
"2021-08-01 22:25:59.243+00",1,"5"
"2021-08-01 22:25:59.243+00",1,"1"
"2021-08-01 22:25:59.243+00",1,"4"
"2021-08-01 22:25:59.243+00",1,"0"
"2021-08-01 22:26:29.243+00",1,"0"
"2021-08-01 22:26:29.243+00",1,"3"
"2021-08-01 22:26:29.243+00",1,"5"
"2021-08-01 22:26:29.243+00",1,"1"
"2021-08-01 22:26:29.243+00",1,"4"
"2021-08-01 22:26:29.243+00",1,"2"
"2021-08-01 22:26:59.243+00",5,"3"
"2021-08-01 22:26:59.243+00",6,"0"
"2021-08-01 22:26:59.243+00",1,"2"
"2021-08-01 22:26:59.243+00",1,"4"
"2021-08-01 22:26:59.243+00",3,"5"
"2021-08-01 22:26:59.243+00",5,"1"
"2021-08-01 22:27:29.243+00",6,"0"
"2021-08-01 22:27:29.243+00",7,"2"
"2021-08-01 22:27:29.243+00",2,"4"
"2021-08-01 22:27:29.243+00",7,"3"
"2021-08-01 22:27:29.243+00",8,"5"
"2021-08-01 22:27:29.243+00",7,"1"
"2021-08-01 22:27:59.243+00",7,"5"
"2021-08-01 22:27:59.243+00",7,"0"
"2021-08-01 22:27:59.243+00",7,"1"
"2021-08-01 22:27:59.243+00",1,"3"
"2021-08-01 22:27:59.243+00",1,"2"
"2021-08-01 22:27:59.243+00",1,"4"
"2021-08-01 22:28:29.243+00",1,"3"
"2021-08-01 22:28:29.243+00",1,"5"
"2021-08-01 22:28:29.243+00",1,"1"
"2021-08-01 22:28:29.243+00",1,"0"
"2021-08-01 22:28:29.243+00",1,"2"
"2021-08-01 22:28:29.243+00",1,"4"
"2021-08-01 22:28:59.243+00",6,"2"
"2021-08-01 22:28:59.243+00",1,"4"
"2021-08-01 22:28:59.243+00",6,"0"
"2021-08-01 22:28:59.243+00",6,"3"
"2021-08-01 22:28:59.243+00",6,"5"
"2021-08-01 22:28:59.243+00",6,"1"
"2021-08-01 22:29:29.243+00",1,"3"
"2021-08-01 22:29:29.243+00",1,"5"
"2021-08-01 22:29:29.243+00",1,"1"
"2021-08-01 22:29:29.243+00",1,"0"
"2021-08-01 22:29:29.243+00",1,"2"
"2021-08-01 22:29:29.243+00",2,"4"
"2021-08-01 22:29:59.245+00",1,"3"
"2021-08-01 22:29:59.245+00",6,"5"
"2021-08-01 22:29:59.245+00",7,"1"
"2021-08-01 22:29:59.245+00",8,"0"
"2021-08-01 22:29:59.245+00",1,"2"
"2021-08-01 22:29:59.245+00",1,"4"
"2021-08-01 22:30:29.243+00",1,"3"
"2021-08-01 22:30:29.243+00",1,"0"
"2021-08-01 22:30:29.243+00",1,"2"
"2021-08-01 22:30:29.243+00",1,"4"
"2021-08-01 22:30:29.243+00",1,"5"
"2021-08-01 22:30:29.243+00",1,"1"
"2021-08-01 22:30:59.248+00",6,"2"
"2021-08-01 22:30:59.248+00",1,"4"
"2021-08-01 22:30:59.248+00",6,"5"
"2021-08-01 22:30:59.248+00",6,"3"
"2021-08-01 22:30:59.248+00",6,"1"
"2021-08-01 22:30:59.248+00",6,"0"
"2021-08-01 22:31:29.243+00",1,"5"
"2021-08-01 22:31:29.243+00",1,"0"
"2021-08-01 22:31:29.243+00",1,"2"
"2021-08-01 22:31:29.243+00",1,"4"
"2021-08-01 22:31:29.243+00",1,"3"
"2021-08-01 22:31:29.243+00",1,"1"
"2021-08-01 22:31:59.243+00",1,"5"
"2021-08-01 22:31:59.243+00",1,"3"
"2021-08-01 22:31:59.243+00",1,"1"
"2021-08-01 22:31:59.243+00",1,"0"
"2021-08-01 22:31:59.243+00",1,"2"
"2021-08-01 22:31:59.243+00",1,"4"
"2021-08-01 22:32:29.243+00",1,"5"
"2021-08-01 22:32:29.243+00",1,"0"
"2021-08-01 22:32:29.243+00",1,"2"
"2021-08-01 22:32:29.243+00",1,"4"
"2021-08-01 22:32:29.243+00",1,"3"
"2021-08-01 22:32:29.243+00",1,"1"
"2021-08-01 22:32:59.243+00",1,"5"
"2021-08-01 22:32:59.243+00",1,"0"
"2021-08-01 22:32:59.243+00",1,"2"
"2021-08-01 22:32:59.243+00",1,"4"
"2021-08-01 22:32:59.243+00",1,"3"
"2021-08-01 22:32:59.243+00",1,"1"
"2021-08-01 22:33:29.243+00",1,"3"
"2021-08-01 22:33:29.243+00",1,"5"
"2021-08-01 22:33:29.243+00",1,"2"
"2021-08-01 22:33:29.243+00",1,"4"
"2021-08-01 22:33:29.243+00",1,"0"
"2021-08-01 22:33:29.243+00",1,"1"
"2021-08-01 22:33:59.243+00",1,"0"
"2021-08-01 22:33:59.243+00",2,"3"
"2021-08-01 22:33:59.243+00",1,"5"
"2021-08-01 22:33:59.243+00",1,"1"
"2021-08-01 22:33:59.243+00",2,"2"
"2021-08-01 22:33:59.243+00",1,"4"
"2021-08-01 22:34:29.243+00",1,"5"
"2021-08-01 22:34:29.243+00",1,"0"
"2021-08-01 22:34:29.243+00",1,"2"
"2021-08-01 22:34:29.243+00",1,"3"
"2021-08-01 22:34:29.243+00",1,"4"
"2021-08-01 22:34:29.243+00",1,"1"
"2021-08-01 22:34:59.243+00",1,"3"
"2021-08-01 22:34:59.243+00",1,"5"
"2021-08-01 22:34:59.243+00",1,"1"
"2021-08-01 22:34:59.243+00",1,"0"
"2021-08-01 22:34:59.243+00",1,"2"
"2021-08-01 22:34:59.243+00",1,"4"
"2021-08-01 22:35:29.243+00",1,"3"
"2021-08-01 22:35:29.243+00",1,"5"
"2021-08-01 22:35:29.243+00",1,"1"
"2021-08-01 22:35:29.243+00",1,"0"
"2021-08-01 22:35:29.243+00",1,"2"
"2021-08-01 22:35:29.243+00",1,"4"
"2021-08-01 22:35:59.245+00",1,"3"
"2021-08-01 22:35:59.245+00",1,"5"
"2021-08-01 22:35:59.245+00",1,"1"
"2021-08-01 22:35:59.245+00",1,"2"
"2021-08-01 22:35:59.245+00",1,"4"
"2021-08-01 22:35:59.245+00",1,"0"
"2021-08-01 22:36:29.243+00",6,"3"
"2021-08-01 22:36:29.243+00",6,"5"
"2021-08-01 22:36:29.243+00",6,"1"
"2021-08-01 22:36:29.243+00",6,"0"
"2021-08-01 22:36:29.243+00",6,"2"
"2021-08-01 22:36:29.243+00",1,"4"
"2021-08-01 22:36:59.247+00",6,"3"
"2021-08-01 22:36:59.247+00",6,"5"
"2021-08-01 22:36:59.247+00",6,"1"
"2021-08-01 22:36:59.247+00",6,"0"
"2021-08-01 22:36:59.247+00",6,"2"
"2021-08-01 22:36:59.247+00",1,"4"
"2021-08-01 22:37:29.243+00",6,"0"
"2021-08-01 22:37:29.243+00",7,"3"
"2021-08-01 22:37:29.243+00",6,"5"
"2021-08-01 22:37:29.243+00",7,"1"
"2021-08-01 22:37:29.243+00",7,"2"
"2021-08-01 22:37:29.243+00",2,"4"
"2021-08-01 22:37:59.243+00",6,"5"
"2021-08-01 22:37:59.243+00",2,"3"
"2021-08-01 22:37:59.243+00",2,"2"
"2021-08-01 22:37:59.243+00",6,"1"
"2021-08-01 22:37:59.243+00",1,"4"
"2021-08-01 22:37:59.243+00",7,"0"
"2021-08-01 22:38:29.243+00",1,"4"
"2021-08-01 22:38:29.243+00",1,"2"
"2021-08-01 22:38:29.243+00",1,"0"
"2021-08-01 22:38:29.243+00",1,"1"
"2021-08-01 22:38:29.243+00",1,"5"
"2021-08-01 22:38:29.243+00",1,"3"
"2021-08-01 22:38:59.243+00",6,"3"
"2021-08-01 22:38:59.243+00",6,"2"
"2021-08-01 22:38:59.243+00",1,"4"
"2021-08-01 22:38:59.243+00",6,"5"
"2021-08-01 22:38:59.243+00",6,"1"
"2021-08-01 22:38:59.243+00",6,"0"
"2021-08-01 22:39:29.248+00",6,"0"
"2021-08-01 22:39:29.248+00",6,"5"
"2021-08-01 22:39:29.248+00",6,"3"
"2021-08-01 22:39:29.248+00",1,"4"
"2021-08-01 22:39:29.248+00",6,"2"
"2021-08-01 22:39:29.248+00",6,"1"
"2021-08-01 22:39:59.243+00",1,"5"
"2021-08-01 22:39:59.243+00",2,"2"
"2021-08-01 22:39:59.243+00",1,"0"
"2021-08-01 22:39:59.243+00",1,"1"
"2021-08-01 22:39:59.243+00",2,"3"
"2021-08-01 22:39:59.243+00",1,"4"
"2021-08-01 22:40:29.243+00",3,"1"
"2021-08-01 22:40:29.243+00",6,"3"
"2021-08-01 22:40:29.243+00",5,"5"
"2021-08-01 22:40:29.243+00",1,"4"
"2021-08-01 22:40:29.243+00",2,"2"
"2021-08-01 22:40:29.243+00",6,"0"
"2021-08-01 22:40:59.243+00",1,"0"
"2021-08-01 22:40:59.243+00",1,"2"
"2021-08-01 22:40:59.243+00",1,"4"
"2021-08-01 22:40:59.243+00",1,"3"
"2021-08-01 22:40:59.243+00",1,"5"
"2021-08-01 22:40:59.243+00",1,"1"
"2021-08-01 22:41:29.243+00",1,"3"
"2021-08-01 22:41:29.243+00",1,"2"
"2021-08-01 22:41:29.243+00",1,"4"
"2021-08-01 22:41:29.243+00",1,"5"
"2021-08-01 22:41:29.243+00",1,"1"
"2021-08-01 22:41:29.243+00",1,"0"
"2021-08-01 22:41:59.243+00",1,"0"
"2021-08-01 22:41:59.243+00",1,"5"
"2021-08-01 22:41:59.243+00",1,"1"
"2021-08-01 22:41:59.243+00",1,"3"
"2021-08-01 22:41:59.243+00",1,"4"
"2021-08-01 22:41:59.243+00",1,"2"
"2021-08-01 22:42:29.243+00",1,"3"
"2021-08-01 22:42:29.243+00",1,"5"
"2021-08-01 22:42:29.243+00",1,"1"
"2021-08-01 22:42:29.243+00",1,"2"
"2021-08-01 22:42:29.243+00",1,"4"
"2021-08-01 22:42:29.243+00",1,"0"
"2021-08-01 22:42:59.243+00",1,"1"
"2021-08-01 22:42:59.243+00",1,"0"
"2021-08-01 22:42:59.243+00",1,"4"
"2021-08-01 22:42:59.243+00",1,"2"
"2021-08-01 22:42:59.243+00",1,"3"
"2021-08-01 22:42:59.243+00",1,"5"
"2021-08-01 22:43:29.243+00",1,"1"
"2021-08-01 22:43:29.243+00",1,"3"
"2021-08-01 22:43:29.243+00",1,"2"
"2021-08-01 22:43:29.243+00",1,"0"
"2021-08-01 22:43:29.243+00",1,"5"
"2021-08-01 22:43:29.243+00",1,"4"
"2021-08-01 22:43:59.243+00",1,"4"
"2021-08-01 22:43:59.243+00",1,"2"
"2021-08-01 22:43:59.243+00",1,"0"
"2021-08-01 22:43:59.243+00",1,"1"
"2021-08-01 22:43:59.243+00",1,"5"
"2021-08-01 22:43:59.243+00",1,"3"
"2021-08-01 22:44:29.243+00",1,"1"
"2021-08-01 22:44:29.243+00",1,"5"
"2021-08-01 22:44:29.243+00",1,"2"
"2021-08-01 22:44:29.243+00",1,"0"
"2021-08-01 22:44:29.243+00",1,"4"
"2021-08-01 22:44:29.243+00",1,"3"
"2021-08-01 22:44:59.243+00",1,"0"
"2021-08-01 22:44:59.243+00",1,"2"
"2021-08-01 22:44:59.243+00",1,"4"
"2021-08-01 22:44:59.243+00",1,"3"
"2021-08-01 22:44:59.243+00",1,"5"
"2021-08-01 22:44:59.243+00",1,"1"
"2021-08-01 22:45:29.243+00",1,"3"
"2021-08-01 22:45:29.243+00",1,"2"
"2021-08-01 22:45:29.243+00",1,"4"
"2021-08-01 22:45:29.243+00",1,"5"
"2021-08-01 22:45:29.243+00",1,"1"
"2021-08-01 22:45:29.243+00",1,"0"
"2021-08-01 22:45:59.243+00",2,"2"
"2021-08-01 22:45:59.243+00",1,"4"
"2021-08-01 22:45:59.243+00",2,"3"
"2021-08-01 22:45:59.243+00",1,"0"
"2021-08-01 22:45:59.243+00",1,"1"
"2021-08-01 22:45:59.243+00",1,"5"
"2021-08-01 22:46:29.243+00",1,"5"
"2021-08-01 22:46:29.243+00",1,"2"
"2021-08-01 22:46:29.243+00",1,"4"
"2021-08-01 22:46:29.243+00",1,"1"
"2021-08-01 22:46:29.243+00",1,"3"
"2021-08-01 22:46:29.243+00",1,"0"
"2021-08-01 22:46:59.243+00",1,"5"
"2021-08-01 22:46:59.243+00",1,"4"
"2021-08-01 22:46:59.243+00",2,"2"
"2021-08-01 22:46:59.243+00",1,"0"
"2021-08-01 22:46:59.243+00",2,"3"
"2021-08-01 22:46:59.243+00",1,"1"
"2021-08-01 22:47:29.243+00",1,"3"
"2021-08-01 22:47:29.243+00",1,"4"
"2021-08-01 22:47:29.243+00",1,"2"
"2021-08-01 22:47:29.243+00",1,"0"
"2021-08-01 22:47:29.243+00",1,"5"
"2021-08-01 22:47:29.243+00",1,"1"
"2021-08-01 22:47:59.243+00",1,"1"
"2021-08-01 22:47:59.243+00",1,"5"
"2021-08-01 22:47:59.243+00",1,"3"
"2021-08-01 22:47:59.243+00",1,"0"
"2021-08-01 22:47:59.243+00",1,"4"
"2021-08-01 22:47:59.243+00",1,"2"
"2021-08-01 22:48:29.243+00",1,"4"
"2021-08-01 22:48:29.243+00",1,"5"
"2021-08-01 22:48:29.243+00",1,"1"
"2021-08-01 22:48:29.243+00",1,"0"
"2021-08-01 22:48:29.243+00",1,"2"
"2021-08-01 22:48:29.243+00",1,"3"
"2021-08-01 22:48:59.243+00",1,"3"
"2021-08-01 22:48:59.243+00",1,"0"
"2021-08-01 22:48:59.243+00",1,"2"
"2021-08-01 22:48:59.243+00",1,"4"
"2021-08-01 22:48:59.243+00",1,"1"
"2021-08-01 22:48:59.243+00",1,"5"
"2021-08-01 22:49:29.243+00",1,"3"
"2021-08-01 22:49:29.243+00",1,"4"
"2021-08-01 22:49:29.243+00",1,"2"
"2021-08-01 22:49:29.243+00",1,"0"
"2021-08-01 22:49:29.243+00",1,"5"
"2021-08-01 22:49:29.243+00",1,"1"
"2021-08-01 22:49:59.243+00",1,"0"
"2021-08-01 22:49:59.243+00",2,"2"
"2021-08-01 22:49:59.243+00",1,"4"
"2021-08-01 22:49:59.243+00",2,"3"
"2021-08-01 22:49:59.243+00",1,"5"
"2021-08-01 22:49:59.243+00",1,"1"
"2021-08-01 22:50:29.243+00",1,"1"
"2021-08-01 22:50:29.243+00",1,"0"
"2021-08-01 22:50:29.243+00",1,"3"
"2021-08-01 22:50:29.243+00",1,"5"
"2021-08-01 22:50:29.243+00",1,"2"
"2021-08-01 22:50:29.243+00",1,"4"
"2021-08-01 22:50:59.243+00",1,"2"
"2021-08-01 22:50:59.243+00",1,"4"
"2021-08-01 22:50:59.243+00",1,"0"
"2021-08-01 22:50:59.243+00",1,"1"
"2021-08-01 22:50:59.243+00",1,"5"
"2021-08-01 22:50:59.243+00",1,"3"
"2021-08-01 22:51:29.243+00",1,"4"
"2021-08-01 22:51:29.243+00",1,"1"
"2021-08-01 22:51:29.243+00",1,"3"
"2021-08-01 22:51:29.243+00",1,"5"
"2021-08-01 22:51:29.243+00",1,"0"
"2021-08-01 22:51:29.243+00",1,"2"
"2021-08-01 22:51:59.243+00",1,"4"
"2021-08-01 22:51:59.243+00",1,"2"
"2021-08-01 22:51:59.243+00",1,"5"
"2021-08-01 22:51:59.243+00",1,"0"
"2021-08-01 22:51:59.243+00",1,"3"
"2021-08-01 22:51:59.243+00",1,"1"
"2021-08-01 22:52:29.243+00",6,"1"
"2021-08-01 22:52:29.243+00",6,"5"
"2021-08-01 22:52:29.243+00",2,"3"
"2021-08-01 22:52:29.243+00",1,"4"
"2021-08-01 22:52:29.243+00",2,"2"
"2021-08-01 22:52:29.243+00",6,"0"
"2021-08-01 22:52:59.243+00",1,"4"
"2021-08-01 22:52:59.243+00",1,"5"
"2021-08-01 22:52:59.243+00",1,"3"
"2021-08-01 22:52:59.243+00",1,"1"
"2021-08-01 22:52:59.243+00",1,"0"
"2021-08-01 22:52:59.243+00",1,"2"
"2021-08-01 22:53:29.243+00",1,"2"
"2021-08-01 22:53:29.243+00",1,"1"
"2021-08-01 22:53:29.243+00",1,"3"
"2021-08-01 22:53:29.243+00",1,"4"
"2021-08-01 22:53:29.243+00",1,"5"
"2021-08-01 22:53:29.243+00",1,"0"
"2021-08-01 22:53:59.243+00",2,"3"
"2021-08-01 22:53:59.243+00",1,"1"
"2021-08-01 22:53:59.243+00",1,"4"
"2021-08-01 22:53:59.243+00",2,"2"
"2021-08-01 22:53:59.243+00",1,"0"
"2021-08-01 22:53:59.243+00",1,"5"
"2021-08-01 22:54:29.243+00",2,"3"
"2021-08-01 22:54:29.243+00",1,"0"
"2021-08-01 22:54:29.243+00",1,"4"
"2021-08-01 22:54:29.243+00",2,"2"
"2021-08-01 22:54:29.243+00",1,"1"
"2021-08-01 22:54:29.243+00",1,"5"
"2021-08-01 22:54:59.243+00",1,"1"
"2021-08-01 22:54:59.243+00",2,"3"
"2021-08-01 22:54:59.243+00",1,"4"
"2021-08-01 22:54:59.243+00",2,"2"
"2021-08-01 22:54:59.243+00",1,"0"
"2021-08-01 22:54:59.243+00",1,"5"
"2021-08-01 22:55:29.243+00",1,"1"
"2021-08-01 22:55:29.243+00",1,"4"
"2021-08-01 22:55:29.243+00",1,"2"
"2021-08-01 22:55:29.243+00",1,"0"
"2021-08-01 22:55:29.243+00",1,"5"
"2021-08-01 22:55:29.243+00",1,"3"
"2021-08-01 22:55:59.243+00",1,"5"
"2021-08-01 22:55:59.243+00",1,"1"
"2021-08-01 22:55:59.243+00",1,"0"
"2021-08-01 22:55:59.243+00",2,"2"
"2021-08-01 22:55:59.243+00",1,"4"
"2021-08-01 22:55:59.243+00",2,"3"
"2021-08-01 22:56:29.243+00",1,"3"
"2021-08-01 22:56:29.243+00",1,"0"
"2021-08-01 22:56:29.243+00",1,"2"
"2021-08-01 22:56:29.243+00",1,"4"
"2021-08-01 22:56:29.243+00",1,"5"
"2021-08-01 22:56:29.243+00",1,"1"
"2021-08-01 22:56:59.243+00",1,"0"
"2021-08-01 22:56:59.243+00",1,"1"
"2021-08-01 22:56:59.243+00",1,"2"
"2021-08-01 22:56:59.243+00",1,"4"
"2021-08-01 22:56:59.243+00",1,"3"
"2021-08-01 22:56:59.243+00",1,"5"
"2021-08-01 22:57:29.243+00",1,"3"
"2021-08-01 22:57:29.243+00",1,"1"
"2021-08-01 22:57:29.243+00",1,"2"
"2021-08-01 22:57:29.243+00",1,"4"
"2021-08-01 22:57:29.243+00",1,"0"
"2021-08-01 22:57:29.243+00",1,"5"
"2021-08-01 22:57:59.243+00",1,"0"
"2021-08-01 22:57:59.243+00",1,"5"
"2021-08-01 22:57:59.243+00",1,"3"
"2021-08-01 22:57:59.243+00",1,"4"
"2021-08-01 22:57:59.243+00",1,"2"
"2021-08-01 22:57:59.243+00",1,"1"
"2021-08-01 22:58:29.243+00",1,"5"
"2021-08-01 22:58:29.243+00",1,"0"
"2021-08-01 22:58:29.243+00",1,"2"
"2021-08-01 22:58:29.243+00",1,"4"
"2021-08-01 22:58:29.243+00",1,"3"
"2021-08-01 22:58:29.243+00",1,"1"
"2021-08-01 22:58:59.243+00",1,"4"
"2021-08-01 22:58:59.243+00",1,"3"
"2021-08-01 22:58:59.243+00",1,"5"
"2021-08-01 22:58:59.243+00",1,"1"
"2021-08-01 22:58:59.243+00",1,"0"
"2021-08-01 22:58:59.243+00",1,"2"
"2021-08-01 22:59:29.243+00",2,"2"
"2021-08-01 22:59:29.243+00",6,"0"
"2021-08-01 22:59:29.243+00",6,"1"
"2021-08-01 22:59:29.243+00",6,"5"
"2021-08-01 22:59:29.243+00",1,"4"
"2021-08-01 22:59:29.243+00",2,"3"
"2021-08-01 22:59:59.243+00",1,"1"
"2021-08-01 22:59:59.243+00",2,"3"
"2021-08-01 22:59:59.243+00",2,"2"
"2021-08-01 22:59:59.243+00",1,"0"
"2021-08-01 22:59:59.243+00",1,"4"
"2021-08-01 22:59:59.243+00",1,"5"
"2021-08-01 23:00:29.243+00",1,"4"
"2021-08-01 23:00:29.243+00",1,"3"
"2021-08-01 23:00:29.243+00",1,"5"
"2021-08-01 23:00:29.243+00",1,"1"
"2021-08-01 23:00:29.243+00",1,"0"
"2021-08-01 23:00:29.243+00",1,"2"
"2021-08-01 23:00:59.243+00",1,"1"
"2021-08-01 23:00:59.243+00",1,"5"
"2021-08-01 23:00:59.243+00",1,"3"
"2021-08-01 23:00:59.243+00",1,"4"
"2021-08-01 23:00:59.243+00",1,"2"
"2021-08-01 23:00:59.243+00",1,"0"
"2021-08-01 23:01:29.243+00",1,"3"
"2021-08-01 23:01:29.243+00",1,"0"
"2021-08-01 23:01:29.243+00",1,"2"
"2021-08-01 23:01:29.243+00",1,"4"
"2021-08-01 23:01:29.243+00",1,"1"
"2021-08-01 23:01:29.243+00",1,"5"
"2021-08-01 23:01:59.243+00",1,"5"
"2021-08-01 23:01:59.243+00",1,"4"
"2021-08-01 23:01:59.243+00",1,"2"
"2021-08-01 23:01:59.243+00",1,"0"
"2021-08-01 23:01:59.243+00",1,"3"
"2021-08-01 23:01:59.243+00",1,"1"
"2021-08-01 23:02:29.243+00",1,"4"
"2021-08-01 23:02:29.243+00",1,"0"
"2021-08-01 23:02:29.243+00",1,"5"
"2021-08-01 23:02:29.243+00",1,"3"
"2021-08-01 23:02:29.243+00",1,"1"
"2021-08-01 23:02:29.243+00",1,"2"
"2021-08-01 23:02:59.243+00",1,"2"
"2021-08-01 23:02:59.243+00",1,"1"
"2021-08-01 23:02:59.243+00",1,"5"
"2021-08-01 23:02:59.243+00",1,"3"
"2021-08-01 23:02:59.243+00",1,"0"
"2021-08-01 23:02:59.243+00",1,"4"
"2021-08-01 23:03:29.243+00",1,"3"
"2021-08-01 23:03:29.243+00",1,"1"
"2021-08-01 23:03:29.243+00",1,"4"
"2021-08-01 23:03:29.243+00",1,"2"
"2021-08-01 23:03:29.243+00",1,"0"
"2021-08-01 23:03:29.243+00",1,"5"
"2021-08-01 23:03:59.246+00",1,"4"
"2021-08-01 23:03:59.246+00",1,"1"
"2021-08-01 23:03:59.246+00",1,"5"
"2021-08-01 23:03:59.246+00",1,"3"
"2021-08-01 23:03:59.246+00",1,"0"
"2021-08-01 23:03:59.246+00",2,"2"
"2021-08-01 23:04:29.243+00",1,"4"
"2021-08-01 23:04:29.243+00",1,"3"
"2021-08-01 23:04:29.243+00",1,"5"
"2021-08-01 23:04:29.243+00",1,"1"
"2021-08-01 23:04:29.243+00",1,"0"
"2021-08-01 23:04:29.243+00",1,"2"
"2021-08-01 23:04:59.243+00",1,"1"
"2021-08-01 23:04:59.243+00",1,"0"
"2021-08-01 23:04:59.243+00",1,"2"
"2021-08-01 23:04:59.243+00",1,"4"
"2021-08-01 23:04:59.243+00",1,"3"
"2021-08-01 23:04:59.243+00",1,"5"
"2021-08-01 23:05:29.243+00",1,"1"
"2021-08-01 23:05:29.243+00",1,"2"
"2021-08-01 23:05:29.243+00",1,"4"
"2021-08-01 23:05:29.243+00",1,"0"
"2021-08-01 23:05:29.243+00",1,"3"
"2021-08-01 23:05:29.243+00",1,"5"
"2021-08-01 23:05:59.243+00",1,"1"
"2021-08-01 23:05:59.243+00",1,"5"
"2021-08-01 23:05:59.243+00",1,"3"
"2021-08-01 23:05:59.243+00",1,"4"
"2021-08-01 23:05:59.243+00",1,"0"
"2021-08-01 23:05:59.243+00",1,"2"
"2021-08-01 23:06:29.243+00",8,"1"
"2021-08-01 23:06:29.243+00",7,"0"
"2021-08-01 23:06:29.243+00",1,"2"
"2021-08-01 23:06:29.243+00",1,"4"
"2021-08-01 23:06:29.243+00",1,"3"
"2021-08-01 23:06:29.243+00",6,"5"
"2021-08-01 23:06:59.243+00",1,"0"
"2021-08-01 23:06:59.243+00",1,"3"
"2021-08-01 23:06:59.243+00",1,"1"
"2021-08-01 23:06:59.243+00",1,"5"
"2021-08-01 23:06:59.243+00",1,"4"
"2021-08-01 23:06:59.243+00",1,"2"
"2021-08-01 23:07:29.243+00",1,"3"
"2021-08-01 23:07:29.243+00",2,"4"
"2021-08-01 23:07:29.243+00",1,"2"
"2021-08-01 23:07:29.243+00",1,"0"
"2021-08-01 23:07:29.243+00",1,"1"
"2021-08-01 23:07:29.243+00",1,"5"
"2021-08-01 23:07:59.243+00",1,"2"
"2021-08-01 23:07:59.243+00",1,"0"
"2021-08-01 23:07:59.243+00",1,"1"
"2021-08-01 23:07:59.243+00",1,"5"
"2021-08-01 23:07:59.243+00",1,"3"
"2021-08-01 23:07:59.243+00",1,"4"
"2021-08-01 23:08:29.243+00",1,"5"
"2021-08-01 23:08:29.243+00",1,"4"
"2021-08-01 23:08:29.243+00",1,"3"
"2021-08-01 23:08:29.243+00",1,"1"
"2021-08-01 23:08:29.243+00",1,"2"
"2021-08-01 23:08:29.243+00",1,"0"
"2021-08-01 23:08:59.243+00",1,"0"
"2021-08-01 23:08:59.243+00",1,"5"
"2021-08-01 23:08:59.243+00",1,"1"
"2021-08-01 23:08:59.243+00",1,"3"
"2021-08-01 23:08:59.243+00",1,"4"
"2021-08-01 23:08:59.243+00",1,"2"
"2021-08-01 23:09:29.243+00",6,"1"
"2021-08-01 23:09:29.243+00",6,"3"
"2021-08-01 23:09:29.243+00",1,"4"
"2021-08-01 23:09:29.243+00",6,"0"
"2021-08-01 23:09:29.243+00",6,"5"
"2021-08-01 23:09:29.243+00",6,"2"
"2021-08-01 23:09:59.243+00",1,"0"
"2021-08-01 23:09:59.243+00",1,"1"
"2021-08-01 23:09:59.243+00",1,"3"
"2021-08-01 23:09:59.243+00",1,"5"
"2021-08-01 23:09:59.243+00",1,"4"
"2021-08-01 23:09:59.243+00",1,"2"
"2021-08-01 23:10:29.243+00",1,"1"
"2021-08-01 23:10:29.243+00",1,"3"
"2021-08-01 23:10:29.243+00",1,"5"
"2021-08-01 23:10:29.243+00",1,"0"
"2021-08-01 23:10:29.243+00",1,"2"
"2021-08-01 23:10:29.243+00",1,"4"
"2021-08-01 23:10:59.243+00",1,"5"
"2021-08-01 23:10:59.243+00",1,"3"
"2021-08-01 23:10:59.243+00",1,"1"
"2021-08-01 23:10:59.243+00",1,"4"
"2021-08-01 23:10:59.243+00",1,"2"
"2021-08-01 23:10:59.243+00",1,"0"
"2021-08-01 23:11:29.243+00",1,"5"
"2021-08-01 23:11:29.243+00",1,"3"
"2021-08-01 23:11:29.243+00",1,"0"
"2021-08-01 23:11:29.243+00",1,"2"
"2021-08-01 23:11:29.243+00",1,"4"
"2021-08-01 23:11:29.243+00",1,"1"
"2021-08-01 23:11:59.243+00",2,"3"
"2021-08-01 23:11:59.243+00",1,"1"
"2021-08-01 23:11:59.243+00",1,"0"
"2021-08-01 23:11:59.243+00",2,"2"
"2021-08-01 23:11:59.243+00",1,"4"
"2021-08-01 23:11:59.243+00",6,"5"
"2021-08-01 23:12:29.243+00",1,"5"
"2021-08-01 23:12:29.243+00",1,"4"
"2021-08-01 23:12:29.243+00",1,"2"
"2021-08-01 23:12:29.243+00",1,"0"
"2021-08-01 23:12:29.243+00",1,"1"
"2021-08-01 23:12:29.243+00",1,"3"
"2021-08-01 23:12:59.243+00",1,"0"
"2021-08-01 23:12:59.243+00",1,"5"
"2021-08-01 23:12:59.243+00",1,"3"
"2021-08-01 23:12:59.243+00",1,"1"
"2021-08-01 23:12:59.243+00",1,"4"
"2021-08-01 23:12:59.243+00",1,"2"
"2021-08-01 23:13:29.243+00",1,"0"
"2021-08-01 23:13:29.243+00",1,"4"
"2021-08-01 23:13:29.243+00",1,"3"
"2021-08-01 23:13:29.243+00",1,"5"
"2021-08-01 23:13:29.243+00",1,"1"
"2021-08-01 23:13:29.243+00",1,"2"
"2021-08-01 23:13:59.243+00",1,"0"
"2021-08-01 23:13:59.243+00",1,"4"
"2021-08-01 23:13:59.243+00",2,"3"
"2021-08-01 23:13:59.243+00",1,"5"
"2021-08-01 23:13:59.243+00",1,"1"
"2021-08-01 23:13:59.243+00",2,"2"
"2021-08-01 23:14:29.243+00",1,"2"
"2021-08-01 23:14:29.243+00",1,"1"
"2021-08-01 23:14:29.243+00",1,"3"
"2021-08-01 23:14:29.243+00",1,"5"
"2021-08-01 23:14:29.243+00",1,"0"
"2021-08-01 23:14:29.243+00",1,"4"
"2021-08-01 23:14:59.243+00",1,"1"
"2021-08-01 23:14:59.243+00",1,"3"
"2021-08-01 23:14:59.243+00",1,"5"
"2021-08-01 23:14:59.243+00",1,"4"
"2021-08-01 23:14:59.243+00",1,"2"
"2021-08-01 23:14:59.243+00",1,"0"
