"time","completed_tasks","executor"
"2021-08-01 22:05:29.243+00",3719,"5"
"2021-08-01 22:05:29.243+00",4005,"3"
"2021-08-01 22:05:29.243+00",48,"4"
"2021-08-01 22:05:29.243+00",4040,"2"
"2021-08-01 22:05:29.243+00",3810,"0"
"2021-08-01 22:05:29.243+00",4170,"1"
"2021-08-01 22:05:59.243+00",4403,"3"
"2021-08-01 22:05:59.243+00",4081,"5"
"2021-08-01 22:05:59.243+00",4533,"1"
"2021-08-01 22:05:59.243+00",49,"4"
"2021-08-01 22:05:59.243+00",4193,"0"
"2021-08-01 22:05:59.243+00",4451,"2"
"2021-08-01 22:06:29.243+00",52,"4"
"2021-08-01 22:06:29.243+00",4966,"1"
"2021-08-01 22:06:29.243+00",4623,"0"
"2021-08-01 22:06:29.243+00",4518,"5"
"2021-08-01 22:06:29.243+00",4871,"3"
"2021-08-01 22:06:29.243+00",4908,"2"
"2021-08-01 22:06:59.243+00",5014,"0"
"2021-08-01 22:06:59.243+00",4900,"5"
"2021-08-01 22:06:59.243+00",5329,"2"
"2021-08-01 22:06:59.243+00",54,"4"
"2021-08-01 22:06:59.243+00",5280,"3"
"2021-08-01 22:06:59.243+00",5352,"1"
"2021-08-01 22:07:29.243+00",5792,"1"
"2021-08-01 22:07:29.243+00",5460,"0"
"2021-08-01 22:07:29.243+00",5802,"2"
"2021-08-01 22:07:29.243+00",56,"4"
"2021-08-01 22:07:29.243+00",5749,"3"
"2021-08-01 22:07:29.243+00",5340,"5"
"2021-08-01 22:07:59.243+00",5833,"0"
"2021-08-01 22:07:59.243+00",6164,"1"
"2021-08-01 22:07:59.243+00",5715,"5"
"2021-08-01 22:07:59.243+00",6211,"2"
"2021-08-01 22:07:59.243+00",6145,"3"
"2021-08-01 22:07:59.243+00",57,"4"
"2021-08-01 22:08:29.243+00",6618,"3"
"2021-08-01 22:08:29.243+00",6277,"0"
"2021-08-01 22:08:29.243+00",6671,"2"
"2021-08-01 22:08:29.243+00",60,"4"
"2021-08-01 22:08:29.243+00",6603,"1"
"2021-08-01 22:08:29.243+00",6143,"5"
"2021-08-01 22:08:59.243+00",9249,"2"
"2021-08-01 22:08:59.243+00",63,"4"
"2021-08-01 22:08:59.243+00",9070,"1"
"2021-08-01 22:08:59.243+00",9136,"3"
"2021-08-01 22:08:59.243+00",8559,"5"
"2021-08-01 22:08:59.243+00",8827,"0"
"2021-08-01 22:09:29.245+00",12098,"1"
"2021-08-01 22:09:29.245+00",11535,"5"
"2021-08-01 22:09:29.245+00",12216,"3"
"2021-08-01 22:09:29.245+00",11969,"0"
"2021-08-01 22:09:29.245+00",12387,"2"
"2021-08-01 22:09:29.245+00",64,"4"
"2021-08-01 22:09:59.243+00",14343,"1"
"2021-08-01 22:09:59.243+00",14382,"0"
"2021-08-01 22:09:59.243+00",14748,"2"
"2021-08-01 22:09:59.243+00",67,"4"
"2021-08-01 22:09:59.243+00",14550,"3"
"2021-08-01 22:09:59.243+00",13746,"5"
"2021-08-01 22:10:29.243+00",68,"4"
"2021-08-01 22:10:29.243+00",17111,"1"
"2021-08-01 22:10:29.243+00",16470,"5"
"2021-08-01 22:10:29.243+00",17354,"3"
"2021-08-01 22:10:29.243+00",17253,"0"
"2021-08-01 22:10:29.243+00",17642,"2"
"2021-08-01 22:10:59.243+00",19418,"5"
"2021-08-01 22:10:59.243+00",71,"4"
"2021-08-01 22:10:59.243+00",20764,"2"
"2021-08-01 22:10:59.243+00",20392,"0"
"2021-08-01 22:10:59.243+00",20129,"1"
"2021-08-01 22:10:59.243+00",20426,"3"
"2021-08-01 22:11:29.243+00",73,"4"
"2021-08-01 22:11:29.243+00",23944,"0"
"2021-08-01 22:11:29.243+00",22864,"5"
"2021-08-01 22:11:29.243+00",23961,"3"
"2021-08-01 22:11:29.243+00",24333,"2"
"2021-08-01 22:11:29.243+00",23635,"1"
"2021-08-01 22:11:59.243+00",26505,"2"
"2021-08-01 22:11:59.243+00",26102,"3"
"2021-08-01 22:11:59.243+00",24871,"5"
"2021-08-01 22:11:59.243+00",25722,"1"
"2021-08-01 22:11:59.243+00",26115,"0"
"2021-08-01 22:11:59.243+00",76,"4"
"2021-08-01 22:12:29.243+00",28496,"1"
"2021-08-01 22:12:29.243+00",79,"4"
"2021-08-01 22:12:29.243+00",29351,"2"
"2021-08-01 22:12:29.243+00",29010,"0"
"2021-08-01 22:12:29.243+00",28898,"3"
"2021-08-01 22:12:29.243+00",27635,"5"
"2021-08-01 22:12:59.243+00",82,"4"
"2021-08-01 22:12:59.243+00",32089,"3"
"2021-08-01 22:12:59.243+00",30837,"5"
"2021-08-01 22:12:59.243+00",32311,"0"
"2021-08-01 22:12:59.243+00",32595,"2"
"2021-08-01 22:12:59.243+00",31660,"1"
"2021-08-01 22:13:29.243+00",35182,"3"
"2021-08-01 22:13:29.243+00",84,"4"
"2021-08-01 22:13:29.243+00",35719,"2"
"2021-08-01 22:13:29.243+00",35456,"0"
"2021-08-01 22:13:29.243+00",33927,"5"
"2021-08-01 22:13:29.243+00",34704,"1"
"2021-08-01 22:13:59.243+00",36530,"3"
"2021-08-01 22:13:59.243+00",35990,"1"
"2021-08-01 22:13:59.243+00",37113,"2"
"2021-08-01 22:13:59.243+00",36844,"0"
"2021-08-01 22:13:59.243+00",35244,"5"
"2021-08-01 22:13:59.243+00",86,"4"
"2021-08-01 22:14:29.243+00",36976,"3"
"2021-08-01 22:14:29.243+00",37262,"0"
"2021-08-01 22:14:29.243+00",37558,"2"
"2021-08-01 22:14:29.243+00",89,"4"
"2021-08-01 22:14:29.243+00",36402,"1"
"2021-08-01 22:14:29.243+00",35657,"5"
"2021-08-01 22:14:59.243+00",91,"4"
"2021-08-01 22:14:59.243+00",37521,"3"
"2021-08-01 22:14:59.243+00",36173,"5"
"2021-08-01 22:14:59.243+00",36919,"1"
"2021-08-01 22:14:59.243+00",37778,"0"
"2021-08-01 22:14:59.243+00",38106,"2"
"2021-08-01 22:15:29.243+00",38527,"2"
"2021-08-01 22:15:29.243+00",37946,"3"
"2021-08-01 22:15:29.243+00",36569,"5"
"2021-08-01 22:15:29.243+00",37312,"1"
"2021-08-01 22:15:29.243+00",38172,"0"
"2021-08-01 22:15:29.243+00",93,"4"
"2021-08-01 22:15:59.243+00",37590,"1"
"2021-08-01 22:15:59.243+00",38453,"0"
"2021-08-01 22:15:59.243+00",94,"4"
"2021-08-01 22:15:59.243+00",38250,"3"
"2021-08-01 22:15:59.243+00",38835,"2"
"2021-08-01 22:15:59.243+00",36850,"5"
"2021-08-01 22:16:29.243+00",40534,"1"
"2021-08-01 22:16:29.243+00",41877,"2"
"2021-08-01 22:16:29.243+00",41527,"0"
"2021-08-01 22:16:29.243+00",41296,"3"
"2021-08-01 22:16:29.243+00",39818,"5"
"2021-08-01 22:16:29.243+00",98,"4"
"2021-08-01 22:16:59.243+00",44987,"0"
"2021-08-01 22:16:59.243+00",43876,"1"
"2021-08-01 22:16:59.243+00",43190,"5"
"2021-08-01 22:16:59.243+00",99,"4"
"2021-08-01 22:16:59.243+00",44720,"3"
"2021-08-01 22:16:59.243+00",45346,"2"
"2021-08-01 22:17:29.243+00",46434,"3"
"2021-08-01 22:17:29.243+00",101,"4"
"2021-08-01 22:17:29.243+00",47078,"2"
"2021-08-01 22:17:29.243+00",46751,"0"
"2021-08-01 22:17:29.243+00",45492,"1"
"2021-08-01 22:17:29.243+00",44812,"5"
"2021-08-01 22:17:59.243+00",104,"4"
"2021-08-01 22:17:59.243+00",49196,"2"
"2021-08-01 22:17:59.243+00",48866,"0"
"2021-08-01 22:17:59.243+00",48513,"3"
"2021-08-01 22:17:59.243+00",46834,"5"
"2021-08-01 22:17:59.243+00",47508,"1"
"2021-08-01 22:18:29.243+00",50687,"5"
"2021-08-01 22:18:29.243+00",52428,"3"
"2021-08-01 22:18:29.243+00",52849,"0"
"2021-08-01 22:18:29.243+00",53165,"2"
"2021-08-01 22:18:29.243+00",106,"4"
"2021-08-01 22:18:29.243+00",51357,"1"
"2021-08-01 22:18:59.243+00",54526,"1"
"2021-08-01 22:18:59.243+00",108,"4"
"2021-08-01 22:18:59.243+00",55622,"3"
"2021-08-01 22:18:59.243+00",56421,"2"
"2021-08-01 22:18:59.243+00",56127,"0"
"2021-08-01 22:18:59.243+00",53883,"5"
"2021-08-01 22:19:29.243+00",109,"4"
"2021-08-01 22:19:29.243+00",58008,"2"
"2021-08-01 22:19:29.243+00",55400,"5"
"2021-08-01 22:19:29.243+00",56057,"1"
"2021-08-01 22:19:29.243+00",57145,"3"
"2021-08-01 22:19:29.243+00",57752,"0"
"2021-08-01 22:19:59.243+00",112,"4"
"2021-08-01 22:19:59.243+00",60331,"0"
"2021-08-01 22:19:59.243+00",60655,"2"
"2021-08-01 22:19:59.243+00",59773,"3"
"2021-08-01 22:19:59.243+00",57961,"5"
"2021-08-01 22:19:59.243+00",58553,"1"
"2021-08-01 22:20:29.243+00",63276,"3"
"2021-08-01 22:20:29.243+00",61488,"5"
"2021-08-01 22:20:29.243+00",62058,"1"
"2021-08-01 22:20:29.243+00",63956,"0"
"2021-08-01 22:20:29.243+00",64219,"2"
"2021-08-01 22:20:29.243+00",115,"4"
"2021-08-01 22:20:59.243+00",67289,"2"
"2021-08-01 22:20:59.243+00",67003,"0"
"2021-08-01 22:20:59.243+00",65061,"1"
"2021-08-01 22:20:59.243+00",66292,"3"
"2021-08-01 22:20:59.243+00",116,"4"
"2021-08-01 22:20:59.243+00",64511,"5"
"2021-08-01 22:21:29.243+00",65618,"1"
"2021-08-01 22:21:29.243+00",65077,"5"
"2021-08-01 22:21:29.243+00",120,"4"
"2021-08-01 22:21:29.243+00",66901,"3"
"2021-08-01 22:21:29.243+00",67589,"0"
"2021-08-01 22:21:29.243+00",67890,"2"
"2021-08-01 22:21:59.243+00",121,"4"
"2021-08-01 22:21:59.243+00",65971,"1"
"2021-08-01 22:21:59.243+00",65437,"5"
"2021-08-01 22:21:59.243+00",67952,"0"
"2021-08-01 22:21:59.243+00",68273,"2"
"2021-08-01 22:21:59.243+00",67288,"3"
"2021-08-01 22:22:29.243+00",68739,"2"
"2021-08-01 22:22:29.243+00",68389,"0"
"2021-08-01 22:22:29.243+00",66404,"1"
"2021-08-01 22:22:29.243+00",65871,"5"
"2021-08-01 22:22:29.243+00",67754,"3"
"2021-08-01 22:22:29.243+00",124,"4"
"2021-08-01 22:22:59.243+00",66197,"5"
"2021-08-01 22:22:59.243+00",66729,"1"
"2021-08-01 22:22:59.243+00",68717,"0"
"2021-08-01 22:22:59.243+00",69093,"2"
"2021-08-01 22:22:59.243+00",68112,"3"
"2021-08-01 22:22:59.243+00",126,"4"
"2021-08-01 22:23:29.243+00",69088,"0"
"2021-08-01 22:23:29.243+00",67096,"1"
"2021-08-01 22:23:29.243+00",66567,"5"
"2021-08-01 22:23:29.243+00",68511,"3"
"2021-08-01 22:23:29.243+00",128,"4"
"2021-08-01 22:23:29.243+00",69494,"2"
"2021-08-01 22:23:59.243+00",68856,"3"
"2021-08-01 22:23:59.243+00",129,"4"
"2021-08-01 22:23:59.243+00",66884,"5"
"2021-08-01 22:23:59.243+00",69413,"0"
"2021-08-01 22:23:59.243+00",67404,"1"
"2021-08-01 22:23:59.243+00",69840,"2"
"2021-08-01 22:24:29.243+00",70244,"2"
"2021-08-01 22:24:29.243+00",69260,"3"
"2021-08-01 22:24:29.243+00",67774,"1"
"2021-08-01 22:24:29.243+00",132,"4"
"2021-08-01 22:24:29.243+00",67257,"5"
"2021-08-01 22:24:29.243+00",69786,"0"
"2021-08-01 22:24:59.243+00",70630,"2"
"2021-08-01 22:24:59.243+00",134,"4"
"2021-08-01 22:24:59.243+00",70141,"0"
"2021-08-01 22:24:59.243+00",68128,"1"
"2021-08-01 22:24:59.243+00",67614,"5"
"2021-08-01 22:24:59.243+00",69644,"3"
"2021-08-01 22:25:29.243+00",70356,"0"
"2021-08-01 22:25:29.243+00",70876,"2"
"2021-08-01 22:25:29.243+00",136,"4"
"2021-08-01 22:25:29.243+00",68337,"1"
"2021-08-01 22:25:29.243+00",67826,"5"
"2021-08-01 22:25:29.243+00",69879,"3"
"2021-08-01 22:25:59.243+00",71240,"2"
"2021-08-01 22:25:59.243+00",70241,"3"
"2021-08-01 22:25:59.243+00",68161,"5"
"2021-08-01 22:25:59.243+00",70697,"0"
"2021-08-01 22:25:59.243+00",138,"4"
"2021-08-01 22:25:59.243+00",68668,"1"
"2021-08-01 22:26:29.243+00",74273,"3"
"2021-08-01 22:26:29.243+00",72140,"5"
"2021-08-01 22:26:29.243+00",72610,"1"
"2021-08-01 22:26:29.243+00",74847,"0"
"2021-08-01 22:26:29.243+00",75331,"2"
"2021-08-01 22:26:29.243+00",141,"4"
"2021-08-01 22:26:59.243+00",75478,"5"
"2021-08-01 22:26:59.243+00",75923,"1"
"2021-08-01 22:26:59.243+00",78273,"0"
"2021-08-01 22:26:59.243+00",78753,"2"
"2021-08-01 22:26:59.243+00",142,"4"
"2021-08-01 22:26:59.243+00",77635,"3"
"2021-08-01 22:27:29.243+00",144,"4"
"2021-08-01 22:27:29.243+00",77228,"1"
"2021-08-01 22:27:29.243+00",76805,"5"
"2021-08-01 22:27:29.243+00",79687,"0"
"2021-08-01 22:27:29.243+00",80162,"2"
"2021-08-01 22:27:29.243+00",78979,"3"
"2021-08-01 22:27:59.243+00",81718,"3"
"2021-08-01 22:27:59.243+00",79883,"1"
"2021-08-01 22:27:59.243+00",147,"4"
"2021-08-01 22:27:59.243+00",82939,"2"
"2021-08-01 22:27:59.243+00",82460,"0"
"2021-08-01 22:27:59.243+00",79485,"5"
"2021-08-01 22:28:29.243+00",85634,"3"
"2021-08-01 22:28:29.243+00",83405,"5"
"2021-08-01 22:28:29.243+00",86466,"0"
"2021-08-01 22:28:29.243+00",86921,"2"
"2021-08-01 22:28:29.243+00",149,"4"
"2021-08-01 22:28:29.243+00",83794,"1"
"2021-08-01 22:28:59.243+00",89908,"2"
"2021-08-01 22:28:59.243+00",150,"4"
"2021-08-01 22:28:59.243+00",88522,"3"
"2021-08-01 22:28:59.243+00",86312,"5"
"2021-08-01 22:28:59.243+00",89446,"0"
"2021-08-01 22:28:59.243+00",86691,"1"
"2021-08-01 22:29:29.243+00",90179,"3"
"2021-08-01 22:29:29.243+00",87945,"5"
"2021-08-01 22:29:29.243+00",88326,"1"
"2021-08-01 22:29:29.243+00",91154,"0"
"2021-08-01 22:29:29.243+00",91621,"2"
"2021-08-01 22:29:29.243+00",151,"4"
"2021-08-01 22:29:59.245+00",93873,"0"
"2021-08-01 22:29:59.245+00",94396,"2"
"2021-08-01 22:29:59.245+00",155,"4"
"2021-08-01 22:29:59.245+00",92862,"3"
"2021-08-01 22:29:59.245+00",90563,"5"
"2021-08-01 22:29:59.245+00",90933,"1"
"2021-08-01 22:30:29.243+00",97842,"0"
"2021-08-01 22:30:29.243+00",98295,"2"
"2021-08-01 22:30:29.243+00",157,"4"
"2021-08-01 22:30:29.243+00",96686,"3"
"2021-08-01 22:30:29.243+00",94434,"5"
"2021-08-01 22:30:29.243+00",94786,"1"
"2021-08-01 22:30:59.248+00",101356,"2"
"2021-08-01 22:30:59.248+00",158,"4"
"2021-08-01 22:30:59.248+00",97435,"5"
"2021-08-01 22:30:59.248+00",99686,"3"
"2021-08-01 22:30:59.248+00",97751,"1"
"2021-08-01 22:30:59.248+00",100904,"0"
"2021-08-01 22:31:29.243+00",98078,"5"
"2021-08-01 22:31:29.243+00",100361,"3"
"2021-08-01 22:31:29.243+00",101558,"0"
"2021-08-01 22:31:29.243+00",102042,"2"
"2021-08-01 22:31:29.243+00",162,"4"
"2021-08-01 22:31:29.243+00",98394,"1"
"2021-08-01 22:31:59.243+00",98516,"5"
"2021-08-01 22:31:59.243+00",100827,"3"
"2021-08-01 22:31:59.243+00",98831,"1"
"2021-08-01 22:31:59.243+00",101999,"0"
"2021-08-01 22:31:59.243+00",102509,"2"
"2021-08-01 22:31:59.243+00",163,"4"
"2021-08-01 22:32:29.243+00",98943,"5"
"2021-08-01 22:32:29.243+00",102426,"0"
"2021-08-01 22:32:29.243+00",102967,"2"
"2021-08-01 22:32:29.243+00",166,"4"
"2021-08-01 22:32:29.243+00",101282,"3"
"2021-08-01 22:32:29.243+00",99256,"1"
"2021-08-01 22:32:59.243+00",102814,"0"
"2021-08-01 22:32:59.243+00",103382,"2"
"2021-08-01 22:32:59.243+00",168,"4"
"2021-08-01 22:32:59.243+00",99331,"5"
"2021-08-01 22:32:59.243+00",101701,"3"
"2021-08-01 22:32:59.243+00",99642,"1"
"2021-08-01 22:33:29.243+00",103503,"2"
"2021-08-01 22:33:29.243+00",170,"4"
"2021-08-01 22:33:29.243+00",101811,"3"
"2021-08-01 22:33:29.243+00",99424,"5"
"2021-08-01 22:33:29.243+00",102913,"0"
"2021-08-01 22:33:29.243+00",99732,"1"
"2021-08-01 22:33:59.243+00",102294,"3"
"2021-08-01 22:33:59.243+00",99878,"5"
"2021-08-01 22:33:59.243+00",100187,"1"
"2021-08-01 22:33:59.243+00",103374,"0"
"2021-08-01 22:33:59.243+00",103987,"2"
"2021-08-01 22:33:59.243+00",171,"4"
"2021-08-01 22:34:29.243+00",102757,"3"
"2021-08-01 22:34:29.243+00",100307,"5"
"2021-08-01 22:34:29.243+00",103808,"0"
"2021-08-01 22:34:29.243+00",104449,"2"
"2021-08-01 22:34:29.243+00",174,"4"
"2021-08-01 22:34:29.243+00",100615,"1"
"2021-08-01 22:34:59.243+00",103158,"3"
"2021-08-01 22:34:59.243+00",100676,"5"
"2021-08-01 22:34:59.243+00",100983,"1"
"2021-08-01 22:34:59.243+00",104179,"0"
"2021-08-01 22:34:59.243+00",104849,"2"
"2021-08-01 22:34:59.243+00",176,"4"
"2021-08-01 22:35:29.243+00",104618,"0"
"2021-08-01 22:35:29.243+00",103629,"3"
"2021-08-01 22:35:29.243+00",101115,"5"
"2021-08-01 22:35:29.243+00",101421,"1"
"2021-08-01 22:35:29.243+00",105323,"2"
"2021-08-01 22:35:29.243+00",178,"4"
"2021-08-01 22:35:59.245+00",104049,"5"
"2021-08-01 22:35:59.245+00",108344,"2"
"2021-08-01 22:35:59.245+00",181,"4"
"2021-08-01 22:35:59.245+00",106618,"3"
"2021-08-01 22:35:59.245+00",104360,"1"
"2021-08-01 22:35:59.245+00",107642,"0"
"2021-08-01 22:36:29.243+00",109962,"3"
"2021-08-01 22:36:29.243+00",107325,"5"
"2021-08-01 22:36:29.243+00",107631,"1"
"2021-08-01 22:36:29.243+00",111073,"0"
"2021-08-01 22:36:29.243+00",111763,"2"
"2021-08-01 22:36:29.243+00",184,"4"
"2021-08-01 22:36:59.247+00",113625,"0"
"2021-08-01 22:36:59.247+00",112449,"3"
"2021-08-01 22:36:59.247+00",109772,"5"
"2021-08-01 22:36:59.247+00",110058,"1"
"2021-08-01 22:36:59.247+00",114271,"2"
"2021-08-01 22:36:59.247+00",187,"4"
"2021-08-01 22:37:29.243+00",112706,"5"
"2021-08-01 22:37:29.243+00",115451,"3"
"2021-08-01 22:37:29.243+00",188,"4"
"2021-08-01 22:37:29.243+00",117316,"2"
"2021-08-01 22:37:29.243+00",116657,"0"
"2021-08-01 22:37:29.243+00",113013,"1"
"2021-08-01 22:37:59.243+00",115279,"1"
"2021-08-01 22:37:59.243+00",115003,"5"
"2021-08-01 22:37:59.243+00",117800,"3"
"2021-08-01 22:37:59.243+00",119708,"2"
"2021-08-01 22:37:59.243+00",119024,"0"
"2021-08-01 22:37:59.243+00",191,"4"
"2021-08-01 22:38:29.243+00",121188,"3"
"2021-08-01 22:38:29.243+00",118418,"5"
"2021-08-01 22:38:29.243+00",118680,"1"
"2021-08-01 22:38:29.243+00",122559,"0"
"2021-08-01 22:38:29.243+00",123147,"2"
"2021-08-01 22:38:29.243+00",193,"4"
"2021-08-01 22:38:59.243+00",121847,"1"
"2021-08-01 22:38:59.243+00",124405,"3"
"2021-08-01 22:38:59.243+00",125802,"0"
"2021-08-01 22:38:59.243+00",126426,"2"
"2021-08-01 22:38:59.243+00",194,"4"
"2021-08-01 22:38:59.243+00",121594,"5"
"2021-08-01 22:39:29.248+00",123622,"5"
"2021-08-01 22:39:29.248+00",126412,"3"
"2021-08-01 22:39:29.248+00",123844,"1"
"2021-08-01 22:39:29.248+00",128498,"2"
"2021-08-01 22:39:29.248+00",196,"4"
"2021-08-01 22:39:29.248+00",127863,"0"
"2021-08-01 22:39:59.243+00",131913,"2"
"2021-08-01 22:39:59.243+00",199,"4"
"2021-08-01 22:39:59.243+00",129742,"3"
"2021-08-01 22:39:59.243+00",126924,"5"
"2021-08-01 22:39:59.243+00",127138,"1"
"2021-08-01 22:39:59.243+00",131280,"0"
"2021-08-01 22:40:29.243+00",129835,"1"
"2021-08-01 22:40:29.243+00",134076,"0"
"2021-08-01 22:40:29.243+00",134686,"2"
"2021-08-01 22:40:29.243+00",200,"4"
"2021-08-01 22:40:29.243+00",129557,"5"
"2021-08-01 22:40:29.243+00",132449,"3"
"2021-08-01 22:40:59.243+00",131026,"1"
"2021-08-01 22:40:59.243+00",204,"4"
"2021-08-01 22:40:59.243+00",135925,"2"
"2021-08-01 22:40:59.243+00",135293,"0"
"2021-08-01 22:40:59.243+00",133668,"3"
"2021-08-01 22:40:59.243+00",130746,"5"
"2021-08-01 22:41:29.243+00",206,"4"
"2021-08-01 22:41:29.243+00",135777,"0"
"2021-08-01 22:41:29.243+00",136443,"2"
"2021-08-01 22:41:29.243+00",131510,"1"
"2021-08-01 22:41:29.243+00",131226,"5"
"2021-08-01 22:41:29.243+00",134180,"3"
"2021-08-01 22:41:59.243+00",207,"4"
"2021-08-01 22:41:59.243+00",131596,"1"
"2021-08-01 22:41:59.243+00",134287,"3"
"2021-08-01 22:41:59.243+00",135866,"0"
"2021-08-01 22:41:59.243+00",131312,"5"
"2021-08-01 22:41:59.243+00",136557,"2"
"2021-08-01 22:42:29.243+00",210,"4"
"2021-08-01 22:42:29.243+00",136287,"0"
"2021-08-01 22:42:29.243+00",131725,"5"
"2021-08-01 22:42:29.243+00",132012,"1"
"2021-08-01 22:42:29.243+00",134733,"3"
"2021-08-01 22:42:29.243+00",137005,"2"
"2021-08-01 22:42:59.243+00",137444,"2"
"2021-08-01 22:42:59.243+00",136700,"0"
"2021-08-01 22:42:59.243+00",132419,"1"
"2021-08-01 22:42:59.243+00",132123,"5"
"2021-08-01 22:42:59.243+00",135168,"3"
"2021-08-01 22:42:59.243+00",212,"4"
"2021-08-01 22:43:29.243+00",132453,"5"
"2021-08-01 22:43:29.243+00",137035,"0"
"2021-08-01 22:43:29.243+00",132752,"1"
"2021-08-01 22:43:29.243+00",135532,"3"
"2021-08-01 22:43:29.243+00",214,"4"
"2021-08-01 22:43:29.243+00",137808,"2"
"2021-08-01 22:43:59.243+00",133179,"1"
"2021-08-01 22:43:59.243+00",137463,"0"
"2021-08-01 22:43:59.243+00",138260,"2"
"2021-08-01 22:43:59.243+00",215,"4"
"2021-08-01 22:43:59.243+00",135984,"3"
"2021-08-01 22:43:59.243+00",132875,"5"
"2021-08-01 22:44:29.243+00",136453,"3"
"2021-08-01 22:44:29.243+00",133310,"5"
"2021-08-01 22:44:29.243+00",133616,"1"
"2021-08-01 22:44:29.243+00",137906,"0"
"2021-08-01 22:44:29.243+00",138729,"2"
"2021-08-01 22:44:29.243+00",218,"4"
"2021-08-01 22:44:59.243+00",220,"4"
"2021-08-01 22:44:59.243+00",133710,"5"
"2021-08-01 22:44:59.243+00",134018,"1"
"2021-08-01 22:44:59.243+00",138315,"0"
"2021-08-01 22:44:59.243+00",139165,"2"
"2021-08-01 22:44:59.243+00",136890,"3"
"2021-08-01 22:45:29.243+00",134108,"5"
"2021-08-01 22:45:29.243+00",137318,"3"
"2021-08-01 22:45:29.243+00",134415,"1"
"2021-08-01 22:45:29.243+00",222,"4"
"2021-08-01 22:45:29.243+00",139595,"2"
"2021-08-01 22:45:29.243+00",138715,"0"
"2021-08-01 22:45:59.243+00",139144,"0"
"2021-08-01 22:45:59.243+00",140050,"2"
"2021-08-01 22:45:59.243+00",223,"4"
"2021-08-01 22:45:59.243+00",134840,"1"
"2021-08-01 22:45:59.243+00",134531,"5"
"2021-08-01 22:45:59.243+00",137771,"3"
"2021-08-01 22:46:29.243+00",140506,"2"
"2021-08-01 22:46:29.243+00",139566,"0"
"2021-08-01 22:46:29.243+00",138223,"3"
"2021-08-01 22:46:29.243+00",226,"4"
"2021-08-01 22:46:29.243+00",135257,"1"
"2021-08-01 22:46:29.243+00",134948,"5"
"2021-08-01 22:46:59.243+00",135637,"1"
"2021-08-01 22:46:59.243+00",139949,"0"
"2021-08-01 22:46:59.243+00",140918,"2"
"2021-08-01 22:46:59.243+00",227,"4"
"2021-08-01 22:46:59.243+00",138635,"3"
"2021-08-01 22:46:59.243+00",135324,"5"
"2021-08-01 22:47:29.243+00",230,"4"
"2021-08-01 22:47:29.243+00",140360,"0"
"2021-08-01 22:47:29.243+00",141364,"2"
"2021-08-01 22:47:29.243+00",135735,"5"
"2021-08-01 22:47:29.243+00",136052,"1"
"2021-08-01 22:47:29.243+00",139081,"3"
"2021-08-01 22:47:59.243+00",140733,"0"
"2021-08-01 22:47:59.243+00",141765,"2"
"2021-08-01 22:47:59.243+00",231,"4"
"2021-08-01 22:47:59.243+00",136420,"1"
"2021-08-01 22:47:59.243+00",136100,"5"
"2021-08-01 22:47:59.243+00",139481,"3"
"2021-08-01 22:48:29.243+00",139931,"3"
"2021-08-01 22:48:29.243+00",142216,"2"
"2021-08-01 22:48:29.243+00",234,"4"
"2021-08-01 22:48:29.243+00",141155,"0"
"2021-08-01 22:48:29.243+00",136837,"1"
"2021-08-01 22:48:29.243+00",136514,"5"
"2021-08-01 22:48:59.243+00",236,"4"
"2021-08-01 22:48:59.243+00",136922,"1"
"2021-08-01 22:48:59.243+00",136593,"5"
"2021-08-01 22:48:59.243+00",140042,"3"
"2021-08-01 22:48:59.243+00",141252,"0"
"2021-08-01 22:48:59.243+00",142332,"2"
"2021-08-01 22:49:29.243+00",142845,"2"
"2021-08-01 22:49:29.243+00",140550,"3"
"2021-08-01 22:49:29.243+00",137067,"5"
"2021-08-01 22:49:29.243+00",141731,"0"
"2021-08-01 22:49:29.243+00",238,"4"
"2021-08-01 22:49:29.243+00",137401,"1"
"2021-08-01 22:49:59.243+00",137487,"5"
"2021-08-01 22:49:59.243+00",137825,"1"
"2021-08-01 22:49:59.243+00",141001,"3"
"2021-08-01 22:49:59.243+00",239,"4"
"2021-08-01 22:49:59.243+00",143297,"2"
"2021-08-01 22:49:59.243+00",142159,"0"
"2021-08-01 22:50:29.243+00",137858,"5"
"2021-08-01 22:50:29.243+00",138201,"1"
"2021-08-01 22:50:29.243+00",142541,"0"
"2021-08-01 22:50:29.243+00",143708,"2"
"2021-08-01 22:50:29.243+00",242,"4"
"2021-08-01 22:50:29.243+00",141408,"3"
"2021-08-01 22:50:59.243+00",138623,"1"
"2021-08-01 22:50:59.243+00",141861,"3"
"2021-08-01 22:50:59.243+00",144168,"2"
"2021-08-01 22:50:59.243+00",142968,"0"
"2021-08-01 22:50:59.243+00",138276,"5"
"2021-08-01 22:50:59.243+00",244,"4"
"2021-08-01 22:51:29.243+00",144641,"2"
"2021-08-01 22:51:29.243+00",138705,"5"
"2021-08-01 22:51:29.243+00",139064,"1"
"2021-08-01 22:51:29.243+00",142332,"3"
"2021-08-01 22:51:29.243+00",246,"4"
"2021-08-01 22:51:29.243+00",143413,"0"
"2021-08-01 22:51:59.243+00",247,"4"
"2021-08-01 22:51:59.243+00",143845,"0"
"2021-08-01 22:51:59.243+00",139495,"1"
"2021-08-01 22:51:59.243+00",145098,"2"
"2021-08-01 22:51:59.243+00",139133,"5"
"2021-08-01 22:51:59.243+00",142790,"3"
"2021-08-01 22:52:29.243+00",139497,"5"
"2021-08-01 22:52:29.243+00",139859,"1"
"2021-08-01 22:52:29.243+00",249,"4"
"2021-08-01 22:52:29.243+00",145510,"2"
"2021-08-01 22:52:29.243+00",143195,"3"
"2021-08-01 22:52:29.243+00",144212,"0"
"2021-08-01 22:52:59.243+00",144270,"0"
"2021-08-01 22:52:59.243+00",252,"4"
"2021-08-01 22:52:59.243+00",145588,"2"
"2021-08-01 22:52:59.243+00",139909,"1"
"2021-08-01 22:52:59.243+00",143272,"3"
"2021-08-01 22:52:59.243+00",139545,"5"
"2021-08-01 22:53:29.243+00",139909,"1"
"2021-08-01 22:53:29.243+00",144270,"0"
"2021-08-01 22:53:29.243+00",145620,"2"
"2021-08-01 22:53:29.243+00",254,"4"
"2021-08-01 22:53:29.243+00",139545,"5"
"2021-08-01 22:53:29.243+00",143304,"3"
"2021-08-01 22:53:59.243+00",139545,"5"
"2021-08-01 22:53:59.243+00",256,"4"
"2021-08-01 22:53:59.243+00",145650,"2"
"2021-08-01 22:53:59.243+00",144270,"0"
"2021-08-01 22:53:59.243+00",143334,"3"
"2021-08-01 22:53:59.243+00",139909,"1"
"2021-08-01 22:54:29.243+00",143364,"3"
"2021-08-01 22:54:29.243+00",139545,"5"
"2021-08-01 22:54:29.243+00",139909,"1"
"2021-08-01 22:54:29.243+00",145680,"2"
"2021-08-01 22:54:29.243+00",144270,"0"
"2021-08-01 22:54:29.243+00",258,"4"
"2021-08-01 22:54:59.243+00",260,"4"
"2021-08-01 22:54:59.243+00",143794,"3"
"2021-08-01 22:54:59.243+00",139944,"5"
"2021-08-01 22:54:59.243+00",144669,"0"
"2021-08-01 22:54:59.243+00",140307,"1"
"2021-08-01 22:54:59.243+00",146111,"2"
"2021-08-01 22:55:29.243+00",144195,"3"
"2021-08-01 22:55:29.243+00",262,"4"
"2021-08-01 22:55:29.243+00",146513,"2"
"2021-08-01 22:55:29.243+00",140310,"5"
"2021-08-01 22:55:29.243+00",140673,"1"
"2021-08-01 22:55:29.243+00",145036,"0"
"2021-08-01 22:55:59.243+00",263,"4"
"2021-08-01 22:55:59.243+00",146858,"2"
"2021-08-01 22:55:59.243+00",145352,"0"
"2021-08-01 22:55:59.243+00",140990,"1"
"2021-08-01 22:55:59.243+00",140628,"5"
"2021-08-01 22:55:59.243+00",144541,"3"
"2021-08-01 22:56:29.243+00",147190,"2"
"2021-08-01 22:56:29.243+00",144870,"3"
"2021-08-01 22:56:29.243+00",145649,"0"
"2021-08-01 22:56:29.243+00",266,"4"
"2021-08-01 22:56:29.243+00",140920,"5"
"2021-08-01 22:56:29.243+00",141283,"1"
"2021-08-01 22:56:59.243+00",141260,"5"
"2021-08-01 22:56:59.243+00",141623,"1"
"2021-08-01 22:56:59.243+00",145992,"0"
"2021-08-01 22:56:59.243+00",145244,"3"
"2021-08-01 22:56:59.243+00",268,"4"
"2021-08-01 22:56:59.243+00",147565,"2"
"2021-08-01 22:57:29.243+00",147942,"2"
"2021-08-01 22:57:29.243+00",141602,"5"
"2021-08-01 22:57:29.243+00",146340,"0"
"2021-08-01 22:57:29.243+00",141965,"1"
"2021-08-01 22:57:29.243+00",270,"4"
"2021-08-01 22:57:29.243+00",145620,"3"
"2021-08-01 22:57:59.243+00",145979,"3"
"2021-08-01 22:57:59.243+00",141932,"5"
"2021-08-01 22:57:59.243+00",142296,"1"
"2021-08-01 22:57:59.243+00",146674,"0"
"2021-08-01 22:57:59.243+00",271,"4"
"2021-08-01 22:57:59.243+00",148304,"2"
"2021-08-01 22:58:29.243+00",146329,"3"
"2021-08-01 22:58:29.243+00",142245,"5"
"2021-08-01 22:58:29.243+00",142610,"1"
"2021-08-01 22:58:29.243+00",146993,"0"
"2021-08-01 22:58:29.243+00",148654,"2"
"2021-08-01 22:58:29.243+00",274,"4"
"2021-08-01 22:58:59.243+00",148827,"3"
"2021-08-01 22:58:59.243+00",145063,"1"
"2021-08-01 22:58:59.243+00",149467,"0"
"2021-08-01 22:58:59.243+00",151166,"2"
"2021-08-01 22:58:59.243+00",277,"4"
"2021-08-01 22:58:59.243+00",144692,"5"
"2021-08-01 22:59:29.243+00",147101,"5"
"2021-08-01 22:59:29.243+00",151928,"0"
"2021-08-01 22:59:29.243+00",153648,"2"
"2021-08-01 22:59:29.243+00",278,"4"
"2021-08-01 22:59:29.243+00",151268,"3"
"2021-08-01 22:59:29.243+00",147476,"1"
"2021-08-01 22:59:59.243+00",280,"4"
"2021-08-01 22:59:59.243+00",149123,"5"
"2021-08-01 22:59:59.243+00",149547,"1"
"2021-08-01 22:59:59.243+00",154077,"0"
"2021-08-01 22:59:59.243+00",155802,"2"
"2021-08-01 22:59:59.243+00",153376,"3"
"2021-08-01 23:00:29.243+00",156549,"3"
"2021-08-01 23:00:29.243+00",157231,"0"
"2021-08-01 23:00:29.243+00",158994,"2"
"2021-08-01 23:00:29.243+00",283,"4"
"2021-08-01 23:00:29.243+00",152200,"5"
"2021-08-01 23:00:29.243+00",152645,"1"
"2021-08-01 23:00:59.243+00",155625,"1"
"2021-08-01 23:00:59.243+00",159580,"3"
"2021-08-01 23:00:59.243+00",155176,"5"
"2021-08-01 23:00:59.243+00",160244,"0"
"2021-08-01 23:00:59.243+00",162040,"2"
"2021-08-01 23:00:59.243+00",285,"4"
"2021-08-01 23:01:29.243+00",157408,"1"
"2021-08-01 23:01:29.243+00",286,"4"
"2021-08-01 23:01:29.243+00",163880,"2"
"2021-08-01 23:01:29.243+00",162064,"0"
"2021-08-01 23:01:29.243+00",161376,"3"
"2021-08-01 23:01:29.243+00",156941,"5"
"2021-08-01 23:01:59.243+00",288,"4"
"2021-08-01 23:01:59.243+00",160029,"1"
"2021-08-01 23:01:59.243+00",159559,"5"
"2021-08-01 23:01:59.243+00",164047,"3"
"2021-08-01 23:01:59.243+00",164725,"0"
"2021-08-01 23:01:59.243+00",166587,"2"
"2021-08-01 23:02:29.243+00",167558,"0"
"2021-08-01 23:02:29.243+00",162779,"1"
"2021-08-01 23:02:29.243+00",162285,"5"
"2021-08-01 23:02:29.243+00",166825,"3"
"2021-08-01 23:02:29.243+00",292,"4"
"2021-08-01 23:02:29.243+00",169426,"2"
"2021-08-01 23:02:59.243+00",164839,"5"
"2021-08-01 23:02:59.243+00",172038,"2"
"2021-08-01 23:02:59.243+00",170160,"0"
"2021-08-01 23:02:59.243+00",294,"4"
"2021-08-01 23:02:59.243+00",165348,"1"
"2021-08-01 23:02:59.243+00",169425,"3"
"2021-08-01 23:03:29.243+00",172956,"0"
"2021-08-01 23:03:29.243+00",168103,"1"
"2021-08-01 23:03:29.243+00",295,"4"
"2021-08-01 23:03:29.243+00",172216,"3"
"2021-08-01 23:03:29.243+00",167568,"5"
"2021-08-01 23:03:29.243+00",174857,"2"
"2021-08-01 23:03:59.246+00",174042,"0"
"2021-08-01 23:03:59.246+00",173303,"3"
"2021-08-01 23:03:59.246+00",168617,"5"
"2021-08-01 23:03:59.246+00",169159,"1"
"2021-08-01 23:03:59.246+00",175967,"2"
"2021-08-01 23:03:59.246+00",297,"4"
"2021-08-01 23:04:29.243+00",173632,"3"
"2021-08-01 23:04:29.243+00",168911,"5"
"2021-08-01 23:04:29.243+00",169453,"1"
"2021-08-01 23:04:29.243+00",174341,"0"
"2021-08-01 23:04:29.243+00",176299,"2"
"2021-08-01 23:04:29.243+00",300,"4"
"2021-08-01 23:04:59.243+00",176671,"2"
"2021-08-01 23:04:59.243+00",174681,"0"
"2021-08-01 23:04:59.243+00",302,"4"
"2021-08-01 23:04:59.243+00",174005,"3"
"2021-08-01 23:04:59.243+00",169248,"5"
"2021-08-01 23:04:59.243+00",169789,"1"
"2021-08-01 23:05:29.243+00",177044,"2"
"2021-08-01 23:05:29.243+00",304,"4"
"2021-08-01 23:05:29.243+00",174378,"3"
"2021-08-01 23:05:29.243+00",169589,"5"
"2021-08-01 23:05:29.243+00",170130,"1"
"2021-08-01 23:05:29.243+00",175022,"0"
"2021-08-01 23:05:59.243+00",170280,"1"
"2021-08-01 23:05:59.243+00",305,"4"
"2021-08-01 23:05:59.243+00",174548,"3"
"2021-08-01 23:05:59.243+00",169736,"5"
"2021-08-01 23:05:59.243+00",175164,"0"
"2021-08-01 23:05:59.243+00",177230,"2"
"2021-08-01 23:06:29.243+00",177385,"0"
"2021-08-01 23:06:29.243+00",179558,"2"
"2021-08-01 23:06:29.243+00",309,"4"
"2021-08-01 23:06:29.243+00",176841,"3"
"2021-08-01 23:06:29.243+00",171910,"5"
"2021-08-01 23:06:29.243+00",172477,"1"
"2021-08-01 23:06:59.243+00",180438,"0"
"2021-08-01 23:06:59.243+00",182612,"2"
"2021-08-01 23:06:59.243+00",311,"4"
"2021-08-01 23:06:59.243+00",179856,"3"
"2021-08-01 23:06:59.243+00",174907,"5"
"2021-08-01 23:06:59.243+00",175511,"1"
"2021-08-01 23:07:29.243+00",182846,"3"
"2021-08-01 23:07:29.243+00",312,"4"
"2021-08-01 23:07:29.243+00",185624,"2"
"2021-08-01 23:07:29.243+00",177839,"5"
"2021-08-01 23:07:29.243+00",178456,"1"
"2021-08-01 23:07:29.243+00",183405,"0"
"2021-08-01 23:07:59.243+00",184677,"3"
"2021-08-01 23:07:59.243+00",185212,"0"
"2021-08-01 23:07:59.243+00",187497,"2"
"2021-08-01 23:07:59.243+00",314,"4"
"2021-08-01 23:07:59.243+00",179587,"5"
"2021-08-01 23:07:59.243+00",180235,"1"
"2021-08-01 23:08:29.243+00",188158,"0"
"2021-08-01 23:08:29.243+00",190513,"2"
"2021-08-01 23:08:29.243+00",317,"4"
"2021-08-01 23:08:29.243+00",187632,"3"
"2021-08-01 23:08:29.243+00",182488,"5"
"2021-08-01 23:08:29.243+00",183147,"1"
"2021-08-01 23:08:59.243+00",190858,"0"
"2021-08-01 23:08:59.243+00",193272,"2"
"2021-08-01 23:08:59.243+00",320,"4"
"2021-08-01 23:08:59.243+00",190354,"3"
"2021-08-01 23:08:59.243+00",185146,"5"
"2021-08-01 23:08:59.243+00",185832,"1"
"2021-08-01 23:09:29.243+00",187647,"5"
"2021-08-01 23:09:29.243+00",193380,"0"
"2021-08-01 23:09:29.243+00",195856,"2"
"2021-08-01 23:09:29.243+00",321,"4"
"2021-08-01 23:09:29.243+00",192903,"3"
"2021-08-01 23:09:29.243+00",188348,"1"
"2021-08-01 23:09:59.243+00",190214,"5"
"2021-08-01 23:09:59.243+00",195524,"3"
"2021-08-01 23:09:59.243+00",195988,"0"
"2021-08-01 23:09:59.243+00",198518,"2"
"2021-08-01 23:09:59.243+00",323,"4"
"2021-08-01 23:09:59.243+00",190922,"1"
"2021-08-01 23:10:29.243+00",198297,"3"
"2021-08-01 23:10:29.243+00",192926,"5"
"2021-08-01 23:10:29.243+00",193666,"1"
"2021-08-01 23:10:29.243+00",198740,"0"
"2021-08-01 23:10:29.243+00",201341,"2"
"2021-08-01 23:10:29.243+00",327,"4"
"2021-08-01 23:10:59.243+00",200860,"3"
"2021-08-01 23:10:59.243+00",195437,"5"
"2021-08-01 23:10:59.243+00",201305,"0"
"2021-08-01 23:10:59.243+00",203961,"2"
"2021-08-01 23:10:59.243+00",330,"4"
"2021-08-01 23:10:59.243+00",196208,"1"
"2021-08-01 23:11:29.243+00",202359,"3"
"2021-08-01 23:11:29.243+00",196891,"5"
"2021-08-01 23:11:29.243+00",202776,"0"
"2021-08-01 23:11:29.243+00",205472,"2"
"2021-08-01 23:11:29.243+00",332,"4"
"2021-08-01 23:11:29.243+00",197675,"1"
"2021-08-01 23:11:59.243+00",202687,"3"
"2021-08-01 23:11:59.243+00",197160,"5"
"2021-08-01 23:11:59.243+00",197978,"1"
"2021-08-01 23:11:59.243+00",203079,"0"
"2021-08-01 23:11:59.243+00",205802,"2"
"2021-08-01 23:11:59.243+00",333,"4"
"2021-08-01 23:12:29.243+00",203060,"3"
"2021-08-01 23:12:29.243+00",197527,"5"
"2021-08-01 23:12:29.243+00",198316,"1"
"2021-08-01 23:12:29.243+00",203418,"0"
"2021-08-01 23:12:29.243+00",206174,"2"
"2021-08-01 23:12:29.243+00",336,"4"
"2021-08-01 23:12:59.243+00",206544,"2"
"2021-08-01 23:12:59.243+00",338,"4"
"2021-08-01 23:12:59.243+00",203425,"3"
"2021-08-01 23:12:59.243+00",197860,"5"
"2021-08-01 23:12:59.243+00",198650,"1"
"2021-08-01 23:12:59.243+00",203755,"0"
"2021-08-01 23:13:29.243+00",340,"4"
"2021-08-01 23:13:29.243+00",203793,"3"
"2021-08-01 23:13:29.243+00",198197,"5"
"2021-08-01 23:13:29.243+00",198986,"1"
"2021-08-01 23:13:29.243+00",204092,"0"
"2021-08-01 23:13:29.243+00",206912,"2"
"2021-08-01 23:13:59.243+00",203923,"3"
"2021-08-01 23:13:59.243+00",198304,"5"
"2021-08-01 23:13:59.243+00",199092,"1"
"2021-08-01 23:13:59.243+00",204213,"0"
"2021-08-01 23:13:59.243+00",207064,"2"
"2021-08-01 23:13:59.243+00",341,"4"
"2021-08-01 23:14:29.243+00",204294,"3"
"2021-08-01 23:14:29.243+00",198638,"5"
"2021-08-01 23:14:29.243+00",204555,"0"
"2021-08-01 23:14:29.243+00",207441,"2"
"2021-08-01 23:14:29.243+00",344,"4"
"2021-08-01 23:14:29.243+00",199427,"1"
"2021-08-01 23:14:59.243+00",204652,"3"
"2021-08-01 23:14:59.243+00",198961,"5"
"2021-08-01 23:14:59.243+00",199748,"1"
"2021-08-01 23:14:59.243+00",204882,"0"
"2021-08-01 23:14:59.243+00",346,"4"
"2021-08-01 23:14:59.243+00",207800,"2"
