"time","processing_time"
"2021-08-01 22:05:00.373+00",-710940.0
"2021-08-01 22:05:00.373+00",19
"2021-08-01 22:05:00.373+00",711207
"2021-08-01 22:05:00.373+00",248
"2021-08-01 22:05:10.373+00",721205
"2021-08-01 22:05:10.373+00",21
"2021-08-01 22:05:10.373+00",248
"2021-08-01 22:05:10.373+00",-720936.0
"2021-08-01 22:05:20.379+00",22
"2021-08-01 22:05:20.379+00",248
"2021-08-01 22:05:20.379+00",731208
"2021-08-01 22:05:20.379+00",-730938.0
"2021-08-01 22:05:30.373+00",-740933.0
"2021-08-01 22:05:30.373+00",741199
"2021-08-01 22:05:30.373+00",18
"2021-08-01 22:05:30.373+00",248
"2021-08-01 22:05:40.373+00",751204
"2021-08-01 22:05:40.373+00",22
"2021-08-01 22:05:40.373+00",-750934.0
"2021-08-01 22:05:40.373+00",248
"2021-08-01 22:05:50.373+00",-760931.0
"2021-08-01 22:05:50.373+00",248
"2021-08-01 22:05:50.373+00",761198
"2021-08-01 22:05:50.373+00",19
"2021-08-01 22:06:00.377+00",nan
"2021-08-01 22:06:00.377+00",nan
"2021-08-01 22:06:00.377+00",23
"2021-08-01 22:06:00.377+00",nan
"2021-08-01 22:06:10.373+00",181
"2021-08-01 22:06:20.373+00",20
"2021-08-01 22:06:30.373+00",20
"2021-08-01 22:06:40.373+00",17
"2021-08-01 22:06:50.373+00",19
"2021-08-01 22:07:00.373+00",22
"2021-08-01 22:07:10.373+00",20
"2021-08-01 22:07:20.376+00",21
"2021-08-01 22:07:30.373+00",22
"2021-08-01 22:07:40.373+00",19
"2021-08-01 22:07:50.373+00",18
"2021-08-01 22:08:00.373+00",21
"2021-08-01 22:08:10.373+00",185
"2021-08-01 22:08:20.373+00",18
"2021-08-01 22:08:30.373+00",21
"2021-08-01 22:08:40.373+00",20
"2021-08-01 22:08:50.373+00",18
"2021-08-01 22:09:00.373+00",717
"2021-08-01 22:09:10.373+00",690
"2021-08-01 22:09:20.373+00",353
"2021-08-01 22:09:30.379+00",1377
"2021-08-01 22:09:40.373+00",1701
"2021-08-01 22:09:50.373+00",2690
"2021-08-01 22:10:00.373+00",270
"2021-08-01 22:10:10.373+00",5299
"2021-08-01 22:10:20.377+00",1543
"2021-08-01 22:10:30.373+00",1214
"2021-08-01 22:10:40.373+00",1325
"2021-08-01 22:10:50.376+00",1280
"2021-08-01 22:11:00.373+00",2435
"2021-08-01 22:11:10.373+00",677
"2021-08-01 22:11:20.373+00",618
"2021-08-01 22:11:30.373+00",5076
"2021-08-01 22:11:40.373+00",1892
"2021-08-01 22:11:50.373+00",1340
"2021-08-01 22:12:00.373+00",450
"2021-08-01 22:12:10.373+00",1382
"2021-08-01 22:12:20.373+00",2425
"2021-08-01 22:12:30.373+00",1202
"2021-08-01 22:12:40.373+00",526
"2021-08-01 22:12:50.373+00",1264
"2021-08-01 22:13:00.373+00",1439
"2021-08-01 22:13:10.373+00",470
"2021-08-01 22:13:20.373+00",642
"2021-08-01 22:13:30.373+00",4987
"2021-08-01 22:13:40.38+00",1855
"2021-08-01 22:13:50.373+00",1936
"2021-08-01 22:14:00.373+00",23
"2021-08-01 22:14:10.373+00",279
"2021-08-01 22:14:20.38+00",18
"2021-08-01 22:14:30.373+00",28
"2021-08-01 22:14:40.373+00",20
"2021-08-01 22:14:50.373+00",17
"2021-08-01 22:15:00.373+00",22
"2021-08-01 22:15:10.373+00",19
"2021-08-01 22:15:20.373+00",20
"2021-08-01 22:15:30.373+00",27
"2021-08-01 22:15:40.373+00",18
"2021-08-01 22:15:50.373+00",19
"2021-08-01 22:16:00.373+00",20
"2021-08-01 22:16:10.373+00",44
"2021-08-01 22:16:20.373+00",754
"2021-08-01 22:16:30.373+00",668
"2021-08-01 22:16:40.373+00",673
"2021-08-01 22:16:50.382+00",1591
"2021-08-01 22:17:00.373+00",1870
"2021-08-01 22:17:10.373+00",1391
"2021-08-01 22:17:20.373+00",1529
"2021-08-01 22:17:30.373+00",4987
"2021-08-01 22:17:40.373+00",1741
"2021-08-01 22:17:50.373+00",1055
"2021-08-01 22:18:00.373+00",362
"2021-08-01 22:18:10.373+00",4621
"2021-08-01 22:18:20.373+00",1181
"2021-08-01 22:18:30.373+00",585
"2021-08-01 22:18:40.373+00",660
"2021-08-01 22:18:50.373+00",5423
"2021-08-01 22:19:00.373+00",742
"2021-08-01 22:19:10.373+00",1418
"2021-08-01 22:19:20.373+00",1391
"2021-08-01 22:19:30.373+00",5018
"2021-08-01 22:19:40.373+00",1559
"2021-08-01 22:19:50.373+00",1164
"2021-08-01 22:20:00.373+00",642
"2021-08-01 22:20:10.373+00",1197
"2021-08-01 22:20:20.373+00",1371
"2021-08-01 22:20:30.373+00",484
"2021-08-01 22:20:40.373+00",595
"2021-08-01 22:20:50.388+00",5336
"2021-08-01 22:21:00.373+00",694
"2021-08-01 22:21:10.373+00",1448
"2021-08-01 22:21:20.373+00",616
"2021-08-01 22:21:30.373+00",19
"2021-08-01 22:21:40.39+00",17
"2021-08-01 22:21:50.373+00",45
"2021-08-01 22:22:00.373+00",23
"2021-08-01 22:22:10.373+00",134
"2021-08-01 22:22:20.373+00",19
"2021-08-01 22:22:30.373+00",31
"2021-08-01 22:22:40.373+00",30
"2021-08-01 22:22:50.373+00",19
"2021-08-01 22:23:00.373+00",32
"2021-08-01 22:23:10.373+00",24
"2021-08-01 22:23:20.373+00",37
"2021-08-01 22:23:30.373+00",18
"2021-08-01 22:23:40.373+00",34
"2021-08-01 22:23:50.373+00",18
"2021-08-01 22:24:00.373+00",20
"2021-08-01 22:24:10.373+00",18
"2021-08-01 22:24:20.373+00",18
"2021-08-01 22:24:30.373+00",17
"2021-08-01 22:24:40.373+00",19
"2021-08-01 22:24:50.375+00",18
"2021-08-01 22:25:00.373+00",21
"2021-08-01 22:25:10.378+00",14
"2021-08-01 22:25:20.373+00",21
"2021-08-01 22:25:30.373+00",28
"2021-08-01 22:25:40.373+00",20
"2021-08-01 22:25:50.373+00",18
"2021-08-01 22:26:00.373+00",20
"2021-08-01 22:26:10.373+00",1621
"2021-08-01 22:26:20.373+00",1333
"2021-08-01 22:26:30.373+00",521
"2021-08-01 22:26:40.373+00",682
"2021-08-01 22:26:50.373+00",1875
"2021-08-01 22:27:00.373+00",2208
"2021-08-01 22:27:10.373+00",1180
"2021-08-01 22:27:20.373+00",2246
"2021-08-01 22:27:30.373+00",6115
"2021-08-01 22:27:40.373+00",798
"2021-08-01 22:27:50.373+00",317
"2021-08-01 22:28:00.373+00",702
"2021-08-01 22:28:10.373+00",1144
"2021-08-01 22:28:20.373+00",1578
"2021-08-01 22:28:30.373+00",585
"2021-08-01 22:28:40.373+00",727
"2021-08-01 22:28:50.373+00",5083
"2021-08-01 22:29:00.373+00",1445
"2021-08-01 22:29:10.381+00",1843
"2021-08-01 22:29:20.373+00",1789
"2021-08-01 22:29:30.373+00",4706
"2021-08-01 22:29:40.373+00",1610
"2021-08-01 22:29:50.373+00",261
"2021-08-01 22:30:00.373+00",684
"2021-08-01 22:30:10.373+00",1180
"2021-08-01 22:30:20.373+00",1325
"2021-08-01 22:30:30.373+00",520
"2021-08-01 22:30:40.373+00",725
"2021-08-01 22:30:50.373+00",1438
"2021-08-01 22:31:00.373+00",1714
"2021-08-01 22:31:10.373+00",530
"2021-08-01 22:31:20.373+00",1497
"2021-08-01 22:31:30.373+00",17
"2021-08-01 22:31:40.377+00",22
"2021-08-01 22:31:50.373+00",17
"2021-08-01 22:32:00.373+00",21
"2021-08-01 22:32:10.373+00",14
"2021-08-01 22:32:20.373+00",16
"2021-08-01 22:32:30.373+00",17
"2021-08-01 22:32:40.373+00",19
"2021-08-01 22:32:50.373+00",16
"2021-08-01 22:33:00.373+00",16
"2021-08-01 22:33:10.373+00",20
"2021-08-01 22:33:20.373+00",19
"2021-08-01 22:33:30.373+00",70
"2021-08-01 22:33:40.373+00",17
"2021-08-01 22:33:50.373+00",19
"2021-08-01 22:34:00.373+00",18
"2021-08-01 22:34:10.373+00",19
"2021-08-01 22:34:20.373+00",17
"2021-08-01 22:34:30.373+00",18
"2021-08-01 22:34:40.373+00",43
"2021-08-01 22:34:50.373+00",17
"2021-08-01 22:35:00.373+00",18
"2021-08-01 22:35:10.377+00",17
"2021-08-01 22:35:20.373+00",156
"2021-08-01 22:35:30.373+00",18
"2021-08-01 22:35:40.373+00",14
"2021-08-01 22:35:50.373+00",680
"2021-08-01 22:36:00.373+00",600
"2021-08-01 22:36:10.373+00",1977
"2021-08-01 22:36:20.373+00",1634
"2021-08-01 22:36:30.373+00",285
"2021-08-01 22:36:40.373+00",1674
"2021-08-01 22:36:50.373+00",1326
"2021-08-01 22:37:00.373+00",484
"2021-08-01 22:37:10.373+00",1012
"2021-08-01 22:37:20.373+00",265
"2021-08-01 22:37:30.373+00",2027
"2021-08-01 22:37:40.373+00",1192
"2021-08-01 22:37:50.373+00",508
"2021-08-01 22:38:00.373+00",1307
"2021-08-01 22:38:10.373+00",1402
"2021-08-01 22:38:20.373+00",1470
"2021-08-01 22:38:30.373+00",334
"2021-08-01 22:38:40.373+00",486
"2021-08-01 22:38:50.373+00",2226
"2021-08-01 22:39:00.373+00",1414
"2021-08-01 22:39:10.373+00",2005
"2021-08-01 22:39:20.373+00",1106
"2021-08-01 22:39:30.373+00",1260
"2021-08-01 22:39:40.373+00",1280
"2021-08-01 22:39:50.376+00",510
"2021-08-01 22:40:00.373+00",498
"2021-08-01 22:40:10.373+00",2236
"2021-08-01 22:40:20.373+00",2182
"2021-08-01 22:40:30.373+00",1239
"2021-08-01 22:40:40.373+00",1124
"2021-08-01 22:40:50.373+00",440
"2021-08-01 22:41:00.373+00",17
"2021-08-01 22:41:10.373+00",17
"2021-08-01 22:41:20.373+00",22
"2021-08-01 22:41:30.373+00",16
"2021-08-01 22:41:40.373+00",19
"2021-08-01 22:41:50.373+00",18
"2021-08-01 22:42:00.373+00",18
"2021-08-01 22:42:10.373+00",15
"2021-08-01 22:42:20.373+00",17
"2021-08-01 22:42:30.373+00",18
"2021-08-01 22:42:40.373+00",20
"2021-08-01 22:42:50.38+00",17
"2021-08-01 22:43:00.373+00",16
"2021-08-01 22:43:10.373+00",17
"2021-08-01 22:43:20.373+00",20
"2021-08-01 22:43:30.373+00",19
"2021-08-01 22:43:40.373+00",16
"2021-08-01 22:43:50.373+00",72
"2021-08-01 22:44:00.373+00",48
"2021-08-01 22:44:10.373+00",14
"2021-08-01 22:44:20.373+00",18
"2021-08-01 22:44:30.373+00",17
"2021-08-01 22:44:40.373+00",17
"2021-08-01 22:44:50.373+00",19
"2021-08-01 22:45:00.373+00",18
"2021-08-01 22:45:10.373+00",18
"2021-08-01 22:45:20.373+00",18
"2021-08-01 22:45:30.383+00",94
"2021-08-01 22:45:40.373+00",14
"2021-08-01 22:45:50.373+00",18
"2021-08-01 22:46:00.373+00",19
"2021-08-01 22:46:10.373+00",74
"2021-08-01 22:46:20.38+00",17
"2021-08-01 22:46:30.373+00",73
"2021-08-01 22:46:40.373+00",15
"2021-08-01 22:46:50.373+00",16
"2021-08-01 22:47:00.373+00",19
"2021-08-01 22:47:10.377+00",524
"2021-08-01 22:47:20.373+00",15
"2021-08-01 22:47:30.373+00",17
"2021-08-01 22:47:40.373+00",13
"2021-08-01 22:47:50.373+00",18
"2021-08-01 22:48:00.373+00",22
"2021-08-01 22:48:10.373+00",12
"2021-08-01 22:48:20.373+00",18
"2021-08-01 22:48:30.373+00",18
"2021-08-01 22:48:40.373+00",19
"2021-08-01 22:48:50.373+00",15
"2021-08-01 22:49:00.373+00",101
"2021-08-01 22:49:10.373+00",18
"2021-08-01 22:49:20.373+00",17
"2021-08-01 22:49:30.373+00",17
"2021-08-01 22:49:40.373+00",14
"2021-08-01 22:49:50.373+00",22
"2021-08-01 22:50:00.373+00",21
"2021-08-01 22:50:10.379+00",14
"2021-08-01 22:50:20.373+00",17
"2021-08-01 22:50:30.373+00",16
"2021-08-01 22:50:40.373+00",18
"2021-08-01 22:50:50.373+00",107
"2021-08-01 22:51:00.373+00",18
"2021-08-01 22:51:10.373+00",18
"2021-08-01 22:51:20.377+00",19
"2021-08-01 22:51:30.373+00",18
"2021-08-01 22:51:40.373+00",16
"2021-08-01 22:51:50.381+00",19
"2021-08-01 22:52:00.373+00",19
"2021-08-01 22:52:10.382+00",15
"2021-08-01 22:52:20.373+00",21
"2021-08-01 22:52:30.382+00",17
"2021-08-01 22:52:40.373+00",523
"2021-08-01 22:52:50.373+00",16
"2021-08-01 22:53:00.381+00",16
"2021-08-01 22:53:10.373+00",16
"2021-08-01 22:53:20.373+00",18
"2021-08-01 22:53:30.373+00",16
"2021-08-01 22:53:40.373+00",17
"2021-08-01 22:53:50.383+00",17
"2021-08-01 22:54:00.373+00",22
"2021-08-01 22:54:10.373+00",18
"2021-08-01 22:54:20.373+00",17
"2021-08-01 22:54:30.373+00",17
"2021-08-01 22:54:40.373+00",19
"2021-08-01 22:54:50.382+00",18
"2021-08-01 22:55:00.381+00",17
"2021-08-01 22:55:10.373+00",20
"2021-08-01 22:55:20.381+00",19
"2021-08-01 22:55:30.382+00",18
"2021-08-01 22:55:40.373+00",16
"2021-08-01 22:55:50.373+00",20
"2021-08-01 22:56:00.373+00",19
"2021-08-01 22:56:10.373+00",17
"2021-08-01 22:56:20.373+00",19
"2021-08-01 22:56:30.373+00",13
"2021-08-01 22:56:40.373+00",20
"2021-08-01 22:56:50.373+00",84
"2021-08-01 22:57:00.373+00",17
"2021-08-01 22:57:10.375+00",19
"2021-08-01 22:57:20.373+00",20
"2021-08-01 22:57:30.373+00",16
"2021-08-01 22:57:40.373+00",19
"2021-08-01 22:57:50.392+00",22
"2021-08-01 22:58:00.376+00",20
"2021-08-01 22:58:10.386+00",16
"2021-08-01 22:58:20.373+00",16
"2021-08-01 22:58:30.373+00",18
"2021-08-01 22:58:40.381+00",22
"2021-08-01 22:58:50.373+00",643
"2021-08-01 22:59:00.373+00",583
"2021-08-01 22:59:10.373+00",530
"2021-08-01 22:59:20.373+00",480
"2021-08-01 22:59:30.373+00",5359
"2021-08-01 22:59:40.373+00",578
"2021-08-01 22:59:50.373+00",223
"2021-08-01 23:00:00.373+00",477
"2021-08-01 23:00:10.38+00",1818
"2021-08-01 23:00:20.377+00",314
"2021-08-01 23:00:30.373+00",473
"2021-08-01 23:00:40.373+00",481
"2021-08-01 23:00:50.373+00",1627
"2021-08-01 23:01:00.373+00",322
"2021-08-01 23:01:10.373+00",426
"2021-08-01 23:01:20.373+00",392
"2021-08-01 23:01:30.373+00",5188
"2021-08-01 23:01:40.373+00",1041
"2021-08-01 23:01:50.373+00",486
"2021-08-01 23:02:00.373+00",488
"2021-08-01 23:02:10.373+00",1236
"2021-08-01 23:02:20.373+00",493
"2021-08-01 23:02:30.373+00",498
"2021-08-01 23:02:40.373+00",493
"2021-08-01 23:02:50.373+00",1166
"2021-08-01 23:03:00.373+00",226
"2021-08-01 23:03:10.373+00",451
"2021-08-01 23:03:20.373+00",458
"2021-08-01 23:03:30.373+00",1234
"2021-08-01 23:03:40.373+00",289
"2021-08-01 23:03:50.373+00",26
"2021-08-01 23:04:00.373+00",19
"2021-08-01 23:04:10.373+00",196
"2021-08-01 23:04:20.377+00",16
"2021-08-01 23:04:30.373+00",16
"2021-08-01 23:04:40.373+00",19
"2021-08-01 23:04:50.373+00",16
"2021-08-01 23:05:00.373+00",17
"2021-08-01 23:05:10.392+00",18
"2021-08-01 23:05:20.381+00",20
"2021-08-01 23:05:30.373+00",16
"2021-08-01 23:05:40.373+00",31
"2021-08-01 23:05:50.373+00",18
"2021-08-01 23:06:00.373+00",23
"2021-08-01 23:06:10.373+00",14
"2021-08-01 23:06:20.373+00",606
"2021-08-01 23:06:30.373+00",533
"2021-08-01 23:06:40.373+00",496
"2021-08-01 23:06:50.373+00",1474
"2021-08-01 23:07:00.373+00",209
"2021-08-01 23:07:10.373+00",429
"2021-08-01 23:07:20.373+00",411
"2021-08-01 23:07:30.373+00",1693
"2021-08-01 23:07:40.381+00",3085
"2021-08-01 23:07:50.373+00",205
"2021-08-01 23:08:00.373+00",414
"2021-08-01 23:08:10.373+00",1277
"2021-08-01 23:08:20.373+00",183
"2021-08-01 23:08:30.373+00",429
"2021-08-01 23:08:40.373+00",451
"2021-08-01 23:08:50.373+00",1245
"2021-08-01 23:09:00.375+00",300
"2021-08-01 23:09:10.373+00",391
"2021-08-01 23:09:20.373+00",382
"2021-08-01 23:09:30.373+00",1180
"2021-08-01 23:09:40.373+00",1115
"2021-08-01 23:09:50.373+00",411
"2021-08-01 23:10:00.373+00",432
"2021-08-01 23:10:10.376+00",1247
"2021-08-01 23:10:20.382+00",719
"2021-08-01 23:10:30.373+00",417
"2021-08-01 23:10:40.373+00",640
"2021-08-01 23:10:50.373+00",1525
"2021-08-01 23:11:00.373+00",407
"2021-08-01 23:11:10.382+00",384
"2021-08-01 23:11:20.376+00",21
"2021-08-01 23:11:30.373+00",21
"2021-08-01 23:11:40.373+00",16
"2021-08-01 23:11:50.373+00",17
"2021-08-01 23:12:00.382+00",19
"2021-08-01 23:12:10.378+00",188
"2021-08-01 23:12:20.373+00",18
"2021-08-01 23:12:30.373+00",18
"2021-08-01 23:12:40.373+00",21
"2021-08-01 23:12:50.383+00",17
"2021-08-01 23:13:00.373+00",16
"2021-08-01 23:13:10.377+00",18
"2021-08-01 23:13:20.382+00",19
"2021-08-01 23:13:30.381+00",16
"2021-08-01 23:13:40.373+00",17
"2021-08-01 23:13:50.373+00",18
"2021-08-01 23:14:00.373+00",19
"2021-08-01 23:14:10.373+00",15
"2021-08-01 23:14:20.373+00",21
"2021-08-01 23:14:30.373+00",23
"2021-08-01 23:14:40.373+00",19
"2021-08-01 23:14:50.373+00",22
