"time","requests_per_sec_out"
"2021-07-24 21:40:32.962+00",501.30580333559357
"2021-07-24 21:41:32.962+00",579.2581025213204
"2021-07-24 21:42:32.962+00",641.95624183942
"2021-07-24 21:43:32.962+00",647.3384644700512
"2021-07-24 21:44:32.962+00",644.3375820474198
"2021-07-24 21:45:32.962+00",651.3500440067429
"2021-07-24 21:46:32.962+00",620.7867633339833
"2021-07-24 21:47:32.962+00",649.2616741866416
"2021-07-24 21:48:32.962+00",655.2062656076349
"2021-07-24 21:49:32.962+00",671.6751371895817
"2021-07-24 21:50:32.962+00",672.3981910582248
"2021-07-24 21:51:32.962+00",668.5444772077701
"2021-07-24 21:52:32.962+00",662.6670590259974
"2021-07-24 21:53:32.962+00",655.7825208243277
"2021-07-24 21:54:32.962+00",672.1050164205421
"2021-07-24 21:55:32.962+00",677.2368241722409
"2021-07-24 21:56:32.962+00",676.1725389837268
"2021-07-24 21:57:32.962+00",678.463329321766
"2021-07-24 21:58:32.962+00",653.5319268115823
"2021-07-24 21:59:32.962+00",666.3835882075879
"2021-07-24 22:00:32.962+00",655.4450004067119
"2021-07-24 22:01:32.962+00",649.5299873329602
"2021-07-24 22:02:32.962+00",662.8363454583892
"2021-07-24 22:03:32.962+00",618.0602620618399
"2021-07-24 22:04:32.962+00",538.917980036791
"2021-07-24 22:05:32.962+00",545.9425249330443
"2021-07-24 22:06:32.962+00",533.2857323610469
"2021-07-24 22:07:32.962+00",527.9620607257187
"2021-07-24 22:08:32.962+00",498.7961861133881
"2021-07-24 22:09:32.962+00",417.5193615839733
"2021-07-24 22:10:32.962+00",409.7362780607928
"2021-07-24 22:11:32.962+00",426.2065515773803
"2021-07-24 22:12:32.962+00",434.4576336026056
"2021-07-24 22:13:32.962+00",474.99577751505007
"2021-07-24 22:14:32.962+00",475.0723159818807
"2021-07-24 22:15:32.962+00",452.2343086446432
"2021-07-24 22:16:32.962+00",457.0135689237829
"2021-07-24 22:17:32.962+00",450.1059870242953
"2021-07-24 22:18:32.962+00",418.0160178880812
"2021-07-24 22:19:32.962+00",470.75213044352046
"2021-07-24 22:20:32.962+00",461.238090583942
"2021-07-24 22:21:32.962+00",437.09482036361277
"2021-07-24 22:22:32.962+00",430.99090826628253
"2021-07-24 22:23:32.962+00",433.2839475615281
"2021-07-24 22:24:32.962+00",429.6823825703727
"2021-07-24 22:25:32.962+00",503.03570480045715
"2021-07-24 22:26:32.962+00",538.4630660622432
"2021-07-24 22:27:32.962+00",480.6765858805937
"2021-07-24 22:28:32.962+00",448.9188562461291
"2021-07-24 22:29:32.962+00",418.56429780086563
"2021-07-24 22:30:32.962+00",429.8364801632123
"2021-07-24 22:31:32.962+00",452.2129595398754
"2021-07-24 22:32:32.962+00",437.0619881809995
"2021-07-24 22:33:32.962+00",435.5244677023943
"2021-07-24 22:34:32.962+00",431.8630175289407
"2021-07-24 22:35:32.962+00",446.97646702448037
"2021-07-24 22:36:32.962+00",442.5722562267628
"2021-07-24 22:37:32.962+00",493.6985472243615
"2021-07-24 22:38:32.962+00",511.41706255120727
"2021-07-24 22:39:32.962+00",451.95706884950107
"2021-07-24 22:40:32.962+00",452.09503780003325
"2021-07-24 22:41:32.962+00",521.0172221405475
"2021-07-24 22:42:32.962+00",536.2202063828294
"2021-07-24 22:43:32.962+00",470.39250607960093
"2021-07-24 22:44:32.962+00",174.29951949095553
"2021-07-24 22:45:32.962+00",193.05772832232515
"2021-07-24 22:46:32.964+00",400.16736492173095
"2021-07-24 22:47:32.962+00",486.81574057422984
"2021-07-24 22:48:32.962+00",523.9901377785942
"2021-07-24 22:49:32.962+00",536.6773251169607
"2021-07-24 22:50:32.962+00",542.2068433394304
"2021-07-24 22:51:32.962+00",540.8770059573409
"2021-07-24 22:52:32.962+00",505.97866723681506
"2021-07-24 22:53:32.962+00",464.1756387360405
"2021-07-24 22:54:32.962+00",445.7941767294874
"2021-07-24 22:55:32.962+00",427.53685149301486
"2021-07-24 22:56:32.962+00",419.42907752434854
"2021-07-24 22:57:32.962+00",426.53933953057395
"2021-07-24 22:58:32.962+00",468.8796276225959
"2021-07-24 22:59:32.962+00",458.95118729606776
"2021-07-24 23:00:32.962+00",437.88276433434044
"2021-07-24 23:01:32.962+00",421.37622553874667
"2021-07-24 23:02:32.969+00",368.00149143186877
"2021-07-24 23:03:32.962+00",401.18065867985325
"2021-07-24 23:04:32.962+00",441.83484566945816
"2021-07-24 23:05:32.962+00",494.96484834077364
"2021-07-24 23:06:32.962+00",521.3161786258869
"2021-07-24 23:07:32.962+00",522.3267183318854
"2021-07-24 23:08:32.962+00",534.1749635976943
"2021-07-24 23:09:32.962+00",492.9144213545359
"2021-07-24 23:10:32.962+00",497.834549142492
"2021-07-24 23:11:32.962+00",247.26797663250966
"2021-07-24 23:12:32.962+00",92.22904618081809
"2021-07-24 23:13:32.962+00",317.7378358071786
"2021-07-24 23:14:32.962+00",429.91558008871885
"2021-07-24 23:15:32.962+00",482.620079441353
"2021-07-24 23:16:32.962+00",486.28419183072964
"2021-07-24 23:17:32.962+00",482.73882949987785
"2021-07-24 23:18:32.962+00",178.8539319458285
"2021-07-24 23:19:32.962+00",67.06092565320373
"2021-07-24 23:20:32.962+00",25.934576971397355
"2021-07-24 23:21:32.962+00",10.796115195565045
"2021-07-24 23:22:32.962+00",5.2359099426241045
"2021-07-24 23:23:32.962+00",3.190424741373671
"2021-07-24 23:24:32.962+00",2.437932788613205
"2021-07-24 23:25:32.962+00",2.1611064695456776
"2021-07-24 23:26:32.962+00",2.059267757985568
"2021-07-24 23:27:32.962+00",2.021803389687215
"2021-07-24 23:28:32.962+00",2.000467349966989
"2021-07-24 23:29:32.962+00",2.0001719284446877
"2021-07-24 23:30:32.962+00",2.0000632489401533
"2021-07-24 23:31:32.962+00",2.000023267984758
"2021-07-24 23:32:32.962+00",2.0000085598132302
"2021-07-24 23:33:32.962+00",2.0000031489793075
"2021-07-24 23:34:32.962+00",1.9885430223700788
"2021-07-24 23:35:32.962+00",1.9957852134719907
"2021-07-24 23:36:32.962+00",1.9984494666874186
"2021-07-24 23:37:32.962+00",1.9994295906714499
"2021-07-24 23:38:32.962+00",1.9997901581349746
"2021-07-24 23:39:32.962+00",1.9999228034919607
"2021-07-24 23:40:32.962+00",1.9999716009917625
"2021-07-24 23:41:32.962+00",1.989447558491158
"2021-07-24 23:42:32.962+00",1.996117973714733
"2021-07-24 23:43:32.962+00",1.9985718823395635
"2021-07-24 23:44:32.962+00",1.9994746248731516
"2021-07-24 23:45:32.962+00",1.99980672529193
"2021-07-24 23:46:32.962+00",1.9999288982084023
"2021-07-24 23:47:32.962+00",1.9999738431126408
"2021-07-24 23:48:32.962+00",1.9935963347842147
"2021-07-24 23:49:32.962+00",1.997644223218968
"2021-07-24 23:50:32.962+00",1.9991333581542692
"2021-07-24 23:51:32.962+00",1.9996811802820973
"2021-07-24 23:52:32.962+00",nan
"2021-07-24 23:59:32.399+00",2
"2021-07-25 00:00:32.399+00",2
"2021-07-25 00:01:32.399+00",2
"2021-07-25 00:02:32.399+00",1.9885418639253312
"2021-07-25 00:03:32.399+00",1.9957847873039847
"2021-07-25 00:04:32.399+00",1.998449309908971
"2021-07-25 00:05:32.399+00",1.9994295329958824
"2021-07-25 00:06:32.399+00",1.9997901369173192
"2021-07-25 00:07:32.399+00",1.9902236928979038
"2021-07-25 00:08:32.399+00",1.9964034976065606
"2021-07-25 00:09:32.399+00",1.9986769207093296
"2021-07-25 00:10:32.399+00",1.999513266329923
"2021-07-25 00:11:32.399+00",1.999820940689453
"2021-07-25 00:12:32.399+00",1.9884759916862298
"2021-07-25 00:13:32.399+00",1.9957605542614751
"2021-07-25 00:14:32.399+00",1.998440395070835
"2021-07-25 00:15:32.399+00",1.999426253410211
"2021-07-25 00:16:32.399+00",1.999788930425174
"2021-07-25 00:17:32.399+00",1.9999223518427647
"2021-07-25 00:18:32.399+00",1.9924177659925206
"2021-07-25 00:19:32.399+00",1.9972106519904977
"2021-07-25 00:20:32.399+00",1.998973856213032
"2021-07-25 00:21:32.399+00",1.999622502797089
"2021-07-25 00:22:32.399+00",1.9998611265399497
"2021-07-25 00:23:32.399+00",1.9839577942349877
"2021-07-25 00:24:32.399+00",1.99409840230801
"2021-07-25 00:25:32.399+00",1.9978289235390523
"2021-07-25 00:26:32.399+00",1.9992013056048061
"2021-07-25 00:27:32.399+00",1.9997061767522295
"2021-07-25 00:28:32.399+00",1.999891908467807
"2021-07-25 00:29:32.399+00",1.9852476973998
"2021-07-25 00:30:32.399+00",1.9945729311634457
"2021-07-25 00:31:32.399+00",1.998003492949209
"2021-07-25 00:32:32.399+00",1.9992655261018606
"2021-07-25 00:33:32.399+00",1.9997298021527976
"2021-07-25 00:34:32.399+00",1.9999005997669652
"2021-07-25 00:35:32.399+00",1.9852508947500775
"2021-07-25 00:36:32.399+00",1.99457410740288
"2021-07-25 00:37:32.399+00",1.9980039256635154
"2021-07-25 00:38:32.399+00",1.9992656852885577
"2021-07-25 00:39:32.399+00",1.9997298607143108
"2021-07-25 00:40:32.399+00",1.9999006213105424
"2021-07-25 00:41:32.399+00",1.999963440623258
"2021-07-25 00:42:32.399+00",1.9935925079222336
"2021-07-25 00:43:32.399+00",1.997642815395121
"2021-07-25 00:44:32.399+00",1.9991328402448187
"2021-07-25 00:45:32.399+00",1.9996809897538574
"2021-07-25 00:46:32.399+00",1.9998826426889211
"2021-07-25 00:47:32.399+00",1.999956826657983
"2021-07-25 00:48:32.399+00",1.9875302229155423
"2021-07-25 00:49:32.399+00",1.995412625374637
"2021-07-25 00:50:32.399+00",1.9983123991863776
"2021-07-25 00:51:32.399+00",1.9993791663557645
"2021-07-25 00:52:32.399+00",1.9997716080658987
"2021-07-25 00:53:32.399+00",1.9999159793029149
"2021-07-25 00:54:32.399+00",16.474398764923073
"2021-07-25 00:55:32.399+00",7.324833728932517
"2021-07-25 00:56:32.399+00",3.9588968565305422
"2021-07-25 00:57:32.399+00",2.7206378808929514
"2021-07-25 00:58:32.399+00",2.2651078609098714
"2021-07-25 00:59:32.399+00",317.68447265335334
"2021-07-25 01:00:32.399+00",459.0632302741172
"2021-07-25 01:01:32.399+00",509.7399089934387
"2021-07-25 01:02:32.399+00",519.0203172560896
"2021-07-25 01:03:32.399+00",467.9104322694272
"2021-07-25 01:04:32.399+00",440.7543372785769
"2021-07-25 01:05:32.399+00",439.26101569581203
"2021-07-25 01:06:32.399+00",436.8861213849098
"2021-07-25 01:07:32.399+00",435.06326554590777
"2021-07-25 01:08:32.399+00",479.91534394899867
"2021-07-25 01:09:32.399+00",404.99845840270496
"2021-07-25 01:10:32.399+00",415.42560474038055
"2021-07-25 01:11:32.399+00",422.6493590129959
"2021-07-25 01:12:32.399+00",426.2251851387366
"2021-07-25 01:13:32.399+00",423.2565131962086
"2021-07-25 01:14:32.399+00",467.1374757887982
"2021-07-25 01:15:32.399+00",499.0511395094345
"2021-07-25 01:16:32.399+00",515.7228540903411
"2021-07-25 01:17:32.399+00",512.852343160655
"2021-07-25 01:18:32.399+00",476.6734289145326
"2021-07-25 01:19:32.399+00",502.2200231634107
"2021-07-25 01:20:32.399+00",462.0458452927029
"2021-07-25 01:21:32.399+00",439.89792670133386
"2021-07-25 01:22:32.399+00",436.5996081568582
"2021-07-25 01:23:32.399+00",372.0686221470036
"2021-07-25 01:24:32.399+00",417.67741804896104
"2021-07-25 01:25:32.399+00",467.0970214043303
"2021-07-25 01:26:32.404+00",490.80937377965523
"2021-07-25 01:27:32.399+00",498.437783236727
"2021-07-25 01:28:32.399+00",477.0912587660474
"2021-07-25 01:29:32.399+00",444.740087855275
"2021-07-25 01:30:32.399+00",434.64217877508514
"2021-07-25 01:31:32.399+00",425.2155500565395
"2021-07-25 01:32:32.399+00",418.30097910062557
"2021-07-25 01:33:32.399+00",450.7397470223054
"2021-07-25 01:34:32.399+00",448.8585506044169
"2021-07-25 01:35:32.399+00",363.4769395690443
"2021-07-25 01:36:32.399+00",409.78551348586984
"2021-07-25 01:37:32.399+00",428.7539518534004
"2021-07-25 01:38:32.399+00",431.54261306621856
"2021-07-25 01:39:32.399+00",410.79937269060497
"2021-07-25 01:40:32.399+00",461.54680722091445
"2021-07-25 01:41:32.399+00",509.84461875574317
"2021-07-25 01:42:32.399+00",505.9416106175236
"2021-07-25 01:43:32.399+00",187.3897580970113
"2021-07-25 01:44:32.399+00",137.06606750244356
"2021-07-25 01:45:32.399+00",392.9653805160323
"2021-07-25 01:46:32.399+00",474.5824947373764
"2021-07-25 01:47:32.399+00",494.90643254820424
"2021-07-25 01:48:32.399+00",511.4384965533038
"2021-07-25 01:49:32.399+00",537.9600255737928
"2021-07-25 01:50:32.399+00",544.032461305434
"2021-07-25 01:51:32.399+00",524.3364376160072
"2021-07-25 01:52:32.399+00",481.54988104016087
"2021-07-25 01:53:32.399+00",458.9316442204463
"2021-07-25 01:54:32.399+00",424.9219881747353
"2021-07-25 01:55:32.399+00",415.5035050654076
"2021-07-25 01:56:32.399+00",457.55515971929077
"2021-07-25 01:57:32.399+00",469.765824000943
"2021-07-25 01:58:32.399+00",456.39495606687944
"2021-07-25 01:59:32.399+00",453.002565706559
"2021-07-25 02:00:32.399+00",448.9832254570941
"2021-07-25 02:01:32.399+00",445.5349148775266
"2021-07-25 02:02:32.399+00",412.81606592508496
"2021-07-25 02:03:32.399+00",386.40334712447196
"2021-07-25 02:04:32.399+00",425.97230193109255
"2021-07-25 02:05:32.399+00",435.74306939894564
"2021-07-25 02:06:32.399+00",438.62607630909366
"2021-07-25 02:07:32.399+00",443.58609486134264
"2021-07-25 02:08:32.399+00",442.99550015560504
"2021-07-25 02:09:32.399+00",432.3627165774093
"2021-07-25 02:10:32.399+00",474.0386832690124
"2021-07-25 02:11:32.399+00",521.3017754551993
"2021-07-25 02:12:32.399+00",531.8568291373787
"2021-07-25 02:13:32.399+00",532.4528438507492
"2021-07-25 02:14:32.399+00",540.4494190557639
"2021-07-25 02:15:32.399+00",532.7021634520995
"2021-07-25 02:16:32.399+00",523.2581518851822
"2021-07-25 02:17:32.399+00",529.6155021726206
"2021-07-25 02:18:32.399+00",535.2787899329203
"2021-07-25 02:19:32.399+00",525.1611867479783
"2021-07-25 02:20:32.399+00",530.7062484657397
"2021-07-25 02:21:32.399+00",530.1504156069224
"2021-07-25 02:22:32.399+00",513.7131151704245
"2021-07-25 02:23:32.399+00",514.6608083765603
"2021-07-25 02:24:32.399+00",486.62535229511155
"2021-07-25 02:25:32.399+00",518.6303248586081
"2021-07-25 02:26:32.399+00",517.0679712447633
"2021-07-25 02:27:32.399+00",521.8369463295328
"2021-07-25 02:28:32.399+00",535.1060760782674
"2021-07-25 02:29:32.399+00",537.5782467185617
"2021-07-25 02:30:32.399+00",533.0999638190473
"2021-07-25 02:31:32.399+00",541.4970049674912
"2021-07-25 02:32:32.399+00",226.81399584135184
"2021-07-25 02:33:32.399+00",83.44020603997839
"2021-07-25 02:34:32.399+00",30.69593636921727
"2021-07-25 02:35:32.399+00",11.292403917741805
"2021-07-25 02:36:32.399+00",4.154243242741063
"2021-07-25 02:37:32.399+00",1.528260682629823
"2021-07-25 02:38:32.399+00",0.5622156858901465
"2021-07-25 02:39:32.399+00",0.20682759234308637
"2021-07-25 02:40:32.399+00",0.07608761909000952
"2021-07-25 02:41:32.399+00",0.02799107079089829
"2021-07-25 02:42:32.399+00",0.010297339480345953
"2021-07-25 02:43:32.399+00",0.0037881794935823014
"2021-07-25 02:44:32.399+00",0.57136840413414
"2021-07-25 02:45:32.399+00",0.6680989207212341
"2021-07-25 02:46:32.399+00",0.24577985760217147
"2021-07-25 02:47:32.399+00",0.09041735666588356
"2021-07-25 02:48:32.399+00",0.5723846176690042
"2021-07-25 02:49:32.399+00",0.7089549585607092
"2021-07-25 02:50:32.399+00",0.26080995397103685
"2021-07-25 02:51:32.399+00",0.09594662011881472
"2021-07-25 02:52:32.399+00",0.03529678899159825
"2021-07-25 02:53:32.399+00",0.012984963009375483
"2021-07-25 02:54:32.399+00",0.004776900935520905
"2021-07-25 02:55:32.399+00",0.001757323646690772
"2021-07-25 02:56:32.399+00",0.0006464832411019626
"2021-07-25 02:57:32.399+00",0.0002378278934632929
"2021-07-25 02:58:32.399+00",8.749199254225756e-05
"2021-07-25 02:59:32.399+00",1.1040396619488946
"2021-07-25 03:00:32.399+00",0.40615349386886773
"2021-07-25 03:01:32.399+00",0.149415520354308
"2021-07-25 03:02:32.399+00",0.07095801520441847
"2021-07-25 03:03:32.399+00",1.2177396810480237
"2021-07-25 03:04:32.399+00",1.7122225110133524
"2021-07-25 03:05:32.399+00",1.894132578169871
"2021-07-25 03:06:32.399+00",1.9610535520188705
"2021-07-25 03:07:32.399+00",1.7963361558442525
"2021-07-25 03:08:32.399+00",0.660835141168041
"2021-07-25 03:09:32.399+00",0.2431076624393503
"2021-07-25 03:10:32.399+00",0.08943431100268388
"2021-07-25 03:11:32.399+00",0.03290104435322034
"2021-07-25 03:12:32.399+00",0.012103617810619544
"2021-07-25 03:13:32.399+00",0.0044526721563234355
"2021-07-25 03:14:32.399+00",0.001638046544587907
"2021-07-25 03:15:32.399+00",0.0006026036474358117
"2021-07-25 03:16:32.399+00",0.00022168549306655943
"2021-07-25 03:17:32.399+00",8.155353530514159e-05
"2021-07-25 03:18:32.399+00",3.0001868993611e-05
"2021-07-25 03:19:32.399+00",1.103707079946844e-05
"2021-07-25 03:20:32.399+00",0.015995177385573222
"2021-07-25 03:21:32.399+00",1.1986796091981362
"2021-07-25 03:22:32.399+00",1.7052107024325285
"2021-07-25 03:23:32.399+00",1.8915530779475571
"2021-07-25 03:24:32.399+00",1.9601046069185843
"2021-07-25 03:25:32.399+00",1.8573943684948109
"2021-07-25 03:26:32.399+00",0.6832972023168554
"2021-07-25 03:27:32.399+00",0.2513709929423349
"2021-07-25 03:28:32.399+00",0.9741394418990142
"2021-07-25 03:29:32.399+00",1.6226069911659853
"2021-07-25 03:30:32.399+00",1.8611648708081336
"2021-07-25 03:31:32.399+00",1.9489254102579312
"2021-07-25 03:32:32.399+00",1.9812107084676274
"2021-07-25 03:33:32.399+00",0.9378209114130932
"2021-07-25 03:34:32.399+00",0.34500503280954165
"2021-07-25 03:35:32.399+00",0.12692025867130935
"2021-07-25 03:36:32.399+00",0.04669135383333622
"2021-07-25 03:37:32.399+00",0.017176789155745817
"2021-07-25 03:38:32.399+00",0.006318987595735466
"2021-07-25 03:39:32.399+00",0.018315742699623785
"2021-07-25 03:40:32.399+00",1.198373671256965
"2021-07-25 03:41:32.399+00",1.7050981541536971
"2021-07-25 03:42:32.399+00",1.891511673749635
"2021-07-25 03:43:32.399+00",1.9600893751653905
"2021-07-25 03:44:32.399+00",1.7959814550022033
"2021-07-25 03:45:32.399+00",0.660704654020485
"2021-07-25 03:46:32.399+00",0.24305965890042727
"2021-07-25 03:47:32.399+00",0.08941665148761063
"2021-07-25 03:48:32.399+00",0.03289454778068384
"2021-07-25 03:49:32.399+00",0.012101227855145287
"2021-07-25 03:50:32.399+00",0.004451792940839141
"2021-07-25 03:51:32.399+00",0.0016377230992868762
"2021-07-25 03:52:32.399+00",0.0006024846585592188
"2021-07-25 03:53:32.399+00",0.00022164171950513276
"2021-07-25 03:54:32.399+00",8.153743191182587e-05
"2021-07-25 03:55:32.399+00",2.9995944886277043e-05
"2021-07-25 03:56:32.399+00",1.1034891442172988e-05
"2021-07-25 03:57:32.399+00",4.0595096971341325e-06
"2021-07-25 03:58:32.399+00",0.3595360326054851
"2021-07-25 03:59:32.399+00",0.5276313954762362
"2021-07-25 04:00:32.399+00",0.6054613407067744
"2021-07-25 04:01:32.399+00",0.6237554165894125
"2021-07-25 04:02:32.399+00",0.6277509343011642
"2021-07-25 04:03:32.399+00",0.628616845109813
"2021-07-25 04:04:32.399+00",0.6421761236670728
"2021-07-25 04:05:32.399+00",0.6511750952125402
"2021-07-25 04:06:32.399+00",0.6551991239249801
"2021-07-25 04:07:32.399+00",0.641684122709689
"2021-07-25 04:08:32.399+00",0.6438817716908835
"2021-07-25 04:09:32.399+00",0.6463282036320603
"2021-07-25 04:10:32.399+00",0.6472281956474445
"2021-07-25 04:11:32.399+00",0.6495785251000675
"2021-07-25 04:12:32.399+00",0.6538982865150371
"2021-07-25 04:13:32.399+00",0.6554874379303701
"2021-07-25 04:14:32.399+00",0.9629867993707515
"2021-07-25 04:15:32.399+00",0.5050074455794901
"2021-07-25 04:16:32.399+00",0.1857818568672005
"2021-07-25 04:17:32.399+00",0.237430780914971
"2021-07-25 04:18:32.399+00",0.5003425811662314
"2021-07-25 04:19:32.399+00",0.2171472987226457
"2021-07-25 04:20:32.399+00",0.07988402690597521
"2021-07-25 04:21:32.399+00",0.02938769117669464
"2021-07-25 04:22:32.399+00",0.010811127407401352
"2021-07-25 04:23:32.399+00",0.003977191509068076
"2021-07-25 04:24:32.399+00",0.0014631269897877697
"2021-07-25 04:25:32.399+00",0.0005382543393659797
"2021-07-25 04:26:32.399+00",0.00019801270557406064
"2021-07-25 04:27:32.399+00",7.284480347143081e-05
"2021-07-25 04:28:32.399+00",2.679810559331352e-05
"2021-07-25 04:29:32.399+00",9.858472110121487e-06
"2021-07-25 04:30:32.399+00",3.6267292106757445e-06
"2021-07-25 04:31:32.399+00",0.14814251715608343
"2021-07-25 04:32:32.399+00",0.05449858642511079
"2021-07-25 04:33:32.399+00",0.020048909518703324
"2021-07-25 04:34:32.399+00",0.2169240746305598
"2021-07-25 04:35:32.399+00",0.3505769387511707
"2021-07-25 04:36:32.399+00",0.4528079096205665
"2021-07-25 04:37:32.399+00",0.5064076991285493
"2021-07-25 04:38:32.399+00",0.519731917104972
"2021-07-25 04:39:32.399+00",0.23878361647170837
"2021-07-25 04:40:32.399+00",0.08784358338850813
"2021-07-25 04:41:32.399+00",0.032315848367461396
"2021-07-25 04:42:32.399+00",0.011888336238402774
"2021-07-25 04:43:32.399+00",0.00437347449184182
"2021-07-25 04:44:32.399+00",0.0016089113520363274
"2021-07-25 04:45:32.399+00",0.000591885409081514
"2021-07-25 04:46:32.399+00",0.00021774247353043802
"2021-07-25 04:47:32.399+00",8.010297948166517e-05
"2021-07-25 04:48:32.399+00",2.9468239327882507e-05
"2021-07-25 04:49:32.399+00",1.0840759416247743e-05
"2021-07-25 04:50:32.399+00",0.12097873860221908
"2021-07-25 04:51:32.399+00",0.044505590750610384
"2021-07-25 04:52:32.399+00",0.016372691854339476
"2021-07-25 04:53:32.399+00",0.006023176729846638
"2021-07-25 04:54:32.399+00",0.0022158028894528185
"2021-07-25 04:55:32.399+00",0.24106729635131752
"2021-07-25 04:56:32.399+00",0.5090838857888088
"2021-07-25 04:57:32.399+00",0.6214141525616658
"2021-07-25 04:58:32.399+00",0.24778761908445415
"2021-07-25 04:59:32.399+00",0.09115597083799123
"2021-07-25 05:00:32.399+00",0.033534407611320524
"2021-07-25 05:01:32.399+00",0.012336619132067964
"2021-07-25 05:02:32.399+00",0.0045383885522500885
"2021-07-25 05:03:32.399+00",0.0016695798444206346
"2021-07-25 05:04:32.399+00",0.007563914932602741
"2021-07-25 05:05:32.399+00",0.0027826087984742258
"2021-07-25 05:06:32.399+00",0.0010236645697814372
"2021-07-25 05:07:32.399+00",0.0003765851498782002
"2021-07-25 05:08:32.399+00",0.00013853793449065626
"2021-07-25 05:09:32.399+00",5.0965257921468516e-05
"2021-07-25 05:10:32.399+00",4.291681120103098
"2021-07-25 05:11:32.399+00",1.9787575952045309
"2021-07-25 05:12:32.399+00",0.9905901889007659
"2021-07-25 05:13:32.399+00",0.36441776512272744
"2021-07-25 05:14:32.399+00",0.13406180378629498
"2021-07-25 05:15:32.399+00",0.04931858145933776
"2021-07-25 05:16:32.399+00",0.01814329218662945
"2021-07-25 05:17:32.399+00",0.006674544190627442
"2021-07-25 05:18:32.399+00",0.0024554275869221216
"2021-07-25 05:19:32.399+00",0.0009033013285138536
"2021-07-25 05:20:32.399+00",0.000332305987943098
"2021-07-25 05:21:32.399+00",0.00012224854114243098
"2021-07-25 05:22:32.399+00",4.497272499950161e-05
"2021-07-25 05:23:32.399+00",1.6544540940773616e-05
"2021-07-25 05:24:32.399+00",6.086396475729851e-06
"2021-07-25 05:25:32.399+00",2.2390601342393346e-06
"2021-07-25 05:26:32.399+00",8.237041909332214e-07
"2021-07-25 05:27:32.399+00",3.030238374510887e-07
"2021-07-25 05:28:32.399+00",1.1147623998313253e-07
"2021-07-25 05:29:32.399+00",4.1009816868888424e-08
"2021-07-25 05:30:32.399+00",0.2415307422356616
"2021-07-25 05:31:32.399+00",0.5004148254962328
"2021-07-25 05:32:32.399+00",0.6090624448635565
"2021-07-25 05:33:32.399+00",0.6330405532868799
"2021-07-25 05:34:32.399+00",0.650837278633573
"2021-07-25 05:35:32.399+00",0.6725325537738865
"2021-07-25 05:36:32.399+00",0.6703269419906185
"2021-07-25 05:37:32.399+00",0.6667394767372533
"2021-07-25 05:38:32.399+00",0.6781432429703923
"2021-07-25 05:39:32.399+00",0.6721707382129877
"2021-07-25 05:40:32.399+00",0.6665016294840655
"2021-07-25 05:41:32.399+00",0.6772128525467607
"2021-07-25 05:42:32.399+00",0.6710529692628444
"2021-07-25 05:43:32.399+00",0.6687868748426762
"2021-07-25 05:44:32.399+00",0.5971368764226245
"2021-07-25 05:45:32.399+00",0.5026034432994747
"2021-07-25 05:46:32.399+00",0.6075932548067035
"2021-07-25 05:47:32.399+00",0.6580225259612632
"2021-07-25 05:48:32.399+00",0.6657644985085547
"2021-07-25 05:49:32.399+00",0.6765059893980706
"2021-07-25 05:50:32.399+00",0.6725641847086
"2021-07-25 05:51:32.399+00",0.681923995345962
"2021-07-25 05:52:32.399+00",0.67356159928412
"2021-07-25 05:53:32.399+00",0.6670132986776606
"2021-07-25 05:54:32.399+00",0.6743512501314911
"2021-07-25 05:55:32.399+00",0.6716706241023668
"2021-07-25 05:56:32.399+00",0.6691856367865616
"2021-07-25 05:57:32.399+00",0.6803122952492883
"2021-07-25 05:58:32.399+00",0.6739644463780735
"2021-07-25 05:59:32.399+00",0.5990415985456918
"2021-07-25 06:00:32.399+00",0.502025572283302
"2021-07-25 06:01:32.399+00",0.6039087209238304
"2021-07-25 06:02:32.399+00",0.6535297639127978
"2021-07-25 06:03:32.399+00",0.6623404478509686
"2021-07-25 06:04:32.399+00",0.6776072245463275
"2021-07-25 06:05:32.399+00",0.6711980506136589
"2021-07-25 06:06:32.399+00",0.6797834606364659
"2021-07-25 06:07:32.399+00",0.6848149747791658
"2021-07-25 06:08:32.399+00",0.6866659653902283
"2021-07-25 06:09:32.399+00",0.7191867698478065
"2021-07-25 06:10:32.399+00",0.6974375238508573
"2021-07-25 06:11:32.399+00",0.6917878775388588
"2021-07-25 06:12:32.399+00",0.6903134468251257
"2021-07-25 06:13:32.399+00",0.6758724085649832
"2021-07-25 06:14:32.399+00",0.5628965650094536
"2021-07-25 06:15:32.399+00",0.4910028950961152
"2021-07-25 06:16:32.399+00",0.6033256516163693
"2021-07-25 06:17:32.399+00",0.6388234833482425
"2021-07-25 06:18:32.399+00",0.6640998496508767
"2021-07-25 06:19:32.399+00",0.6788101404950388
"2021-07-25 06:20:32.399+00",0.6710366206463058
