"time","current_consumer_offset","consumergroup","kafka_partition"
"2021-08-03 02:15:17.394+00",393060,"stream-nexmark-v393774246","4"
"2021-08-03 02:15:17.394+00",391775,"stream-nexmark-v393774246","2"
"2021-08-03 02:15:17.394+00",392557,"stream-nexmark-v393774246","1"
"2021-08-03 02:15:17.394+00",392687,"stream-nexmark-v393774246","0"
"2021-08-03 02:15:17.394+00",392969,"stream-nexmark-v393774246","3"
"2021-08-03 02:15:27.394+00",395295,"stream-nexmark-v393774246","0"
"2021-08-03 02:15:27.394+00",395537,"stream-nexmark-v393774246","3"
"2021-08-03 02:15:27.394+00",395568,"stream-nexmark-v393774246","4"
"2021-08-03 02:15:27.394+00",395176,"stream-nexmark-v393774246","1"
"2021-08-03 02:15:27.394+00",394347,"stream-nexmark-v393774246","2"
"2021-08-03 02:15:37.394+00",396837,"stream-nexmark-v393774246","4"
"2021-08-03 02:15:37.394+00",396441,"stream-nexmark-v393774246","1"
"2021-08-03 02:15:37.394+00",395584,"stream-nexmark-v393774246","2"
"2021-08-03 02:15:37.394+00",396590,"stream-nexmark-v393774246","0"
"2021-08-03 02:15:37.394+00",396816,"stream-nexmark-v393774246","3"
"2021-08-03 02:15:47.394+00",399368,"stream-nexmark-v393774246","4"
"2021-08-03 02:15:47.394+00",399073,"stream-nexmark-v393774246","1"
"2021-08-03 02:15:47.394+00",398225,"stream-nexmark-v393774246","2"
"2021-08-03 02:15:47.394+00",399160,"stream-nexmark-v393774246","0"
"2021-08-03 02:15:47.394+00",399466,"stream-nexmark-v393774246","3"
"2021-08-03 02:15:57.394+00",401967,"stream-nexmark-v393774246","4"
"2021-08-03 02:15:57.394+00",401709,"stream-nexmark-v393774246","1"
"2021-08-03 02:15:57.394+00",401763,"stream-nexmark-v393774246","0"
"2021-08-03 02:15:57.394+00",402019,"stream-nexmark-v393774246","3"
"2021-08-03 02:15:57.394+00",400844,"stream-nexmark-v393774246","2"
"2021-08-03 02:16:07.394+00",403234,"stream-nexmark-v393774246","4"
"2021-08-03 02:16:07.394+00",403009,"stream-nexmark-v393774246","1"
"2021-08-03 02:16:07.394+00",402080,"stream-nexmark-v393774246","2"
"2021-08-03 02:16:07.394+00",403073,"stream-nexmark-v393774246","0"
"2021-08-03 02:16:07.394+00",403323,"stream-nexmark-v393774246","3"
"2021-08-03 02:16:17.394+00",404631,"stream-nexmark-v393774246","2"
"2021-08-03 02:16:17.394+00",405736,"stream-nexmark-v393774246","0"
"2021-08-03 02:16:17.394+00",405899,"stream-nexmark-v393774246","3"
"2021-08-03 02:16:17.394+00",405871,"stream-nexmark-v393774246","4"
"2021-08-03 02:16:17.394+00",405624,"stream-nexmark-v393774246","1"
"2021-08-03 02:16:27.394+00",408466,"stream-nexmark-v393774246","4"
"2021-08-03 02:16:27.394+00",408254,"stream-nexmark-v393774246","1"
"2021-08-03 02:16:27.394+00",407157,"stream-nexmark-v393774246","2"
"2021-08-03 02:16:27.394+00",408398,"stream-nexmark-v393774246","0"
"2021-08-03 02:16:27.394+00",408444,"stream-nexmark-v393774246","3"
"2021-08-03 02:16:37.394+00",409769,"stream-nexmark-v393774246","4"
"2021-08-03 02:16:37.394+00",409584,"stream-nexmark-v393774246","1"
"2021-08-03 02:16:37.394+00",408443,"stream-nexmark-v393774246","2"
"2021-08-03 02:16:37.394+00",409676,"stream-nexmark-v393774246","0"
"2021-08-03 02:16:37.394+00",409731,"stream-nexmark-v393774246","3"
"2021-08-03 02:16:47.394+00",410975,"stream-nexmark-v393774246","2"
"2021-08-03 02:16:47.394+00",412353,"stream-nexmark-v393774246","3"
"2021-08-03 02:16:47.394+00",412309,"stream-nexmark-v393774246","0"
"2021-08-03 02:16:47.394+00",412357,"stream-nexmark-v393774246","4"
"2021-08-03 02:16:47.394+00",412171,"stream-nexmark-v393774246","1"
"2021-08-03 02:16:57.394+00",414978,"stream-nexmark-v393774246","4"
"2021-08-03 02:16:57.394+00",414724,"stream-nexmark-v393774246","1"
"2021-08-03 02:16:57.394+00",415080,"stream-nexmark-v393774246","3"
"2021-08-03 02:16:57.394+00",413516,"stream-nexmark-v393774246","2"
"2021-08-03 02:16:57.394+00",414839,"stream-nexmark-v393774246","0"
"2021-08-03 02:17:07.394+00",416168,"stream-nexmark-v393774246","0"
"2021-08-03 02:17:07.394+00",416041,"stream-nexmark-v393774246","1"
"2021-08-03 02:17:07.394+00",416337,"stream-nexmark-v393774246","3"
"2021-08-03 02:17:07.394+00",416247,"stream-nexmark-v393774246","4"
"2021-08-03 02:17:07.394+00",414788,"stream-nexmark-v393774246","2"
"2021-08-03 02:17:17.394+00",418758,"stream-nexmark-v393774246","0"
"2021-08-03 02:17:17.394+00",418573,"stream-nexmark-v393774246","1"
"2021-08-03 02:17:17.394+00",418881,"stream-nexmark-v393774246","3"
"2021-08-03 02:17:17.394+00",418828,"stream-nexmark-v393774246","4"
"2021-08-03 02:17:17.394+00",417365,"stream-nexmark-v393774246","2"
"2021-08-03 02:17:27.394+00",421141,"stream-nexmark-v393774246","1"
"2021-08-03 02:17:27.394+00",421399,"stream-nexmark-v393774246","3"
"2021-08-03 02:17:27.394+00",421392,"stream-nexmark-v393774246","4"
"2021-08-03 02:17:27.394+00",419876,"stream-nexmark-v393774246","2"
"2021-08-03 02:17:27.394+00",421336,"stream-nexmark-v393774246","0"
"2021-08-03 02:17:37.394+00",422412,"stream-nexmark-v393774246","1"
"2021-08-03 02:17:37.394+00",422638,"stream-nexmark-v393774246","0"
"2021-08-03 02:17:37.394+00",421224,"stream-nexmark-v393774246","2"
"2021-08-03 02:17:37.394+00",422706,"stream-nexmark-v393774246","4"
"2021-08-03 02:17:37.394+00",422713,"stream-nexmark-v393774246","3"
"2021-08-03 02:17:47.394+00",425031,"stream-nexmark-v393774246","1"
"2021-08-03 02:17:47.394+00",425280,"stream-nexmark-v393774246","4"
"2021-08-03 02:17:47.394+00",425225,"stream-nexmark-v393774246","0"
"2021-08-03 02:17:47.394+00",423750,"stream-nexmark-v393774246","2"
"2021-08-03 02:17:47.394+00",425331,"stream-nexmark-v393774246","3"
"2021-08-03 02:17:57.394+00",427648,"stream-nexmark-v393774246","1"
"2021-08-03 02:17:57.394+00",427895,"stream-nexmark-v393774246","3"
"2021-08-03 02:17:57.394+00",427863,"stream-nexmark-v393774246","4"
"2021-08-03 02:17:57.394+00",426353,"stream-nexmark-v393774246","2"
"2021-08-03 02:17:57.394+00",427809,"stream-nexmark-v393774246","0"
"2021-08-03 02:18:07.394+00",428916,"stream-nexmark-v393774246","1"
"2021-08-03 02:18:07.394+00",429218,"stream-nexmark-v393774246","3"
"2021-08-03 02:18:07.394+00",429128,"stream-nexmark-v393774246","4"
"2021-08-03 02:18:07.394+00",427622,"stream-nexmark-v393774246","2"
"2021-08-03 02:18:07.394+00",429161,"stream-nexmark-v393774246","0"
"2021-08-03 02:18:17.394+00",430227,"stream-nexmark-v393774246","2"
"2021-08-03 02:18:17.394+00",431790,"stream-nexmark-v393774246","3"
"2021-08-03 02:18:17.394+00",431448,"stream-nexmark-v393774246","1"
"2021-08-03 02:18:17.394+00",431749,"stream-nexmark-v393774246","0"
"2021-08-03 02:18:17.394+00",431747,"stream-nexmark-v393774246","4"
"2021-08-03 02:18:27.394+00",434377,"stream-nexmark-v393774246","3"
"2021-08-03 02:18:27.394+00",434334,"stream-nexmark-v393774246","0"
"2021-08-03 02:18:27.394+00",432840,"stream-nexmark-v393774246","2"
"2021-08-03 02:18:27.394+00",433966,"stream-nexmark-v393774246","1"
"2021-08-03 02:18:27.394+00",434333,"stream-nexmark-v393774246","4"
"2021-08-03 02:18:37.394+00",435679,"stream-nexmark-v393774246","3"
"2021-08-03 02:18:37.394+00",435650,"stream-nexmark-v393774246","4"
"2021-08-03 02:18:37.394+00",434079,"stream-nexmark-v393774246","2"
"2021-08-03 02:18:37.394+00",435649,"stream-nexmark-v393774246","0"
"2021-08-03 02:18:37.394+00",435256,"stream-nexmark-v393774246","1"
"2021-08-03 02:18:47.394+00",438232,"stream-nexmark-v393774246","3"
"2021-08-03 02:18:47.394+00",437892,"stream-nexmark-v393774246","1"
"2021-08-03 02:18:47.394+00",436632,"stream-nexmark-v393774246","2"
"2021-08-03 02:18:47.394+00",438233,"stream-nexmark-v393774246","0"
"2021-08-03 02:18:47.394+00",438240,"stream-nexmark-v393774246","4"
"2021-08-03 02:18:57.394+00",440803,"stream-nexmark-v393774246","4"
"2021-08-03 02:18:57.394+00",440731,"stream-nexmark-v393774246","0"
"2021-08-03 02:18:57.394+00",439180,"stream-nexmark-v393774246","2"
"2021-08-03 02:18:57.394+00",440502,"stream-nexmark-v393774246","1"
"2021-08-03 02:18:57.394+00",440835,"stream-nexmark-v393774246","3"
"2021-08-03 02:19:07.394+00",440476,"stream-nexmark-v393774246","2"
"2021-08-03 02:19:07.394+00",441814,"stream-nexmark-v393774246","1"
"2021-08-03 02:19:07.394+00",442145,"stream-nexmark-v393774246","3"
"2021-08-03 02:19:07.394+00",442001,"stream-nexmark-v393774246","0"
"2021-08-03 02:19:07.394+00",442084,"stream-nexmark-v393774246","4"
"2021-08-03 02:19:17.394+00",442978,"stream-nexmark-v393774246","2"
"2021-08-03 02:19:17.394+00",444719,"stream-nexmark-v393774246","3"
"2021-08-03 02:19:17.394+00",444427,"stream-nexmark-v393774246","1"
"2021-08-03 02:19:17.394+00",444675,"stream-nexmark-v393774246","4"
"2021-08-03 02:19:17.394+00",444567,"stream-nexmark-v393774246","0"
"2021-08-03 02:19:27.394+00",447225,"stream-nexmark-v393774246","4"
"2021-08-03 02:19:27.394+00",447380,"stream-nexmark-v393774246","3"
"2021-08-03 02:19:27.394+00",447001,"stream-nexmark-v393774246","1"
"2021-08-03 02:19:27.394+00",447172,"stream-nexmark-v393774246","0"
"2021-08-03 02:19:27.394+00",445508,"stream-nexmark-v393774246","2"
"2021-08-03 02:19:37.394+00",448634,"stream-nexmark-v393774246","3"
"2021-08-03 02:19:37.394+00",448564,"stream-nexmark-v393774246","4"
"2021-08-03 02:19:37.394+00",446835,"stream-nexmark-v393774246","2"
"2021-08-03 02:19:37.394+00",448464,"stream-nexmark-v393774246","0"
"2021-08-03 02:19:37.394+00",448276,"stream-nexmark-v393774246","1"
"2021-08-03 02:19:47.394+00",451056,"stream-nexmark-v393774246","0"
"2021-08-03 02:19:47.394+00",451129,"stream-nexmark-v393774246","4"
"2021-08-03 02:19:47.394+00",451236,"stream-nexmark-v393774246","3"
"2021-08-03 02:19:47.394+00",450916,"stream-nexmark-v393774246","1"
"2021-08-03 02:19:47.394+00",449373,"stream-nexmark-v393774246","2"
"2021-08-03 02:19:57.394+00",453829,"stream-nexmark-v393774246","3"
"2021-08-03 02:19:57.394+00",453587,"stream-nexmark-v393774246","0"
"2021-08-03 02:19:57.394+00",451919,"stream-nexmark-v393774246","2"
"2021-08-03 02:19:57.394+00",453636,"stream-nexmark-v393774246","4"
"2021-08-03 02:19:57.394+00",453496,"stream-nexmark-v393774246","1"
"2021-08-03 02:20:07.394+00",455124,"stream-nexmark-v393774246","3"
"2021-08-03 02:20:07.394+00",454936,"stream-nexmark-v393774246","4"
"2021-08-03 02:20:07.394+00",453161,"stream-nexmark-v393774246","2"
"2021-08-03 02:20:07.394+00",454883,"stream-nexmark-v393774246","0"
"2021-08-03 02:20:07.394+00",454782,"stream-nexmark-v393774246","1"
"2021-08-03 02:20:17.394+00",nan,"stream-nexmark-v393774246","2"
"2021-08-03 02:20:17.394+00",nan,"stream-nexmark-v393774246","4"
"2021-08-03 02:20:17.394+00",nan,"stream-nexmark-v393774246","3"
"2021-08-03 02:20:17.394+00",nan,"stream-nexmark-v393774246","1"
"2021-08-03 02:20:17.394+00",nan,"stream-nexmark-v393774246","0"
"2021-08-03 02:31:07.394+00",597139,"stream-nexmark-v1155465023","1"
"2021-08-03 02:31:07.394+00",596964,"stream-nexmark-v1155465023","4"
"2021-08-03 02:31:07.394+00",597630,"stream-nexmark-v1155465023","0"
"2021-08-03 02:31:07.394+00",596023,"stream-nexmark-v1155465023","2"
"2021-08-03 02:31:07.394+00",597414,"stream-nexmark-v1155465023","3"
"2021-08-03 02:31:17.394+00",598743,"stream-nexmark-v1155465023","3"
"2021-08-03 02:31:17.394+00",597337,"stream-nexmark-v1155465023","2"
"2021-08-03 02:31:17.394+00",598917,"stream-nexmark-v1155465023","0"
"2021-08-03 02:31:17.394+00",598252,"stream-nexmark-v1155465023","4"
"2021-08-03 02:31:17.394+00",598407,"stream-nexmark-v1155465023","1"
"2021-08-03 02:31:27.394+00",599888,"stream-nexmark-v1155465023","2"
"2021-08-03 02:31:27.394+00",601005,"stream-nexmark-v1155465023","1"
"2021-08-03 02:31:27.394+00",601354,"stream-nexmark-v1155465023","3"
"2021-08-03 02:31:27.394+00",600768,"stream-nexmark-v1155465023","4"
"2021-08-03 02:31:27.394+00",601565,"stream-nexmark-v1155465023","0"
"2021-08-03 02:31:37.394+00",603290,"stream-nexmark-v1155465023","4"
"2021-08-03 02:31:37.394+00",603863,"stream-nexmark-v1155465023","3"
"2021-08-03 02:31:37.394+00",603576,"stream-nexmark-v1155465023","1"
"2021-08-03 02:31:37.394+00",602500,"stream-nexmark-v1155465023","2"
"2021-08-03 02:31:37.394+00",604154,"stream-nexmark-v1155465023","0"
"2021-08-03 02:31:47.399+00",605182,"stream-nexmark-v1155465023","3"
"2021-08-03 02:31:47.399+00",604560,"stream-nexmark-v1155465023","4"
"2021-08-03 02:31:47.399+00",605447,"stream-nexmark-v1155465023","0"
"2021-08-03 02:31:47.399+00",603788,"stream-nexmark-v1155465023","2"
"2021-08-03 02:31:47.399+00",604853,"stream-nexmark-v1155465023","1"
"2021-08-03 02:31:57.394+00",607999,"stream-nexmark-v1155465023","0"
"2021-08-03 02:31:57.394+00",606333,"stream-nexmark-v1155465023","2"
"2021-08-03 02:31:57.394+00",607478,"stream-nexmark-v1155465023","1"
"2021-08-03 02:31:57.394+00",607731,"stream-nexmark-v1155465023","3"
"2021-08-03 02:31:57.394+00",607157,"stream-nexmark-v1155465023","4"
"2021-08-03 02:32:07.394+00",610303,"stream-nexmark-v1155465023","3"
"2021-08-03 02:32:07.394+00",610049,"stream-nexmark-v1155465023","1"
"2021-08-03 02:32:07.394+00",609765,"stream-nexmark-v1155465023","4"
"2021-08-03 02:32:07.394+00",610625,"stream-nexmark-v1155465023","0"
"2021-08-03 02:32:07.394+00",608883,"stream-nexmark-v1155465023","2"
"2021-08-03 02:32:17.394+00",611852,"stream-nexmark-v1155465023","0"
"2021-08-03 02:32:17.394+00",611283,"stream-nexmark-v1155465023","1"
"2021-08-03 02:32:17.394+00",611582,"stream-nexmark-v1155465023","3"
"2021-08-03 02:32:17.394+00",610140,"stream-nexmark-v1155465023","2"
"2021-08-03 02:32:17.394+00",611038,"stream-nexmark-v1155465023","4"
"2021-08-03 02:32:27.394+00",614452,"stream-nexmark-v1155465023","0"
"2021-08-03 02:32:27.394+00",613613,"stream-nexmark-v1155465023","4"
"2021-08-03 02:32:27.394+00",614157,"stream-nexmark-v1155465023","3"
"2021-08-03 02:32:27.394+00",613880,"stream-nexmark-v1155465023","1"
"2021-08-03 02:32:27.394+00",612821,"stream-nexmark-v1155465023","2"
"2021-08-03 02:32:37.394+00",615398,"stream-nexmark-v1155465023","2"
"2021-08-03 02:32:37.394+00",616217,"stream-nexmark-v1155465023","4"
"2021-08-03 02:32:37.394+00",616693,"stream-nexmark-v1155465023","3"
"2021-08-03 02:32:37.394+00",616468,"stream-nexmark-v1155465023","1"
"2021-08-03 02:32:37.394+00",616999,"stream-nexmark-v1155465023","0"
"2021-08-03 02:32:47.394+00",617745,"stream-nexmark-v1155465023","1"
"2021-08-03 02:32:47.394+00",618014,"stream-nexmark-v1155465023","3"
"2021-08-03 02:32:47.394+00",617488,"stream-nexmark-v1155465023","4"
"2021-08-03 02:32:47.394+00",618297,"stream-nexmark-v1155465023","0"
"2021-08-03 02:32:47.394+00",616623,"stream-nexmark-v1155465023","2"
"2021-08-03 02:32:57.394+00",619233,"stream-nexmark-v1155465023","2"
"2021-08-03 02:32:57.394+00",620049,"stream-nexmark-v1155465023","4"
"2021-08-03 02:32:57.394+00",620792,"stream-nexmark-v1155465023","0"
"2021-08-03 02:32:57.394+00",620576,"stream-nexmark-v1155465023","3"
"2021-08-03 02:32:57.394+00",620291,"stream-nexmark-v1155465023","1"
"2021-08-03 02:33:07.394+00",621864,"stream-nexmark-v1155465023","2"
"2021-08-03 02:33:07.394+00",623103,"stream-nexmark-v1155465023","3"
"2021-08-03 02:33:07.394+00",622909,"stream-nexmark-v1155465023","1"
"2021-08-03 02:33:07.394+00",622659,"stream-nexmark-v1155465023","4"
"2021-08-03 02:33:07.394+00",623388,"stream-nexmark-v1155465023","0"
"2021-08-03 02:33:17.394+00",624448,"stream-nexmark-v1155465023","3"
"2021-08-03 02:33:17.394+00",623973,"stream-nexmark-v1155465023","4"
"2021-08-03 02:33:17.394+00",624623,"stream-nexmark-v1155465023","0"
"2021-08-03 02:33:17.394+00",623107,"stream-nexmark-v1155465023","2"
"2021-08-03 02:33:17.394+00",624211,"stream-nexmark-v1155465023","1"
"2021-08-03 02:33:27.394+00",626515,"stream-nexmark-v1155465023","4"
"2021-08-03 02:33:27.394+00",627266,"stream-nexmark-v1155465023","0"
"2021-08-03 02:33:27.394+00",625709,"stream-nexmark-v1155465023","2"
"2021-08-03 02:33:27.394+00",626758,"stream-nexmark-v1155465023","1"
"2021-08-03 02:33:27.394+00",627014,"stream-nexmark-v1155465023","3"
"2021-08-03 02:33:37.394+00",629541,"stream-nexmark-v1155465023","3"
"2021-08-03 02:33:37.394+00",629165,"stream-nexmark-v1155465023","4"
"2021-08-03 02:33:37.394+00",629837,"stream-nexmark-v1155465023","0"
"2021-08-03 02:33:37.394+00",628264,"stream-nexmark-v1155465023","2"
"2021-08-03 02:33:37.394+00",629392,"stream-nexmark-v1155465023","1"
"2021-08-03 02:33:47.394+00",630483,"stream-nexmark-v1155465023","4"
"2021-08-03 02:33:47.394+00",630650,"stream-nexmark-v1155465023","1"
"2021-08-03 02:33:47.394+00",630784,"stream-nexmark-v1155465023","3"
"2021-08-03 02:33:47.394+00",629572,"stream-nexmark-v1155465023","2"
"2021-08-03 02:33:47.394+00",631129,"stream-nexmark-v1155465023","0"
"2021-08-03 02:33:57.394+00",633697,"stream-nexmark-v1155465023","0"
"2021-08-03 02:33:57.394+00",633345,"stream-nexmark-v1155465023","3"
"2021-08-03 02:33:57.394+00",633244,"stream-nexmark-v1155465023","1"
"2021-08-03 02:33:57.394+00",633100,"stream-nexmark-v1155465023","4"
"2021-08-03 02:33:57.394+00",632139,"stream-nexmark-v1155465023","2"
"2021-08-03 02:34:07.394+00",635698,"stream-nexmark-v1155465023","4"
"2021-08-03 02:34:07.394+00",635791,"stream-nexmark-v1155465023","1"
"2021-08-03 02:34:07.394+00",635909,"stream-nexmark-v1155465023","3"
"2021-08-03 02:34:07.394+00",636264,"stream-nexmark-v1155465023","0"
"2021-08-03 02:34:07.394+00",634691,"stream-nexmark-v1155465023","2"
"2021-08-03 02:34:17.394+00",636998,"stream-nexmark-v1155465023","4"
"2021-08-03 02:34:17.394+00",637551,"stream-nexmark-v1155465023","0"
"2021-08-03 02:34:17.394+00",635990,"stream-nexmark-v1155465023","2"
"2021-08-03 02:34:17.394+00",637066,"stream-nexmark-v1155465023","1"
"2021-08-03 02:34:17.394+00",637258,"stream-nexmark-v1155465023","3"
"2021-08-03 02:34:27.399+00",639878,"stream-nexmark-v1155465023","3"
"2021-08-03 02:34:27.399+00",640119,"stream-nexmark-v1155465023","0"
"2021-08-03 02:34:27.399+00",638632,"stream-nexmark-v1155465023","2"
"2021-08-03 02:34:27.399+00",639629,"stream-nexmark-v1155465023","1"
"2021-08-03 02:34:27.399+00",639587,"stream-nexmark-v1155465023","4"
"2021-08-03 02:34:37.394+00",642382,"stream-nexmark-v1155465023","3"
"2021-08-03 02:34:37.394+00",642687,"stream-nexmark-v1155465023","0"
"2021-08-03 02:34:37.394+00",641210,"stream-nexmark-v1155465023","2"
"2021-08-03 02:34:37.394+00",642202,"stream-nexmark-v1155465023","1"
"2021-08-03 02:34:37.394+00",642223,"stream-nexmark-v1155465023","4"
"2021-08-03 02:34:47.394+00",643657,"stream-nexmark-v1155465023","3"
"2021-08-03 02:34:47.394+00",643987,"stream-nexmark-v1155465023","0"
"2021-08-03 02:34:47.394+00",642474,"stream-nexmark-v1155465023","2"
"2021-08-03 02:34:47.394+00",643440,"stream-nexmark-v1155465023","1"
"2021-08-03 02:34:47.394+00",643520,"stream-nexmark-v1155465023","4"
"2021-08-03 02:34:57.394+00",646574,"stream-nexmark-v1155465023","0"
"2021-08-03 02:34:57.394+00",646013,"stream-nexmark-v1155465023","1"
"2021-08-03 02:34:57.394+00",646249,"stream-nexmark-v1155465023","3"
"2021-08-03 02:34:57.394+00",646085,"stream-nexmark-v1155465023","4"
"2021-08-03 02:34:57.394+00",645039,"stream-nexmark-v1155465023","2"
"2021-08-03 02:35:07.394+00",649127,"stream-nexmark-v1155465023","0"
"2021-08-03 02:35:07.394+00",648491,"stream-nexmark-v1155465023","1"
"2021-08-03 02:35:07.394+00",648801,"stream-nexmark-v1155465023","3"
"2021-08-03 02:35:07.394+00",648674,"stream-nexmark-v1155465023","4"
"2021-08-03 02:35:07.394+00",647597,"stream-nexmark-v1155465023","2"
"2021-08-03 02:35:17.394+00",650387,"stream-nexmark-v1155465023","0"
"2021-08-03 02:35:17.394+00",649955,"stream-nexmark-v1155465023","4"
"2021-08-03 02:35:17.394+00",650133,"stream-nexmark-v1155465023","3"
"2021-08-03 02:35:17.394+00",648886,"stream-nexmark-v1155465023","2"
"2021-08-03 02:35:17.394+00",649831,"stream-nexmark-v1155465023","1"
"2021-08-03 02:35:27.394+00",652410,"stream-nexmark-v1155465023","1"
"2021-08-03 02:35:27.394+00",652981,"stream-nexmark-v1155465023","0"
"2021-08-03 02:35:27.394+00",651514,"stream-nexmark-v1155465023","2"
"2021-08-03 02:35:27.394+00",652562,"stream-nexmark-v1155465023","4"
"2021-08-03 02:35:27.394+00",652656,"stream-nexmark-v1155465023","3"
"2021-08-03 02:35:37.394+00",655100,"stream-nexmark-v1155465023","4"
"2021-08-03 02:35:37.394+00",655010,"stream-nexmark-v1155465023","1"
"2021-08-03 02:35:37.394+00",655156,"stream-nexmark-v1155465023","3"
"2021-08-03 02:35:37.394+00",655504,"stream-nexmark-v1155465023","0"
"2021-08-03 02:35:37.394+00",654112,"stream-nexmark-v1155465023","2"
"2021-08-03 02:35:47.394+00",656275,"stream-nexmark-v1155465023","1"
"2021-08-03 02:35:47.394+00",656336,"stream-nexmark-v1155465023","4"
"2021-08-03 02:35:47.394+00",656769,"stream-nexmark-v1155465023","0"
"2021-08-03 02:35:47.394+00",656512,"stream-nexmark-v1155465023","3"
"2021-08-03 02:35:47.394+00",655435,"stream-nexmark-v1155465023","2"
"2021-08-03 02:35:57.394+00",nan,"stream-nexmark-v1155465023","2"
"2021-08-03 02:35:57.394+00",nan,"stream-nexmark-v1155465023","0"
"2021-08-03 02:35:57.394+00",nan,"stream-nexmark-v1155465023","3"
"2021-08-03 02:35:57.394+00",nan,"stream-nexmark-v1155465023","1"
"2021-08-03 02:35:57.394+00",nan,"stream-nexmark-v1155465023","4"
"2021-08-03 02:48:37.394+00",1168727,"stream-nexmark-v-593172440","1"
"2021-08-03 02:48:37.394+00",1169564,"stream-nexmark-v-593172440","0"
"2021-08-03 02:48:37.394+00",1168683,"stream-nexmark-v-593172440","4"
"2021-08-03 02:48:37.394+00",1167714,"stream-nexmark-v-593172440","2"
"2021-08-03 02:48:37.394+00",1168012,"stream-nexmark-v-593172440","3"
"2021-08-03 02:48:47.394+00",1185692,"stream-nexmark-v-593172440","2"
"2021-08-03 02:48:47.394+00",1187520,"stream-nexmark-v-593172440","0"
"2021-08-03 02:48:47.394+00",1186136,"stream-nexmark-v-593172440","3"
"2021-08-03 02:48:47.394+00",1186676,"stream-nexmark-v-593172440","4"
"2021-08-03 02:48:47.394+00",1186747,"stream-nexmark-v-593172440","1"
"2021-08-03 02:48:57.404+00",1195840,"stream-nexmark-v-593172440","1"
"2021-08-03 02:48:57.404+00",1195705,"stream-nexmark-v-593172440","4"
"2021-08-03 02:48:57.404+00",1195187,"stream-nexmark-v-593172440","3"
"2021-08-03 02:48:57.404+00",1194633,"stream-nexmark-v-593172440","2"
"2021-08-03 02:48:57.404+00",1196495,"stream-nexmark-v-593172440","0"
"2021-08-03 02:49:07.394+00",1213947,"stream-nexmark-v-593172440","1"
"2021-08-03 02:49:07.394+00",1212772,"stream-nexmark-v-593172440","2"
"2021-08-03 02:49:07.394+00",1214669,"stream-nexmark-v-593172440","0"
"2021-08-03 02:49:07.394+00",1213801,"stream-nexmark-v-593172440","4"
"2021-08-03 02:49:07.394+00",1213317,"stream-nexmark-v-593172440","3"
"2021-08-03 02:49:17.394+00",1231924,"stream-nexmark-v-593172440","4"
"2021-08-03 02:49:17.394+00",1231724,"stream-nexmark-v-593172440","3"
"2021-08-03 02:49:17.394+00",1230876,"stream-nexmark-v-593172440","2"
"2021-08-03 02:49:17.394+00",1232768,"stream-nexmark-v-593172440","0"
"2021-08-03 02:49:17.394+00",1232053,"stream-nexmark-v-593172440","1"
"2021-08-03 02:49:27.394+00",1240968,"stream-nexmark-v-593172440","4"
"2021-08-03 02:49:27.394+00",1240669,"stream-nexmark-v-593172440","3"
"2021-08-03 02:49:27.394+00",1241033,"stream-nexmark-v-593172440","1"
"2021-08-03 02:49:27.394+00",1239916,"stream-nexmark-v-593172440","2"
"2021-08-03 02:49:27.394+00",1241798,"stream-nexmark-v-593172440","0"
"2021-08-03 02:49:37.394+00",1259189,"stream-nexmark-v-593172440","1"
"2021-08-03 02:49:37.394+00",1259264,"stream-nexmark-v-593172440","4"
"2021-08-03 02:49:37.394+00",1259848,"stream-nexmark-v-593172440","0"
"2021-08-03 02:49:37.394+00",1257819,"stream-nexmark-v-593172440","2"
"2021-08-03 02:49:37.394+00",1258989,"stream-nexmark-v-593172440","3"
"2021-08-03 02:49:47.394+00",1275786,"stream-nexmark-v-593172440","2"
"2021-08-03 02:49:47.394+00",1277372,"stream-nexmark-v-593172440","4"
"2021-08-03 02:49:47.394+00",1276935,"stream-nexmark-v-593172440","3"
"2021-08-03 02:49:47.394+00",1277080,"stream-nexmark-v-593172440","1"
"2021-08-03 02:49:47.394+00",1277861,"stream-nexmark-v-593172440","0"
"2021-08-03 02:49:57.394+00",1286288,"stream-nexmark-v-593172440","4"
"2021-08-03 02:49:57.394+00",1286084,"stream-nexmark-v-593172440","1"
"2021-08-03 02:49:57.394+00",1284848,"stream-nexmark-v-593172440","2"
"2021-08-03 02:49:57.394+00",1286923,"stream-nexmark-v-593172440","0"
"2021-08-03 02:49:57.394+00",1285895,"stream-nexmark-v-593172440","3"
"2021-08-03 02:50:07.394+00",1302811,"stream-nexmark-v-593172440","2"
"2021-08-03 02:50:07.394+00",1305048,"stream-nexmark-v-593172440","0"
"2021-08-03 02:50:07.394+00",1303983,"stream-nexmark-v-593172440","3"
"2021-08-03 02:50:07.394+00",1304264,"stream-nexmark-v-593172440","1"
"2021-08-03 02:50:07.394+00",1304095,"stream-nexmark-v-593172440","4"
"2021-08-03 02:50:17.394+00",1322216,"stream-nexmark-v-593172440","1"
"2021-08-03 02:50:17.394+00",1322022,"stream-nexmark-v-593172440","4"
"2021-08-03 02:50:17.394+00",1320846,"stream-nexmark-v-593172440","2"
"2021-08-03 02:50:17.394+00",1323065,"stream-nexmark-v-593172440","0"
"2021-08-03 02:50:17.394+00",1321955,"stream-nexmark-v-593172440","3"
"2021-08-03 02:50:27.394+00",1330725,"stream-nexmark-v-593172440","3"
"2021-08-03 02:50:27.394+00",1331901,"stream-nexmark-v-593172440","0"
"2021-08-03 02:50:27.394+00",1330946,"stream-nexmark-v-593172440","1"
"2021-08-03 02:50:27.394+00",1330823,"stream-nexmark-v-593172440","4"
"2021-08-03 02:50:27.394+00",1329596,"stream-nexmark-v-593172440","2"
"2021-08-03 02:50:37.394+00",1349954,"stream-nexmark-v-593172440","0"
"2021-08-03 02:50:37.394+00",1348612,"stream-nexmark-v-593172440","3"
"2021-08-03 02:50:37.394+00",1347666,"stream-nexmark-v-593172440","2"
"2021-08-03 02:50:37.394+00",1348798,"stream-nexmark-v-593172440","4"
"2021-08-03 02:50:37.394+00",1348970,"stream-nexmark-v-593172440","1"
"2021-08-03 02:50:47.394+00",1366731,"stream-nexmark-v-593172440","3"
"2021-08-03 02:50:47.394+00",1367960,"stream-nexmark-v-593172440","0"
"2021-08-03 02:50:47.394+00",1365534,"stream-nexmark-v-593172440","2"
"2021-08-03 02:50:47.394+00",1366785,"stream-nexmark-v-593172440","4"
"2021-08-03 02:50:47.394+00",1367257,"stream-nexmark-v-593172440","1"
"2021-08-03 02:50:57.394+00",1374773,"stream-nexmark-v-593172440","2"
"2021-08-03 02:50:57.394+00",1375749,"stream-nexmark-v-593172440","3"
"2021-08-03 02:50:57.394+00",1377046,"stream-nexmark-v-593172440","0"
"2021-08-03 02:50:57.394+00",1375881,"stream-nexmark-v-593172440","4"
"2021-08-03 02:50:57.394+00",1376470,"stream-nexmark-v-593172440","1"
"2021-08-03 02:51:07.394+00",1394977,"stream-nexmark-v-593172440","0"
"2021-08-03 02:51:07.394+00",1393964,"stream-nexmark-v-593172440","4"
"2021-08-03 02:51:07.394+00",1393704,"stream-nexmark-v-593172440","3"
"2021-08-03 02:51:07.394+00",1392746,"stream-nexmark-v-593172440","2"
"2021-08-03 02:51:07.394+00",1394571,"stream-nexmark-v-593172440","1"
"2021-08-03 02:51:17.394+00",1412364,"stream-nexmark-v-593172440","1"
"2021-08-03 02:51:17.394+00",1413108,"stream-nexmark-v-593172440","0"
"2021-08-03 02:51:17.394+00",1411842,"stream-nexmark-v-593172440","3"
"2021-08-03 02:51:17.394+00",1410805,"stream-nexmark-v-593172440","2"
"2021-08-03 02:51:17.394+00",1412017,"stream-nexmark-v-593172440","4"
"2021-08-03 02:51:27.394+00",1422074,"stream-nexmark-v-593172440","0"
"2021-08-03 02:51:27.394+00",1420881,"stream-nexmark-v-593172440","3"
"2021-08-03 02:51:27.394+00",1421400,"stream-nexmark-v-593172440","1"
"2021-08-03 02:51:27.394+00",1419791,"stream-nexmark-v-593172440","2"
"2021-08-03 02:51:27.394+00",1421090,"stream-nexmark-v-593172440","4"
"2021-08-03 02:51:37.394+00",1439470,"stream-nexmark-v-593172440","1"
"2021-08-03 02:51:37.394+00",1437816,"stream-nexmark-v-593172440","2"
"2021-08-03 02:51:37.394+00",1439128,"stream-nexmark-v-593172440","4"
"2021-08-03 02:51:37.394+00",1440122,"stream-nexmark-v-593172440","0"
"2021-08-03 02:51:37.394+00",1438943,"stream-nexmark-v-593172440","3"
"2021-08-03 02:51:47.394+00",1457578,"stream-nexmark-v-593172440","1"
"2021-08-03 02:51:47.394+00",1456978,"stream-nexmark-v-593172440","3"
"2021-08-03 02:51:47.394+00",1457341,"stream-nexmark-v-593172440","4"
"2021-08-03 02:51:47.394+00",1458053,"stream-nexmark-v-593172440","0"
"2021-08-03 02:51:47.394+00",1455879,"stream-nexmark-v-593172440","2"
"2021-08-03 02:51:57.394+00",1466705,"stream-nexmark-v-593172440","1"
"2021-08-03 02:51:57.394+00",1464894,"stream-nexmark-v-593172440","2"
"2021-08-03 02:51:57.394+00",1467090,"stream-nexmark-v-593172440","0"
"2021-08-03 02:51:57.394+00",1466302,"stream-nexmark-v-593172440","4"
"2021-08-03 02:51:57.394+00",1466077,"stream-nexmark-v-593172440","3"
"2021-08-03 02:52:07.394+00",1485526,"stream-nexmark-v-593172440","0"
"2021-08-03 02:52:07.394+00",1484316,"stream-nexmark-v-593172440","4"
"2021-08-03 02:52:07.394+00",1484166,"stream-nexmark-v-593172440","3"
"2021-08-03 02:52:07.394+00",1484721,"stream-nexmark-v-593172440","1"
"2021-08-03 02:52:07.394+00",1482895,"stream-nexmark-v-593172440","2"
"2021-08-03 02:52:17.404+00",1500600,"stream-nexmark-v-593172440","2"
"2021-08-03 02:52:17.404+00",1502725,"stream-nexmark-v-593172440","1"
"2021-08-03 02:52:17.404+00",1502127,"stream-nexmark-v-593172440","4"
"2021-08-03 02:52:17.404+00",1503229,"stream-nexmark-v-593172440","0"
"2021-08-03 02:52:17.404+00",1502178,"stream-nexmark-v-593172440","3"
"2021-08-03 02:52:27.394+00",1511710,"stream-nexmark-v-593172440","1"
"2021-08-03 02:52:27.394+00",1511311,"stream-nexmark-v-593172440","3"
"2021-08-03 02:52:27.394+00",1511470,"stream-nexmark-v-593172440","4"
"2021-08-03 02:52:27.394+00",1512273,"stream-nexmark-v-593172440","0"
"2021-08-03 02:52:27.394+00",1509719,"stream-nexmark-v-593172440","2"
"2021-08-03 02:52:37.394+00",1529490,"stream-nexmark-v-593172440","4"
"2021-08-03 02:52:37.394+00",1530306,"stream-nexmark-v-593172440","0"
"2021-08-03 02:52:37.394+00",1527516,"stream-nexmark-v-593172440","2"
"2021-08-03 02:52:37.394+00",1529684,"stream-nexmark-v-593172440","1"
"2021-08-03 02:52:37.394+00",1529409,"stream-nexmark-v-593172440","3"
"2021-08-03 02:52:47.394+00",1545413,"stream-nexmark-v-593172440","2"
"2021-08-03 02:52:47.394+00",1547634,"stream-nexmark-v-593172440","1"
"2021-08-03 02:52:47.394+00",1547346,"stream-nexmark-v-593172440","3"
"2021-08-03 02:52:47.394+00",1547403,"stream-nexmark-v-593172440","4"
"2021-08-03 02:52:47.394+00",1548358,"stream-nexmark-v-593172440","0"
"2021-08-03 02:52:57.4+00",1556691,"stream-nexmark-v-593172440","1"
"2021-08-03 02:52:57.4+00",1554571,"stream-nexmark-v-593172440","2"
"2021-08-03 02:52:57.4+00",1557347,"stream-nexmark-v-593172440","0"
"2021-08-03 02:52:57.4+00",1556427,"stream-nexmark-v-593172440","4"
"2021-08-03 02:52:57.4+00",1556415,"stream-nexmark-v-593172440","3"
"2021-08-03 02:53:07.394+00",1574747,"stream-nexmark-v-593172440","1"
"2021-08-03 02:53:07.394+00",1572480,"stream-nexmark-v-593172440","2"
"2021-08-03 02:53:07.394+00",1575406,"stream-nexmark-v-593172440","0"
"2021-08-03 02:53:07.394+00",1574512,"stream-nexmark-v-593172440","4"
"2021-08-03 02:53:07.394+00",1574456,"stream-nexmark-v-593172440","3"
"2021-08-03 02:53:17.394+00",1592309,"stream-nexmark-v-593172440","3"
"2021-08-03 02:53:17.394+00",1590402,"stream-nexmark-v-593172440","2"
"2021-08-03 02:53:17.394+00",1593208,"stream-nexmark-v-593172440","0"
"2021-08-03 02:53:17.394+00",1592305,"stream-nexmark-v-593172440","4"
"2021-08-03 02:53:17.394+00",1592715,"stream-nexmark-v-593172440","1"
"2021-08-03 02:53:27.394+00",nan,"stream-nexmark-v-593172440","1"
"2021-08-03 02:53:27.394+00",nan,"stream-nexmark-v-593172440","4"
"2021-08-03 02:53:27.394+00",nan,"stream-nexmark-v-593172440","0"
"2021-08-03 02:53:27.394+00",nan,"stream-nexmark-v-593172440","2"
"2021-08-03 02:53:27.394+00",nan,"stream-nexmark-v-593172440","3"
"2021-08-03 03:00:27.394+00",2236109,"stream-nexmark-v881722469","2"
"2021-08-03 03:00:27.394+00",2238836,"stream-nexmark-v881722469","0"
"2021-08-03 03:00:27.394+00",2236886,"stream-nexmark-v881722469","3"
"2021-08-03 03:00:27.394+00",2236235,"stream-nexmark-v881722469","4"
"2021-08-03 03:00:27.394+00",2237093,"stream-nexmark-v881722469","1"
"2021-08-03 03:00:37.394+00",2246009,"stream-nexmark-v881722469","1"
"2021-08-03 03:00:37.394+00",2245702,"stream-nexmark-v881722469","3"
"2021-08-03 03:00:37.394+00",2247827,"stream-nexmark-v881722469","0"
"2021-08-03 03:00:37.394+00",2245061,"stream-nexmark-v881722469","2"
"2021-08-03 03:00:37.394+00",2245099,"stream-nexmark-v881722469","4"
"2021-08-03 03:00:47.394+00",2263788,"stream-nexmark-v881722469","3"
"2021-08-03 03:00:47.394+00",2263055,"stream-nexmark-v881722469","2"
"2021-08-03 03:00:47.394+00",2263913,"stream-nexmark-v881722469","1"
"2021-08-03 03:00:47.394+00",2265880,"stream-nexmark-v881722469","0"
"2021-08-03 03:00:47.394+00",2263233,"stream-nexmark-v881722469","4"
"2021-08-03 03:00:57.394+00",2280968,"stream-nexmark-v881722469","2"
"2021-08-03 03:00:57.394+00",2281301,"stream-nexmark-v881722469","4"
"2021-08-03 03:00:57.394+00",2282047,"stream-nexmark-v881722469","1"
"2021-08-03 03:00:57.394+00",2283850,"stream-nexmark-v881722469","0"
"2021-08-03 03:00:57.394+00",2281807,"stream-nexmark-v881722469","3"
"2021-08-03 03:01:07.394+00",2290817,"stream-nexmark-v881722469","3"
"2021-08-03 03:01:07.394+00",2290443,"stream-nexmark-v881722469","4"
"2021-08-03 03:01:07.394+00",2291043,"stream-nexmark-v881722469","1"
"2021-08-03 03:01:07.394+00",2292739,"stream-nexmark-v881722469","0"
"2021-08-03 03:01:07.394+00",2289888,"stream-nexmark-v881722469","2"
"2021-08-03 03:01:17.394+00",2310799,"stream-nexmark-v881722469","0"
"2021-08-03 03:01:17.394+00",2308557,"stream-nexmark-v881722469","4"
"2021-08-03 03:01:17.394+00",2309009,"stream-nexmark-v881722469","1"
"2021-08-03 03:01:17.394+00",2307817,"stream-nexmark-v881722469","2"
"2021-08-03 03:01:17.394+00",2309021,"stream-nexmark-v881722469","3"
"2021-08-03 03:01:27.394+00",2326379,"stream-nexmark-v881722469","4"
"2021-08-03 03:01:27.394+00",2325592,"stream-nexmark-v881722469","2"
"2021-08-03 03:01:27.394+00",2328533,"stream-nexmark-v881722469","0"
"2021-08-03 03:01:27.394+00",2326946,"stream-nexmark-v881722469","3"
"2021-08-03 03:01:27.394+00",2326926,"stream-nexmark-v881722469","1"
"2021-08-03 03:01:37.394+00",2335814,"stream-nexmark-v881722469","1"
"2021-08-03 03:01:37.394+00",2335837,"stream-nexmark-v881722469","3"
"2021-08-03 03:01:37.394+00",2337505,"stream-nexmark-v881722469","0"
"2021-08-03 03:01:37.394+00",2335290,"stream-nexmark-v881722469","4"
"2021-08-03 03:01:37.394+00",2334498,"stream-nexmark-v881722469","2"
"2021-08-03 03:01:47.394+00",2352444,"stream-nexmark-v881722469","2"
"2021-08-03 03:01:47.394+00",2353274,"stream-nexmark-v881722469","4"
"2021-08-03 03:01:47.394+00",2353858,"stream-nexmark-v881722469","1"
"2021-08-03 03:01:47.394+00",2355461,"stream-nexmark-v881722469","0"
"2021-08-03 03:01:47.394+00",2353602,"stream-nexmark-v881722469","3"
"2021-08-03 03:01:57.394+00",2370360,"stream-nexmark-v881722469","2"
"2021-08-03 03:01:57.394+00",2371337,"stream-nexmark-v881722469","4"
"2021-08-03 03:01:57.394+00",2371558,"stream-nexmark-v881722469","3"
"2021-08-03 03:01:57.394+00",2373605,"stream-nexmark-v881722469","0"
"2021-08-03 03:01:57.394+00",2371786,"stream-nexmark-v881722469","1"
"2021-08-03 03:02:07.394+00",2382551,"stream-nexmark-v881722469","0"
"2021-08-03 03:02:07.394+00",2380573,"stream-nexmark-v881722469","3"
"2021-08-03 03:02:07.394+00",2379337,"stream-nexmark-v881722469","2"
"2021-08-03 03:02:07.394+00",2380309,"stream-nexmark-v881722469","4"
"2021-08-03 03:02:07.394+00",2380755,"stream-nexmark-v881722469","1"
"2021-08-03 03:02:17.394+00",2398670,"stream-nexmark-v881722469","1"
"2021-08-03 03:02:17.394+00",2397489,"stream-nexmark-v881722469","2"
"2021-08-03 03:02:17.394+00",2398715,"stream-nexmark-v881722469","3"
"2021-08-03 03:02:17.394+00",2400691,"stream-nexmark-v881722469","0"
"2021-08-03 03:02:17.394+00",2398445,"stream-nexmark-v881722469","4"
"2021-08-03 03:02:27.394+00",2416476,"stream-nexmark-v881722469","4"
"2021-08-03 03:02:27.394+00",2418552,"stream-nexmark-v881722469","0"
"2021-08-03 03:02:27.394+00",2416599,"stream-nexmark-v881722469","3"
"2021-08-03 03:02:27.394+00",2415401,"stream-nexmark-v881722469","2"
"2021-08-03 03:02:27.394+00",2416587,"stream-nexmark-v881722469","1"
"2021-08-03 03:02:37.394+00",2427402,"stream-nexmark-v881722469","0"
"2021-08-03 03:02:37.394+00",2425334,"stream-nexmark-v881722469","4"
"2021-08-03 03:02:37.394+00",2425645,"stream-nexmark-v881722469","1"
"2021-08-03 03:02:37.394+00",2424340,"stream-nexmark-v881722469","2"
"2021-08-03 03:02:37.394+00",2425391,"stream-nexmark-v881722469","3"
"2021-08-03 03:02:47.394+00",2443425,"stream-nexmark-v881722469","3"
"2021-08-03 03:02:47.394+00",2445231,"stream-nexmark-v881722469","0"
"2021-08-03 03:02:47.394+00",2443712,"stream-nexmark-v881722469","1"
"2021-08-03 03:02:47.394+00",2442335,"stream-nexmark-v881722469","2"
"2021-08-03 03:02:47.394+00",2443146,"stream-nexmark-v881722469","4"
"2021-08-03 03:02:57.394+00",2463276,"stream-nexmark-v881722469","0"
"2021-08-03 03:02:57.394+00",2461320,"stream-nexmark-v881722469","3"
"2021-08-03 03:02:57.394+00",2461078,"stream-nexmark-v881722469","4"
"2021-08-03 03:02:57.394+00",2461710,"stream-nexmark-v881722469","1"
"2021-08-03 03:02:57.394+00",2460543,"stream-nexmark-v881722469","2"
"2021-08-03 03:03:07.394+00",2470318,"stream-nexmark-v881722469","3"
"2021-08-03 03:03:07.394+00",2472286,"stream-nexmark-v881722469","0"
"2021-08-03 03:03:07.394+00",2470808,"stream-nexmark-v881722469","1"
"2021-08-03 03:03:07.394+00",2469583,"stream-nexmark-v881722469","2"
"2021-08-03 03:03:07.394+00",2470034,"stream-nexmark-v881722469","4"
"2021-08-03 03:03:17.409+00",2490357,"stream-nexmark-v881722469","0"
"2021-08-03 03:03:17.409+00",2488044,"stream-nexmark-v881722469","3"
"2021-08-03 03:03:17.409+00",2487723,"stream-nexmark-v881722469","2"
"2021-08-03 03:03:17.409+00",2488904,"stream-nexmark-v881722469","1"
"2021-08-03 03:03:17.409+00",2487920,"stream-nexmark-v881722469","4"
"2021-08-03 03:03:27.394+00",2505653,"stream-nexmark-v881722469","4"
"2021-08-03 03:03:27.394+00",2506782,"stream-nexmark-v881722469","1"
"2021-08-03 03:03:27.394+00",2505459,"stream-nexmark-v881722469","2"
"2021-08-03 03:03:27.394+00",2505883,"stream-nexmark-v881722469","3"
"2021-08-03 03:03:27.394+00",2508102,"stream-nexmark-v881722469","0"
"2021-08-03 03:03:37.394+00",2514640,"stream-nexmark-v881722469","4"
"2021-08-03 03:03:37.394+00",2515741,"stream-nexmark-v881722469","1"
"2021-08-03 03:03:37.394+00",2516911,"stream-nexmark-v881722469","0"
"2021-08-03 03:03:37.394+00",2514738,"stream-nexmark-v881722469","3"
"2021-08-03 03:03:37.394+00",2514395,"stream-nexmark-v881722469","2"
"2021-08-03 03:03:47.394+00",2532531,"stream-nexmark-v881722469","2"
"2021-08-03 03:03:47.394+00",2533460,"stream-nexmark-v881722469","1"
"2021-08-03 03:03:47.394+00",2532712,"stream-nexmark-v881722469","3"
"2021-08-03 03:03:47.394+00",2532470,"stream-nexmark-v881722469","4"
"2021-08-03 03:03:47.394+00",2535036,"stream-nexmark-v881722469","0"
"2021-08-03 03:03:57.394+00",2551244,"stream-nexmark-v881722469","1"
"2021-08-03 03:03:57.394+00",2550305,"stream-nexmark-v881722469","4"
"2021-08-03 03:03:57.394+00",2552983,"stream-nexmark-v881722469","0"
"2021-08-03 03:03:57.394+00",2550445,"stream-nexmark-v881722469","2"
"2021-08-03 03:03:57.394+00",2550520,"stream-nexmark-v881722469","3"
"2021-08-03 03:04:07.399+00",2559441,"stream-nexmark-v881722469","3"
"2021-08-03 03:04:07.399+00",2562026,"stream-nexmark-v881722469","0"
"2021-08-03 03:04:07.399+00",2559508,"stream-nexmark-v881722469","2"
"2021-08-03 03:04:07.399+00",2559276,"stream-nexmark-v881722469","4"
"2021-08-03 03:04:07.399+00",2560313,"stream-nexmark-v881722469","1"
"2021-08-03 03:04:17.394+00",2577544,"stream-nexmark-v881722469","2"
"2021-08-03 03:04:17.394+00",2577279,"stream-nexmark-v881722469","4"
"2021-08-03 03:04:17.394+00",2578380,"stream-nexmark-v881722469","1"
"2021-08-03 03:04:17.394+00",2579915,"stream-nexmark-v881722469","0"
"2021-08-03 03:04:17.394+00",2577409,"stream-nexmark-v881722469","3"
"2021-08-03 03:04:27.394+00",2597921,"stream-nexmark-v881722469","0"
"2021-08-03 03:04:27.394+00",2595439,"stream-nexmark-v881722469","3"
"2021-08-03 03:04:27.394+00",2595740,"stream-nexmark-v881722469","2"
"2021-08-03 03:04:27.394+00",2595036,"stream-nexmark-v881722469","4"
"2021-08-03 03:04:27.394+00",2596343,"stream-nexmark-v881722469","1"
"2021-08-03 03:04:37.394+00",2604833,"stream-nexmark-v881722469","2"
"2021-08-03 03:04:37.394+00",2605206,"stream-nexmark-v881722469","1"
"2021-08-03 03:04:37.394+00",2604013,"stream-nexmark-v881722469","4"
"2021-08-03 03:04:37.394+00",2606826,"stream-nexmark-v881722469","0"
"2021-08-03 03:04:37.394+00",2604333,"stream-nexmark-v881722469","3"
"2021-08-03 03:04:47.394+00",2622777,"stream-nexmark-v881722469","2"
"2021-08-03 03:04:47.394+00",2623202,"stream-nexmark-v881722469","1"
"2021-08-03 03:04:47.394+00",2622341,"stream-nexmark-v881722469","3"
"2021-08-03 03:04:47.394+00",2624712,"stream-nexmark-v881722469","0"
"2021-08-03 03:04:47.394+00",2622013,"stream-nexmark-v881722469","4"
"2021-08-03 03:04:57.394+00",2640325,"stream-nexmark-v881722469","3"
"2021-08-03 03:04:57.394+00",2641165,"stream-nexmark-v881722469","1"
"2021-08-03 03:04:57.394+00",2640623,"stream-nexmark-v881722469","2"
"2021-08-03 03:04:57.394+00",2642841,"stream-nexmark-v881722469","0"
"2021-08-03 03:04:57.394+00",2640094,"stream-nexmark-v881722469","4"
"2021-08-03 03:05:07.394+00",2649226,"stream-nexmark-v881722469","4"
"2021-08-03 03:05:07.394+00",2650074,"stream-nexmark-v881722469","1"
"2021-08-03 03:05:07.394+00",2649576,"stream-nexmark-v881722469","2"
"2021-08-03 03:05:07.394+00",2649390,"stream-nexmark-v881722469","3"
"2021-08-03 03:05:07.394+00",2651695,"stream-nexmark-v881722469","0"
"2021-08-03 03:05:17.394+00",2669478,"stream-nexmark-v881722469","0"
"2021-08-03 03:05:17.394+00",2667503,"stream-nexmark-v881722469","2"
"2021-08-03 03:05:17.394+00",2667132,"stream-nexmark-v881722469","4"
"2021-08-03 03:05:17.394+00",2668012,"stream-nexmark-v881722469","1"
"2021-08-03 03:05:17.394+00",2667192,"stream-nexmark-v881722469","3"
"2021-08-03 03:05:27.394+00",nan,"stream-nexmark-v881722469","0"
"2021-08-03 03:05:27.394+00",nan,"stream-nexmark-v881722469","1"
"2021-08-03 03:05:27.394+00",nan,"stream-nexmark-v881722469","3"
"2021-08-03 03:05:27.394+00",nan,"stream-nexmark-v881722469","2"
"2021-08-03 03:05:27.394+00",nan,"stream-nexmark-v881722469","4"
"2021-08-03 03:14:47.401+00",3929045,"stream-nexmark-v1885203788","1"
"2021-08-03 03:14:47.401+00",3926484,"stream-nexmark-v1885203788","4"
"2021-08-03 03:14:47.401+00",3928641,"stream-nexmark-v1885203788","2"
"2021-08-03 03:14:47.401+00",3928235,"stream-nexmark-v1885203788","3"
"2021-08-03 03:14:47.401+00",3930605,"stream-nexmark-v1885203788","0"
"2021-08-03 03:14:57.394+00",3963887,"stream-nexmark-v1885203788","3"
"2021-08-03 03:14:57.394+00",3962092,"stream-nexmark-v1885203788","4"
"2021-08-03 03:14:57.394+00",3966231,"stream-nexmark-v1885203788","0"
"2021-08-03 03:14:57.394+00",3964028,"stream-nexmark-v1885203788","2"
"2021-08-03 03:14:57.394+00",3964591,"stream-nexmark-v1885203788","1"
"2021-08-03 03:15:07.394+00",3981411,"stream-nexmark-v1885203788","3"
"2021-08-03 03:15:07.394+00",3983908,"stream-nexmark-v1885203788","0"
"2021-08-03 03:15:07.394+00",3981940,"stream-nexmark-v1885203788","2"
"2021-08-03 03:15:07.394+00",3982451,"stream-nexmark-v1885203788","1"
"2021-08-03 03:15:07.394+00",3979759,"stream-nexmark-v1885203788","4"
"2021-08-03 03:15:17.394+00",4015080,"stream-nexmark-v1885203788","4"
"2021-08-03 03:15:17.394+00",4016849,"stream-nexmark-v1885203788","3"
"2021-08-03 03:15:17.394+00",4017250,"stream-nexmark-v1885203788","2"
"2021-08-03 03:15:17.394+00",4019258,"stream-nexmark-v1885203788","0"
"2021-08-03 03:15:17.394+00",4017939,"stream-nexmark-v1885203788","1"
"2021-08-03 03:15:27.394+00",4054823,"stream-nexmark-v1885203788","0"
"2021-08-03 03:15:27.394+00",4052552,"stream-nexmark-v1885203788","2"
"2021-08-03 03:15:27.394+00",4053390,"stream-nexmark-v1885203788","1"
"2021-08-03 03:15:27.394+00",4052503,"stream-nexmark-v1885203788","3"
"2021-08-03 03:15:27.394+00",4050526,"stream-nexmark-v1885203788","4"
"2021-08-03 03:15:37.394+00",4072596,"stream-nexmark-v1885203788","0"
"2021-08-03 03:15:37.394+00",4070379,"stream-nexmark-v1885203788","2"
"2021-08-03 03:15:37.394+00",4070124,"stream-nexmark-v1885203788","3"
"2021-08-03 03:15:37.394+00",4071033,"stream-nexmark-v1885203788","1"
"2021-08-03 03:15:37.394+00",4068311,"stream-nexmark-v1885203788","4"
"2021-08-03 03:15:47.394+00",4106840,"stream-nexmark-v1885203788","1"
"2021-08-03 03:15:47.394+00",4105922,"stream-nexmark-v1885203788","3"
"2021-08-03 03:15:47.394+00",4104108,"stream-nexmark-v1885203788","4"
"2021-08-03 03:15:47.394+00",4108161,"stream-nexmark-v1885203788","0"
"2021-08-03 03:15:47.394+00",4106155,"stream-nexmark-v1885203788","2"
"2021-08-03 03:15:57.394+00",4141588,"stream-nexmark-v1885203788","2"
"2021-08-03 03:15:57.394+00",4139889,"stream-nexmark-v1885203788","4"
"2021-08-03 03:15:57.394+00",4141480,"stream-nexmark-v1885203788","3"
"2021-08-03 03:15:57.394+00",4142343,"stream-nexmark-v1885203788","1"
"2021-08-03 03:15:57.394+00",4143650,"stream-nexmark-v1885203788","0"
"2021-08-03 03:16:07.394+00",4157451,"stream-nexmark-v1885203788","4"
"2021-08-03 03:16:07.394+00",4159255,"stream-nexmark-v1885203788","2"
"2021-08-03 03:16:07.394+00",4160013,"stream-nexmark-v1885203788","1"
"2021-08-03 03:16:07.394+00",4159230,"stream-nexmark-v1885203788","3"
"2021-08-03 03:16:07.394+00",4161488,"stream-nexmark-v1885203788","0"
"2021-08-03 03:16:17.394+00",4192853,"stream-nexmark-v1885203788","4"
"2021-08-03 03:16:17.394+00",4196911,"stream-nexmark-v1885203788","0"
"2021-08-03 03:16:17.394+00",4195301,"stream-nexmark-v1885203788","1"
"2021-08-03 03:16:17.394+00",4194667,"stream-nexmark-v1885203788","2"
"2021-08-03 03:16:17.394+00",4194507,"stream-nexmark-v1885203788","3"
"2021-08-03 03:16:27.394+00",4230071,"stream-nexmark-v1885203788","2"
"2021-08-03 03:16:27.394+00",4230904,"stream-nexmark-v1885203788","1"
"2021-08-03 03:16:27.394+00",4229770,"stream-nexmark-v1885203788","3"
"2021-08-03 03:16:27.394+00",4232370,"stream-nexmark-v1885203788","0"
"2021-08-03 03:16:27.394+00",4228558,"stream-nexmark-v1885203788","4"
"2021-08-03 03:16:37.394+00",4250120,"stream-nexmark-v1885203788","0"
"2021-08-03 03:16:37.394+00",4248636,"stream-nexmark-v1885203788","1"
"2021-08-03 03:16:37.394+00",4247658,"stream-nexmark-v1885203788","3"
"2021-08-03 03:16:37.394+00",4246265,"stream-nexmark-v1885203788","4"
"2021-08-03 03:16:37.394+00",4247789,"stream-nexmark-v1885203788","2"
"2021-08-03 03:16:47.394+00",4283213,"stream-nexmark-v1885203788","3"
"2021-08-03 03:16:47.394+00",4284048,"stream-nexmark-v1885203788","1"
"2021-08-03 03:16:47.394+00",4285444,"stream-nexmark-v1885203788","0"
"2021-08-03 03:16:47.394+00",4283224,"stream-nexmark-v1885203788","2"
"2021-08-03 03:16:47.394+00",4281722,"stream-nexmark-v1885203788","4"
"2021-08-03 03:16:57.394+00",4318876,"stream-nexmark-v1885203788","3"
"2021-08-03 03:16:57.394+00",4319681,"stream-nexmark-v1885203788","1"
"2021-08-03 03:16:57.394+00",4317190,"stream-nexmark-v1885203788","4"
"2021-08-03 03:16:57.394+00",4318986,"stream-nexmark-v1885203788","2"
"2021-08-03 03:16:57.394+00",4321171,"stream-nexmark-v1885203788","0"
"2021-08-03 03:17:07.394+00",4335065,"stream-nexmark-v1885203788","4"
"2021-08-03 03:17:07.394+00",4338849,"stream-nexmark-v1885203788","0"
"2021-08-03 03:17:07.394+00",4337513,"stream-nexmark-v1885203788","1"
"2021-08-03 03:17:07.394+00",4336446,"stream-nexmark-v1885203788","3"
"2021-08-03 03:17:07.394+00",4336839,"stream-nexmark-v1885203788","2"
"2021-08-03 03:17:17.394+00",4372135,"stream-nexmark-v1885203788","3"
"2021-08-03 03:17:17.394+00",4372913,"stream-nexmark-v1885203788","1"
"2021-08-03 03:17:17.394+00",4372315,"stream-nexmark-v1885203788","2"
"2021-08-03 03:17:17.394+00",4370402,"stream-nexmark-v1885203788","4"
"2021-08-03 03:17:17.394+00",4374293,"stream-nexmark-v1885203788","0"
"2021-08-03 03:17:27.394+00",4407425,"stream-nexmark-v1885203788","3"
"2021-08-03 03:17:27.394+00",4408655,"stream-nexmark-v1885203788","1"
"2021-08-03 03:17:27.394+00",4406057,"stream-nexmark-v1885203788","4"
"2021-08-03 03:17:27.394+00",4407907,"stream-nexmark-v1885203788","2"
"2021-08-03 03:17:27.394+00",4409688,"stream-nexmark-v1885203788","0"
"2021-08-03 03:17:37.394+00",4423704,"stream-nexmark-v1885203788","4"
"2021-08-03 03:17:37.394+00",4427419,"stream-nexmark-v1885203788","0"
"2021-08-03 03:17:37.394+00",4425367,"stream-nexmark-v1885203788","3"
"2021-08-03 03:17:37.394+00",4425555,"stream-nexmark-v1885203788","2"
"2021-08-03 03:17:37.394+00",4426289,"stream-nexmark-v1885203788","1"
"2021-08-03 03:17:47.394+00",4459029,"stream-nexmark-v1885203788","4"
"2021-08-03 03:17:47.394+00",4462736,"stream-nexmark-v1885203788","0"
"2021-08-03 03:17:47.394+00",4460913,"stream-nexmark-v1885203788","3"
"2021-08-03 03:17:47.394+00",4460831,"stream-nexmark-v1885203788","2"
"2021-08-03 03:17:47.394+00",4461669,"stream-nexmark-v1885203788","1"
"2021-08-03 03:17:57.394+00",4497302,"stream-nexmark-v1885203788","1"
"2021-08-03 03:17:57.394+00",4496196,"stream-nexmark-v1885203788","2"
"2021-08-03 03:17:57.394+00",4494449,"stream-nexmark-v1885203788","4"
"2021-08-03 03:17:57.394+00",4498107,"stream-nexmark-v1885203788","0"
"2021-08-03 03:17:57.394+00",4496373,"stream-nexmark-v1885203788","3"
"2021-08-03 03:18:07.394+00",4515826,"stream-nexmark-v1885203788","0"
"2021-08-03 03:18:07.394+00",4514860,"stream-nexmark-v1885203788","1"
"2021-08-03 03:18:07.394+00",4511956,"stream-nexmark-v1885203788","4"
"2021-08-03 03:18:07.394+00",4513819,"stream-nexmark-v1885203788","2"
"2021-08-03 03:18:07.394+00",4513871,"stream-nexmark-v1885203788","3"
"2021-08-03 03:18:17.394+00",4547450,"stream-nexmark-v1885203788","4"
"2021-08-03 03:18:17.394+00",4549108,"stream-nexmark-v1885203788","3"
"2021-08-03 03:18:17.394+00",4551336,"stream-nexmark-v1885203788","0"
"2021-08-03 03:18:17.394+00",4550535,"stream-nexmark-v1885203788","1"
"2021-08-03 03:18:17.394+00",4549288,"stream-nexmark-v1885203788","2"
"2021-08-03 03:18:27.394+00",4584634,"stream-nexmark-v1885203788","3"
"2021-08-03 03:18:27.394+00",4585814,"stream-nexmark-v1885203788","1"
"2021-08-03 03:18:27.394+00",4583177,"stream-nexmark-v1885203788","4"
"2021-08-03 03:18:27.394+00",4586635,"stream-nexmark-v1885203788","0"
"2021-08-03 03:18:27.394+00",4584608,"stream-nexmark-v1885203788","2"
"2021-08-03 03:18:37.394+00",4602460,"stream-nexmark-v1885203788","3"
"2021-08-03 03:18:37.394+00",4604429,"stream-nexmark-v1885203788","0"
"2021-08-03 03:18:37.394+00",4603571,"stream-nexmark-v1885203788","1"
"2021-08-03 03:18:37.394+00",4601025,"stream-nexmark-v1885203788","4"
"2021-08-03 03:18:37.394+00",4602281,"stream-nexmark-v1885203788","2"
"2021-08-03 03:18:47.394+00",4637811,"stream-nexmark-v1885203788","3"
"2021-08-03 03:18:47.394+00",4636646,"stream-nexmark-v1885203788","4"
"2021-08-03 03:18:47.394+00",4639196,"stream-nexmark-v1885203788","1"
"2021-08-03 03:18:47.394+00",4637769,"stream-nexmark-v1885203788","2"
"2021-08-03 03:18:47.394+00",4640015,"stream-nexmark-v1885203788","0"
"2021-08-03 03:18:57.394+00",4675496,"stream-nexmark-v1885203788","0"
"2021-08-03 03:18:57.394+00",4674467,"stream-nexmark-v1885203788","1"
"2021-08-03 03:18:57.394+00",4672847,"stream-nexmark-v1885203788","3"
"2021-08-03 03:18:57.394+00",4673136,"stream-nexmark-v1885203788","2"
"2021-08-03 03:18:57.394+00",4672026,"stream-nexmark-v1885203788","4"
"2021-08-03 03:19:07.394+00",4692249,"stream-nexmark-v1885203788","1"
"2021-08-03 03:19:07.394+00",4690577,"stream-nexmark-v1885203788","3"
"2021-08-03 03:19:07.394+00",4690865,"stream-nexmark-v1885203788","2"
"2021-08-03 03:19:07.394+00",4689721,"stream-nexmark-v1885203788","4"
"2021-08-03 03:19:07.394+00",4693465,"stream-nexmark-v1885203788","0"
"2021-08-03 03:19:17.394+00",4728880,"stream-nexmark-v1885203788","0"
"2021-08-03 03:19:17.394+00",4725207,"stream-nexmark-v1885203788","4"
"2021-08-03 03:19:17.394+00",4727899,"stream-nexmark-v1885203788","1"
"2021-08-03 03:19:17.394+00",4726266,"stream-nexmark-v1885203788","2"
"2021-08-03 03:19:17.394+00",4726301,"stream-nexmark-v1885203788","3"
"2021-08-03 03:19:27.394+00",4761801,"stream-nexmark-v1885203788","3"
"2021-08-03 03:19:27.394+00",4763407,"stream-nexmark-v1885203788","1"
"2021-08-03 03:19:27.394+00",4760264,"stream-nexmark-v1885203788","4"
"2021-08-03 03:19:27.394+00",4762084,"stream-nexmark-v1885203788","2"
"2021-08-03 03:19:27.394+00",4764242,"stream-nexmark-v1885203788","0"
"2021-08-03 03:19:37.398+00",4778093,"stream-nexmark-v1885203788","4"
"2021-08-03 03:19:37.398+00",4779888,"stream-nexmark-v1885203788","2"
"2021-08-03 03:19:37.398+00",4781064,"stream-nexmark-v1885203788","1"
"2021-08-03 03:19:37.398+00",4782030,"stream-nexmark-v1885203788","0"
"2021-08-03 03:19:37.398+00",4779610,"stream-nexmark-v1885203788","3"
"2021-08-03 03:19:47.394+00",nan,"stream-nexmark-v1885203788","1"
"2021-08-03 03:19:47.394+00",nan,"stream-nexmark-v1885203788","2"
"2021-08-03 03:19:47.394+00",nan,"stream-nexmark-v1885203788","3"
"2021-08-03 03:19:47.394+00",nan,"stream-nexmark-v1885203788","4"
"2021-08-03 03:19:47.394+00",nan,"stream-nexmark-v1885203788","0"
"2021-08-03 03:27:17.394+00",6148327,"stream-nexmark-v-1499533054","0"
"2021-08-03 03:27:17.394+00",6147119,"stream-nexmark-v-1499533054","2"
"2021-08-03 03:27:17.394+00",6144685,"stream-nexmark-v-1499533054","4"
"2021-08-03 03:27:17.394+00",6146610,"stream-nexmark-v-1499533054","3"
"2021-08-03 03:27:17.394+00",6148312,"stream-nexmark-v-1499533054","1"
"2021-08-03 03:27:27.394+00",6166018,"stream-nexmark-v-1499533054","1"
"2021-08-03 03:27:27.394+00",6165959,"stream-nexmark-v-1499533054","0"
"2021-08-03 03:27:27.394+00",6162320,"stream-nexmark-v-1499533054","4"
"2021-08-03 03:27:27.394+00",6164648,"stream-nexmark-v-1499533054","2"
"2021-08-03 03:27:27.394+00",6164148,"stream-nexmark-v-1499533054","3"
"2021-08-03 03:27:37.394+00",6201656,"stream-nexmark-v-1499533054","0"
"2021-08-03 03:27:37.394+00",6200160,"stream-nexmark-v-1499533054","2"
"2021-08-03 03:27:37.394+00",6197864,"stream-nexmark-v-1499533054","4"
"2021-08-03 03:27:37.394+00",6199818,"stream-nexmark-v-1499533054","3"
"2021-08-03 03:27:37.394+00",6201419,"stream-nexmark-v-1499533054","1"
"2021-08-03 03:27:47.394+00",6236527,"stream-nexmark-v-1499533054","0"
"2021-08-03 03:27:47.394+00",6234965,"stream-nexmark-v-1499533054","3"
"2021-08-03 03:27:47.394+00",6235486,"stream-nexmark-v-1499533054","2"
"2021-08-03 03:27:47.394+00",6236519,"stream-nexmark-v-1499533054","1"
"2021-08-03 03:27:47.394+00",6232742,"stream-nexmark-v-1499533054","4"
"2021-08-03 03:27:57.394+00",6253199,"stream-nexmark-v-1499533054","2"
"2021-08-03 03:27:57.394+00",6254272,"stream-nexmark-v-1499533054","1"
"2021-08-03 03:27:57.394+00",6250364,"stream-nexmark-v-1499533054","4"
"2021-08-03 03:27:57.394+00",6254519,"stream-nexmark-v-1499533054","0"
"2021-08-03 03:27:57.394+00",6252748,"stream-nexmark-v-1499533054","3"
"2021-08-03 03:28:07.397+00",6289972,"stream-nexmark-v-1499533054","0"
"2021-08-03 03:28:07.397+00",6289603,"stream-nexmark-v-1499533054","1"
"2021-08-03 03:28:07.397+00",6285836,"stream-nexmark-v-1499533054","4"
"2021-08-03 03:28:07.397+00",6288465,"stream-nexmark-v-1499533054","2"
"2021-08-03 03:28:07.397+00",6288300,"stream-nexmark-v-1499533054","3"
"2021-08-03 03:28:17.394+00",6324947,"stream-nexmark-v-1499533054","0"
"2021-08-03 03:28:17.394+00",6323325,"stream-nexmark-v-1499533054","3"
"2021-08-03 03:28:17.394+00",6324819,"stream-nexmark-v-1499533054","1"
"2021-08-03 03:28:17.394+00",6323631,"stream-nexmark-v-1499533054","2"
"2021-08-03 03:28:17.394+00",6320896,"stream-nexmark-v-1499533054","4"
"2021-08-03 03:28:27.406+00",6342530,"stream-nexmark-v-1499533054","0"
"2021-08-03 03:28:27.406+00",6341159,"stream-nexmark-v-1499533054","3"
"2021-08-03 03:28:27.406+00",6341330,"stream-nexmark-v-1499533054","2"
"2021-08-03 03:28:27.406+00",6338546,"stream-nexmark-v-1499533054","4"
"2021-08-03 03:28:27.406+00",6342454,"stream-nexmark-v-1499533054","1"
"2021-08-03 03:28:37.394+00",6374565,"stream-nexmark-v-1499533054","4"
"2021-08-03 03:28:37.394+00",6378428,"stream-nexmark-v-1499533054","1"
"2021-08-03 03:28:37.394+00",6378387,"stream-nexmark-v-1499533054","0"
"2021-08-03 03:28:37.394+00",6377168,"stream-nexmark-v-1499533054","3"
"2021-08-03 03:28:37.394+00",6377392,"stream-nexmark-v-1499533054","2"
"2021-08-03 03:28:47.394+00",6412868,"stream-nexmark-v-1499533054","0"
"2021-08-03 03:28:47.394+00",6411657,"stream-nexmark-v-1499533054","3"
"2021-08-03 03:28:47.394+00",6412992,"stream-nexmark-v-1499533054","1"
"2021-08-03 03:28:47.394+00",6408973,"stream-nexmark-v-1499533054","4"
"2021-08-03 03:28:47.394+00",6412150,"stream-nexmark-v-1499533054","2"
"2021-08-03 03:28:57.394+00",6429768,"stream-nexmark-v-1499533054","2"
"2021-08-03 03:28:57.394+00",6430560,"stream-nexmark-v-1499533054","0"
"2021-08-03 03:28:57.394+00",6426801,"stream-nexmark-v-1499533054","4"
"2021-08-03 03:28:57.394+00",6430572,"stream-nexmark-v-1499533054","1"
"2021-08-03 03:28:57.394+00",6429358,"stream-nexmark-v-1499533054","3"
"2021-08-03 03:29:07.394+00",6466666,"stream-nexmark-v-1499533054","1"
"2021-08-03 03:29:07.394+00",6465452,"stream-nexmark-v-1499533054","3"
"2021-08-03 03:29:07.394+00",6466660,"stream-nexmark-v-1499533054","0"
"2021-08-03 03:29:07.394+00",6462583,"stream-nexmark-v-1499533054","4"
"2021-08-03 03:29:07.394+00",6465477,"stream-nexmark-v-1499533054","2"
"2021-08-03 03:29:17.394+00",6496965,"stream-nexmark-v-1499533054","4"
"2021-08-03 03:29:17.394+00",6500143,"stream-nexmark-v-1499533054","3"
"2021-08-03 03:29:17.394+00",6500139,"stream-nexmark-v-1499533054","2"
"2021-08-03 03:29:17.394+00",6501357,"stream-nexmark-v-1499533054","1"
"2021-08-03 03:29:17.394+00",6501405,"stream-nexmark-v-1499533054","0"
"2021-08-03 03:29:27.394+00",6517504,"stream-nexmark-v-1499533054","3"
"2021-08-03 03:29:27.394+00",6518956,"stream-nexmark-v-1499533054","0"
"2021-08-03 03:29:27.394+00",6517605,"stream-nexmark-v-1499533054","2"
"2021-08-03 03:29:27.394+00",6518710,"stream-nexmark-v-1499533054","1"
"2021-08-03 03:29:27.394+00",6514364,"stream-nexmark-v-1499533054","4"
"2021-08-03 03:29:37.394+00",6554395,"stream-nexmark-v-1499533054","1"
"2021-08-03 03:29:37.394+00",6553530,"stream-nexmark-v-1499533054","3"
"2021-08-03 03:29:37.394+00",6550314,"stream-nexmark-v-1499533054","4"
"2021-08-03 03:29:37.394+00",6553454,"stream-nexmark-v-1499533054","2"
"2021-08-03 03:29:37.394+00",6554885,"stream-nexmark-v-1499533054","0"
"2021-08-03 03:29:47.394+00",6589081,"stream-nexmark-v-1499533054","1"
"2021-08-03 03:29:47.394+00",6584995,"stream-nexmark-v-1499533054","4"
"2021-08-03 03:29:47.394+00",6589522,"stream-nexmark-v-1499533054","0"
"2021-08-03 03:29:47.394+00",6588332,"stream-nexmark-v-1499533054","3"
"2021-08-03 03:29:47.394+00",6588426,"stream-nexmark-v-1499533054","2"
"2021-08-03 03:29:57.394+00",6607241,"stream-nexmark-v-1499533054","0"
"2021-08-03 03:29:57.394+00",6606024,"stream-nexmark-v-1499533054","2"
"2021-08-03 03:29:57.394+00",6606597,"stream-nexmark-v-1499533054","1"
"2021-08-03 03:29:57.394+00",6602644,"stream-nexmark-v-1499533054","4"
"2021-08-03 03:29:57.394+00",6605985,"stream-nexmark-v-1499533054","3"
"2021-08-03 03:30:07.394+00",6641950,"stream-nexmark-v-1499533054","1"
"2021-08-03 03:30:07.394+00",6641233,"stream-nexmark-v-1499533054","2"
"2021-08-03 03:30:07.394+00",6642410,"stream-nexmark-v-1499533054","0"
"2021-08-03 03:30:07.394+00",6637999,"stream-nexmark-v-1499533054","4"
"2021-08-03 03:30:07.394+00",6641359,"stream-nexmark-v-1499533054","3"
"2021-08-03 03:30:17.394+00",6673387,"stream-nexmark-v-1499533054","4"
"2021-08-03 03:30:17.394+00",6676908,"stream-nexmark-v-1499533054","3"
"2021-08-03 03:30:17.394+00",6677753,"stream-nexmark-v-1499533054","0"
"2021-08-03 03:30:17.394+00",6677547,"stream-nexmark-v-1499533054","1"
"2021-08-03 03:30:17.394+00",6676913,"stream-nexmark-v-1499533054","2"
"2021-08-03 03:30:27.394+00",6690629,"stream-nexmark-v-1499533054","4"
"2021-08-03 03:30:27.394+00",6693946,"stream-nexmark-v-1499533054","2"
"2021-08-03 03:30:27.394+00",6694093,"stream-nexmark-v-1499533054","3"
"2021-08-03 03:30:27.394+00",6695122,"stream-nexmark-v-1499533054","0"
"2021-08-03 03:30:27.394+00",6694709,"stream-nexmark-v-1499533054","1"
"2021-08-03 03:30:37.394+00",6729905,"stream-nexmark-v-1499533054","3"
"2021-08-03 03:30:37.394+00",6726231,"stream-nexmark-v-1499533054","4"
"2021-08-03 03:30:37.394+00",6730739,"stream-nexmark-v-1499533054","1"
"2021-08-03 03:30:37.394+00",6730922,"stream-nexmark-v-1499533054","0"
"2021-08-03 03:30:37.394+00",6729483,"stream-nexmark-v-1499533054","2"
"2021-08-03 03:30:47.394+00",6760820,"stream-nexmark-v-1499533054","4"
"2021-08-03 03:30:47.394+00",6765332,"stream-nexmark-v-1499533054","0"
"2021-08-03 03:30:47.394+00",6764698,"stream-nexmark-v-1499533054","3"
"2021-08-03 03:30:47.394+00",6764402,"stream-nexmark-v-1499533054","2"
"2021-08-03 03:30:47.394+00",6765075,"stream-nexmark-v-1499533054","1"
"2021-08-03 03:30:57.394+00",6781952,"stream-nexmark-v-1499533054","2"
"2021-08-03 03:30:57.394+00",6778316,"stream-nexmark-v-1499533054","4"
"2021-08-03 03:30:57.394+00",6782829,"stream-nexmark-v-1499533054","0"
"2021-08-03 03:30:57.394+00",6782308,"stream-nexmark-v-1499533054","3"
"2021-08-03 03:30:57.394+00",6782827,"stream-nexmark-v-1499533054","1"
"2021-08-03 03:31:07.394+00",6818935,"stream-nexmark-v-1499533054","0"
"2021-08-03 03:31:07.394+00",6814173,"stream-nexmark-v-1499533054","4"
"2021-08-03 03:31:07.394+00",6817792,"stream-nexmark-v-1499533054","2"
"2021-08-03 03:31:07.394+00",6818304,"stream-nexmark-v-1499533054","3"
"2021-08-03 03:31:07.394+00",6818722,"stream-nexmark-v-1499533054","1"
"2021-08-03 03:31:17.394+00",6855615,"stream-nexmark-v-1499533054","0"
"2021-08-03 03:31:17.394+00",6855131,"stream-nexmark-v-1499533054","3"
"2021-08-03 03:31:17.394+00",6855493,"stream-nexmark-v-1499533054","1"
"2021-08-03 03:31:17.394+00",6851092,"stream-nexmark-v-1499533054","4"
"2021-08-03 03:31:17.394+00",6854632,"stream-nexmark-v-1499533054","2"
"2021-08-03 03:31:27.394+00",6870509,"stream-nexmark-v-1499533054","3"
"2021-08-03 03:31:27.394+00",6866253,"stream-nexmark-v-1499533054","4"
"2021-08-03 03:31:27.394+00",6869614,"stream-nexmark-v-1499533054","2"
"2021-08-03 03:31:27.394+00",6870686,"stream-nexmark-v-1499533054","1"
"2021-08-03 03:31:27.394+00",6870966,"stream-nexmark-v-1499533054","0"
"2021-08-03 03:31:37.394+00",6905952,"stream-nexmark-v-1499533054","3"
"2021-08-03 03:31:37.394+00",6904944,"stream-nexmark-v-1499533054","2"
"2021-08-03 03:31:37.394+00",6901263,"stream-nexmark-v-1499533054","4"
"2021-08-03 03:31:37.394+00",6905935,"stream-nexmark-v-1499533054","1"
"2021-08-03 03:31:37.394+00",6906277,"stream-nexmark-v-1499533054","0"
"2021-08-03 03:31:47.394+00",6940945,"stream-nexmark-v-1499533054","1"
"2021-08-03 03:31:47.394+00",6939944,"stream-nexmark-v-1499533054","2"
"2021-08-03 03:31:47.394+00",6941473,"stream-nexmark-v-1499533054","3"
"2021-08-03 03:31:47.394+00",6936360,"stream-nexmark-v-1499533054","4"
"2021-08-03 03:31:47.394+00",6941399,"stream-nexmark-v-1499533054","0"
"2021-08-03 03:31:57.394+00",6957249,"stream-nexmark-v-1499533054","2"
"2021-08-03 03:31:57.394+00",6958888,"stream-nexmark-v-1499533054","3"
"2021-08-03 03:31:57.394+00",6953651,"stream-nexmark-v-1499533054","4"
"2021-08-03 03:31:57.394+00",6958408,"stream-nexmark-v-1499533054","1"
"2021-08-03 03:31:57.394+00",6959012,"stream-nexmark-v-1499533054","0"
"2021-08-03 03:32:07.394+00",6994988,"stream-nexmark-v-1499533054","3"
"2021-08-03 03:32:07.394+00",6994768,"stream-nexmark-v-1499533054","0"
"2021-08-03 03:32:07.394+00",6989754,"stream-nexmark-v-1499533054","4"
"2021-08-03 03:32:07.394+00",6994263,"stream-nexmark-v-1499533054","1"
"2021-08-03 03:32:07.394+00",6993035,"stream-nexmark-v-1499533054","2"
"2021-08-03 03:32:17.394+00",nan,"stream-nexmark-v-1499533054","2"
"2021-08-03 03:32:17.394+00",nan,"stream-nexmark-v-1499533054","0"
"2021-08-03 03:32:17.394+00",nan,"stream-nexmark-v-1499533054","4"
"2021-08-03 03:32:17.394+00",nan,"stream-nexmark-v-1499533054","3"
"2021-08-03 03:32:17.394+00",nan,"stream-nexmark-v-1499533054","1"
