"time","rdd_blocks","executor"
"2021-08-03 02:10:14.027+00",80,"5"
"2021-08-03 02:10:14.027+00",96,"3"
"2021-08-03 02:10:14.027+00",106,"0"
"2021-08-03 02:10:14.027+00",80,"4"
"2021-08-03 02:10:14.027+00",0,"1"
"2021-08-03 02:10:14.027+00",88,"2"
"2021-08-03 02:10:44.027+00",96,"3"
"2021-08-03 02:10:44.027+00",106,"0"
"2021-08-03 02:10:44.027+00",80,"5"
"2021-08-03 02:10:44.027+00",88,"2"
"2021-08-03 02:10:44.027+00",0,"1"
"2021-08-03 02:10:44.027+00",80,"4"
"2021-08-03 02:11:14.027+00",80,"5"
"2021-08-03 02:11:14.027+00",96,"3"
"2021-08-03 02:11:14.027+00",106,"0"
"2021-08-03 02:11:14.027+00",88,"2"
"2021-08-03 02:11:14.027+00",0,"1"
"2021-08-03 02:11:14.027+00",80,"4"
"2021-08-03 02:11:44.027+00",0,"1"
"2021-08-03 02:11:44.027+00",80,"5"
"2021-08-03 02:11:44.027+00",96,"3"
"2021-08-03 02:11:44.027+00",106,"0"
"2021-08-03 02:11:44.027+00",80,"4"
"2021-08-03 02:11:44.027+00",88,"2"
"2021-08-03 02:12:14.027+00",80,"5"
"2021-08-03 02:12:14.027+00",0,"1"
"2021-08-03 02:12:14.027+00",96,"3"
"2021-08-03 02:12:14.027+00",106,"0"
"2021-08-03 02:12:14.027+00",80,"4"
"2021-08-03 02:12:14.027+00",88,"2"
"2021-08-03 02:12:44.027+00",0,"1"
"2021-08-03 02:12:44.027+00",80,"5"
"2021-08-03 02:12:44.027+00",96,"3"
"2021-08-03 02:12:44.027+00",80,"4"
"2021-08-03 02:12:44.027+00",88,"2"
"2021-08-03 02:12:44.027+00",106,"0"
"2021-08-03 02:13:14.027+00",80,"5"
"2021-08-03 02:13:14.027+00",106,"0"
"2021-08-03 02:13:14.027+00",80,"4"
"2021-08-03 02:13:14.027+00",88,"2"
"2021-08-03 02:13:14.027+00",0,"1"
"2021-08-03 02:13:14.027+00",96,"3"
"2021-08-03 02:13:44.032+00",80,"5"
"2021-08-03 02:13:44.032+00",106,"0"
"2021-08-03 02:13:44.032+00",80,"4"
"2021-08-03 02:13:44.032+00",88,"2"
"2021-08-03 02:13:44.032+00",96,"3"
"2021-08-03 02:13:44.032+00",0,"1"
"2021-08-03 02:14:14.027+00",80,"5"
"2021-08-03 02:14:14.027+00",96,"3"
"2021-08-03 02:14:14.027+00",88,"2"
"2021-08-03 02:14:14.027+00",0,"1"
"2021-08-03 02:14:14.027+00",80,"4"
"2021-08-03 02:14:14.027+00",106,"0"
"2021-08-03 02:14:44.027+00",80,"4"
"2021-08-03 02:14:44.027+00",96,"3"
"2021-08-03 02:14:44.027+00",106,"0"
"2021-08-03 02:14:44.027+00",80,"5"
"2021-08-03 02:14:44.027+00",88,"2"
"2021-08-03 02:14:44.027+00",0,"1"
"2021-08-03 02:15:14.027+00",83,"4"
"2021-08-03 02:15:14.027+00",102,"3"
"2021-08-03 02:15:14.027+00",109,"0"
"2021-08-03 02:15:14.027+00",0,"1"
"2021-08-03 02:15:14.027+00",91,"2"
"2021-08-03 02:15:14.027+00",83,"5"
"2021-08-03 02:15:44.027+00",0,"1"
"2021-08-03 02:15:44.027+00",148,"2"
"2021-08-03 02:15:44.027+00",147,"5"
"2021-08-03 02:15:44.027+00",154,"4"
"2021-08-03 02:15:44.027+00",180,"3"
"2021-08-03 02:15:44.027+00",166,"0"
"2021-08-03 02:16:14.027+00",163,"2"
"2021-08-03 02:16:14.027+00",0,"1"
"2021-08-03 02:16:14.027+00",195,"3"
"2021-08-03 02:16:14.027+00",181,"0"
"2021-08-03 02:16:14.027+00",162,"5"
"2021-08-03 02:16:14.027+00",169,"4"
"2021-08-03 02:16:44.027+00",0,"1"
"2021-08-03 02:16:44.027+00",196,"0"
"2021-08-03 02:16:44.027+00",210,"3"
"2021-08-03 02:16:44.027+00",178,"2"
"2021-08-03 02:16:44.027+00",184,"4"
"2021-08-03 02:16:44.027+00",177,"5"
"2021-08-03 02:17:14.027+00",199,"4"
"2021-08-03 02:17:14.027+00",225,"3"
"2021-08-03 02:17:14.027+00",192,"5"
"2021-08-03 02:17:14.027+00",0,"1"
"2021-08-03 02:17:14.027+00",193,"2"
"2021-08-03 02:17:14.027+00",211,"0"
"2021-08-03 02:17:44.027+00",226,"0"
"2021-08-03 02:17:44.027+00",240,"3"
"2021-08-03 02:17:44.027+00",207,"5"
"2021-08-03 02:17:44.027+00",0,"1"
"2021-08-03 02:17:44.027+00",208,"2"
"2021-08-03 02:17:44.027+00",214,"4"
"2021-08-03 02:18:14.027+00",255,"3"
"2021-08-03 02:18:14.027+00",222,"5"
"2021-08-03 02:18:14.027+00",223,"2"
"2021-08-03 02:18:14.027+00",229,"4"
"2021-08-03 02:18:14.027+00",241,"0"
"2021-08-03 02:18:14.027+00",0,"1"
"2021-08-03 02:18:44.027+00",238,"2"
"2021-08-03 02:18:44.027+00",237,"5"
"2021-08-03 02:18:44.027+00",270,"3"
"2021-08-03 02:18:44.027+00",256,"0"
"2021-08-03 02:18:44.027+00",252,"4"
"2021-08-03 02:18:44.027+00",0,"1"
"2021-08-03 02:19:14.027+00",250,"2"
"2021-08-03 02:19:14.027+00",256,"4"
"2021-08-03 02:19:14.027+00",268,"0"
"2021-08-03 02:19:14.027+00",282,"3"
"2021-08-03 02:19:14.027+00",249,"5"
"2021-08-03 02:19:14.027+00",0,"1"
"2021-08-03 02:19:44.027+00",0,"1"
"2021-08-03 02:19:44.027+00",249,"5"
"2021-08-03 02:19:44.027+00",282,"3"
"2021-08-03 02:19:44.027+00",268,"0"
"2021-08-03 02:19:44.027+00",256,"4"
"2021-08-03 02:19:44.027+00",250,"2"
"2021-08-03 02:20:14.027+00",263,"2"
"2021-08-03 02:20:14.027+00",264,"5"
"2021-08-03 02:20:14.027+00",300,"3"
"2021-08-03 02:20:14.027+00",273,"4"
"2021-08-03 02:20:14.027+00",281,"0"
"2021-08-03 02:20:14.027+00",0,"1"
"2021-08-03 02:20:44.027+00",256,"5"
"2021-08-03 02:20:44.027+00",290,"3"
"2021-08-03 02:20:44.027+00",256,"2"
"2021-08-03 02:20:44.027+00",264,"4"
"2021-08-03 02:20:44.027+00",0,"1"
"2021-08-03 02:20:44.027+00",274,"0"
"2021-08-03 02:21:14.027+00",274,"0"
"2021-08-03 02:21:14.027+00",256,"5"
"2021-08-03 02:21:14.027+00",290,"3"
"2021-08-03 02:21:14.027+00",0,"1"
"2021-08-03 02:21:14.027+00",256,"2"
"2021-08-03 02:21:14.027+00",264,"4"
"2021-08-03 02:21:44.027+00",274,"0"
"2021-08-03 02:21:44.027+00",256,"2"
"2021-08-03 02:21:44.027+00",264,"4"
"2021-08-03 02:21:44.027+00",290,"3"
"2021-08-03 02:21:44.027+00",256,"5"
"2021-08-03 02:21:44.027+00",0,"1"
"2021-08-03 02:22:14.027+00",256,"5"
"2021-08-03 02:22:14.027+00",264,"4"
"2021-08-03 02:22:14.027+00",256,"2"
"2021-08-03 02:22:14.027+00",0,"1"
"2021-08-03 02:22:14.027+00",290,"3"
"2021-08-03 02:22:14.027+00",274,"0"
"2021-08-03 02:22:44.027+00",256,"5"
"2021-08-03 02:22:44.027+00",256,"2"
"2021-08-03 02:22:44.027+00",274,"0"
"2021-08-03 02:22:44.027+00",0,"1"
"2021-08-03 02:22:44.027+00",290,"3"
"2021-08-03 02:22:44.027+00",264,"4"
"2021-08-03 02:23:14.027+00",256,"5"
"2021-08-03 02:23:14.027+00",290,"3"
"2021-08-03 02:23:14.027+00",0,"1"
"2021-08-03 02:23:14.027+00",256,"2"
"2021-08-03 02:23:14.027+00",264,"4"
"2021-08-03 02:23:14.027+00",274,"0"
"2021-08-03 02:23:44.032+00",274,"0"
"2021-08-03 02:23:44.032+00",256,"2"
"2021-08-03 02:23:44.032+00",0,"1"
"2021-08-03 02:23:44.032+00",256,"5"
"2021-08-03 02:23:44.032+00",290,"3"
"2021-08-03 02:23:44.032+00",264,"4"
"2021-08-03 02:24:14.027+00",264,"4"
"2021-08-03 02:24:14.027+00",0,"1"
"2021-08-03 02:24:14.027+00",256,"5"
"2021-08-03 02:24:14.027+00",290,"3"
"2021-08-03 02:24:14.027+00",256,"2"
"2021-08-03 02:24:14.027+00",274,"0"
"2021-08-03 02:24:44.027+00",264,"4"
"2021-08-03 02:24:44.027+00",274,"0"
"2021-08-03 02:24:44.027+00",256,"2"
"2021-08-03 02:24:44.027+00",0,"1"
"2021-08-03 02:24:44.027+00",256,"5"
"2021-08-03 02:24:44.027+00",290,"3"
"2021-08-03 02:25:14.027+00",256,"5"
"2021-08-03 02:25:14.027+00",290,"3"
"2021-08-03 02:25:14.027+00",0,"1"
"2021-08-03 02:25:14.027+00",264,"4"
"2021-08-03 02:25:14.027+00",256,"2"
"2021-08-03 02:25:14.027+00",274,"0"
"2021-08-03 02:25:44.027+00",0,"1"
"2021-08-03 02:25:44.027+00",264,"4"
"2021-08-03 02:25:44.027+00",256,"2"
"2021-08-03 02:25:44.027+00",274,"0"
"2021-08-03 02:25:44.027+00",290,"3"
"2021-08-03 02:25:44.027+00",256,"5"
"2021-08-03 02:26:14.027+00",256,"2"
"2021-08-03 02:26:14.027+00",0,"1"
"2021-08-03 02:26:14.027+00",256,"5"
"2021-08-03 02:26:14.027+00",290,"3"
"2021-08-03 02:26:14.027+00",264,"4"
"2021-08-03 02:26:14.027+00",274,"0"
"2021-08-03 02:26:44.027+00",290,"3"
"2021-08-03 02:26:44.027+00",274,"0"
"2021-08-03 02:26:44.027+00",264,"4"
"2021-08-03 02:26:44.027+00",256,"2"
"2021-08-03 02:26:44.027+00",0,"1"
"2021-08-03 02:26:44.027+00",256,"5"
"2021-08-03 02:27:14.027+00",0,"1"
"2021-08-03 02:27:14.027+00",256,"5"
"2021-08-03 02:27:14.027+00",290,"3"
"2021-08-03 02:27:14.027+00",274,"0"
"2021-08-03 02:27:14.027+00",264,"4"
"2021-08-03 02:27:14.027+00",256,"2"
"2021-08-03 02:27:44.027+00",264,"4"
"2021-08-03 02:27:44.027+00",274,"0"
"2021-08-03 02:27:44.027+00",0,"1"
"2021-08-03 02:27:44.027+00",256,"5"
"2021-08-03 02:27:44.027+00",290,"3"
"2021-08-03 02:27:44.027+00",256,"2"
"2021-08-03 02:28:14.027+00",0,"1"
"2021-08-03 02:28:14.027+00",256,"2"
"2021-08-03 02:28:14.027+00",274,"0"
"2021-08-03 02:28:14.027+00",256,"5"
"2021-08-03 02:28:14.027+00",290,"3"
"2021-08-03 02:28:14.027+00",264,"4"
"2021-08-03 02:28:44.027+00",274,"0"
"2021-08-03 02:28:44.027+00",256,"2"
"2021-08-03 02:28:44.027+00",0,"1"
"2021-08-03 02:28:44.027+00",290,"3"
"2021-08-03 02:28:44.027+00",256,"5"
"2021-08-03 02:28:44.027+00",264,"4"
"2021-08-03 02:29:14.027+00",256,"2"
"2021-08-03 02:29:14.027+00",264,"4"
"2021-08-03 02:29:14.027+00",0,"1"
"2021-08-03 02:29:14.027+00",290,"3"
"2021-08-03 02:29:14.027+00",274,"0"
"2021-08-03 02:29:14.027+00",256,"5"
"2021-08-03 02:29:44.027+00",274,"0"
"2021-08-03 02:29:44.027+00",256,"5"
"2021-08-03 02:29:44.027+00",256,"2"
"2021-08-03 02:29:44.027+00",0,"1"
"2021-08-03 02:29:44.027+00",264,"4"
"2021-08-03 02:29:44.027+00",290,"3"
"2021-08-03 02:30:14.027+00",0,"1"
"2021-08-03 02:30:14.027+00",256,"2"
"2021-08-03 02:30:14.027+00",264,"4"
"2021-08-03 02:30:14.027+00",274,"0"
"2021-08-03 02:30:14.027+00",290,"3"
"2021-08-03 02:30:14.027+00",256,"5"
"2021-08-03 02:30:44.027+00",256,"2"
"2021-08-03 02:30:44.027+00",274,"0"
"2021-08-03 02:30:44.027+00",290,"3"
"2021-08-03 02:30:44.027+00",256,"5"
"2021-08-03 02:30:44.027+00",0,"1"
"2021-08-03 02:30:44.027+00",264,"4"
"2021-08-03 02:31:14.027+00",344,"0"
"2021-08-03 02:31:14.027+00",334,"4"
"2021-08-03 02:31:14.027+00",326,"2"
"2021-08-03 02:31:14.027+00",0,"1"
"2021-08-03 02:31:14.027+00",410,"3"
"2021-08-03 02:31:14.027+00",336,"5"
"2021-08-03 02:31:44.027+00",0,"1"
"2021-08-03 02:31:44.027+00",351,"5"
"2021-08-03 02:31:44.027+00",341,"2"
"2021-08-03 02:31:44.027+00",359,"0"
"2021-08-03 02:31:44.027+00",425,"3"
"2021-08-03 02:31:44.027+00",349,"4"
"2021-08-03 02:32:14.027+00",440,"3"
"2021-08-03 02:32:14.027+00",374,"0"
"2021-08-03 02:32:14.027+00",356,"2"
"2021-08-03 02:32:14.027+00",364,"4"
"2021-08-03 02:32:14.027+00",0,"1"
"2021-08-03 02:32:14.027+00",366,"5"
"2021-08-03 02:32:44.027+00",371,"2"
"2021-08-03 02:32:44.027+00",0,"1"
"2021-08-03 02:32:44.027+00",389,"0"
"2021-08-03 02:32:44.027+00",381,"5"
"2021-08-03 02:32:44.027+00",455,"3"
"2021-08-03 02:32:44.027+00",379,"4"
"2021-08-03 02:33:14.027+00",470,"3"
"2021-08-03 02:33:14.027+00",396,"5"
"2021-08-03 02:33:14.027+00",404,"0"
"2021-08-03 02:33:14.027+00",394,"4"
"2021-08-03 02:33:14.027+00",386,"2"
"2021-08-03 02:33:14.027+00",0,"1"
"2021-08-03 02:33:44.027+00",409,"4"
"2021-08-03 02:33:44.027+00",0,"1"
"2021-08-03 02:33:44.027+00",411,"5"
"2021-08-03 02:33:44.027+00",485,"3"
"2021-08-03 02:33:44.027+00",419,"0"
"2021-08-03 02:33:44.027+00",401,"2"
"2021-08-03 02:34:14.027+00",434,"0"
"2021-08-03 02:34:14.027+00",500,"3"
"2021-08-03 02:34:14.027+00",426,"5"
"2021-08-03 02:34:14.027+00",0,"1"
"2021-08-03 02:34:14.027+00",416,"2"
"2021-08-03 02:34:14.027+00",424,"4"
"2021-08-03 02:34:44.027+00",0,"1"
"2021-08-03 02:34:44.027+00",449,"0"
"2021-08-03 02:34:44.027+00",439,"4"
"2021-08-03 02:34:44.027+00",431,"2"
"2021-08-03 02:34:44.027+00",441,"5"
"2021-08-03 02:34:44.027+00",515,"3"
"2021-08-03 02:35:14.027+00",0,"1"
"2021-08-03 02:35:14.027+00",446,"5"
"2021-08-03 02:35:14.027+00",520,"3"
"2021-08-03 02:35:14.027+00",454,"0"
"2021-08-03 02:35:14.027+00",444,"4"
"2021-08-03 02:35:14.027+00",436,"2"
"2021-08-03 02:35:44.027+00",436,"2"
"2021-08-03 02:35:44.027+00",0,"1"
"2021-08-03 02:35:44.027+00",446,"5"
"2021-08-03 02:35:44.027+00",520,"3"
"2021-08-03 02:35:44.027+00",454,"0"
"2021-08-03 02:35:44.027+00",444,"4"
"2021-08-03 02:36:14.032+00",0,"1"
"2021-08-03 02:36:14.032+00",446,"5"
"2021-08-03 02:36:14.032+00",520,"3"
"2021-08-03 02:36:14.032+00",436,"2"
"2021-08-03 02:36:14.032+00",444,"4"
"2021-08-03 02:36:14.032+00",454,"0"
"2021-08-03 02:36:44.027+00",454,"0"
"2021-08-03 02:36:44.027+00",0,"1"
"2021-08-03 02:36:44.027+00",446,"5"
"2021-08-03 02:36:44.027+00",520,"3"
"2021-08-03 02:36:44.027+00",444,"4"
"2021-08-03 02:36:44.027+00",436,"2"
"2021-08-03 02:37:14.027+00",454,"0"
"2021-08-03 02:37:14.027+00",444,"4"
"2021-08-03 02:37:14.027+00",436,"2"
"2021-08-03 02:37:14.027+00",446,"5"
"2021-08-03 02:37:14.027+00",520,"3"
"2021-08-03 02:37:14.027+00",0,"1"
"2021-08-03 02:37:44.027+00",454,"0"
"2021-08-03 02:37:44.027+00",444,"4"
"2021-08-03 02:37:44.027+00",436,"2"
"2021-08-03 02:37:44.027+00",0,"1"
"2021-08-03 02:37:44.027+00",446,"5"
"2021-08-03 02:37:44.027+00",520,"3"
"2021-08-03 02:38:14.027+00",454,"0"
"2021-08-03 02:38:14.027+00",444,"4"
"2021-08-03 02:38:14.027+00",436,"2"
"2021-08-03 02:38:14.027+00",0,"1"
"2021-08-03 02:38:14.027+00",446,"5"
"2021-08-03 02:38:14.027+00",520,"3"
"2021-08-03 02:38:44.027+00",520,"3"
"2021-08-03 02:38:44.027+00",444,"4"
"2021-08-03 02:38:44.027+00",436,"2"
"2021-08-03 02:38:44.027+00",0,"1"
"2021-08-03 02:38:44.027+00",446,"5"
"2021-08-03 02:38:44.027+00",454,"0"
"2021-08-03 02:39:14.027+00",436,"2"
"2021-08-03 02:39:14.027+00",520,"3"
"2021-08-03 02:39:14.027+00",446,"5"
"2021-08-03 02:39:14.027+00",454,"0"
"2021-08-03 02:39:14.027+00",444,"4"
"2021-08-03 02:39:14.027+00",0,"1"
"2021-08-03 02:39:44.027+00",0,"1"
"2021-08-03 02:39:44.027+00",446,"5"
"2021-08-03 02:39:44.027+00",520,"3"
"2021-08-03 02:39:44.027+00",454,"0"
"2021-08-03 02:39:44.027+00",436,"2"
"2021-08-03 02:39:44.027+00",444,"4"
"2021-08-03 02:40:14.027+00",0,"1"
"2021-08-03 02:40:14.027+00",446,"5"
"2021-08-03 02:40:14.027+00",520,"3"
"2021-08-03 02:40:14.027+00",454,"0"
"2021-08-03 02:40:14.027+00",436,"2"
"2021-08-03 02:40:14.027+00",444,"4"
"2021-08-03 02:40:44.027+00",454,"0"
"2021-08-03 02:40:44.027+00",444,"4"
"2021-08-03 02:40:44.027+00",0,"1"
"2021-08-03 02:40:44.027+00",446,"5"
"2021-08-03 02:40:44.027+00",520,"3"
"2021-08-03 02:40:44.027+00",436,"2"
"2021-08-03 02:41:14.027+00",454,"0"
"2021-08-03 02:41:14.027+00",444,"4"
"2021-08-03 02:41:14.027+00",520,"3"
"2021-08-03 02:41:14.027+00",446,"5"
"2021-08-03 02:41:14.027+00",0,"1"
"2021-08-03 02:41:14.027+00",436,"2"
"2021-08-03 02:41:44.027+00",0,"1"
"2021-08-03 02:41:44.027+00",446,"5"
"2021-08-03 02:41:44.027+00",520,"3"
"2021-08-03 02:41:44.027+00",454,"0"
"2021-08-03 02:41:44.027+00",444,"4"
"2021-08-03 02:41:44.027+00",436,"2"
"2021-08-03 02:42:14.027+00",446,"5"
"2021-08-03 02:42:14.027+00",436,"2"
"2021-08-03 02:42:14.027+00",444,"4"
"2021-08-03 02:42:14.027+00",454,"0"
"2021-08-03 02:42:14.027+00",520,"3"
"2021-08-03 02:42:14.027+00",0,"1"
"2021-08-03 02:42:44.027+00",0,"1"
"2021-08-03 02:42:44.027+00",436,"2"
"2021-08-03 02:42:44.027+00",444,"4"
"2021-08-03 02:42:44.027+00",454,"0"
"2021-08-03 02:42:44.027+00",520,"3"
"2021-08-03 02:42:44.027+00",446,"5"
"2021-08-03 02:43:14.027+00",436,"2"
"2021-08-03 02:43:14.027+00",454,"0"
"2021-08-03 02:43:14.027+00",520,"3"
"2021-08-03 02:43:14.027+00",446,"5"
"2021-08-03 02:43:14.027+00",0,"1"
"2021-08-03 02:43:14.027+00",444,"4"
"2021-08-03 02:43:44.027+00",446,"5"
"2021-08-03 02:43:44.027+00",454,"0"
"2021-08-03 02:43:44.027+00",444,"4"
"2021-08-03 02:43:44.027+00",436,"2"
"2021-08-03 02:43:44.027+00",0,"1"
"2021-08-03 02:43:44.027+00",520,"3"
"2021-08-03 02:44:14.027+00",454,"0"
"2021-08-03 02:44:14.027+00",446,"5"
"2021-08-03 02:44:14.027+00",0,"1"
"2021-08-03 02:44:14.027+00",520,"3"
"2021-08-03 02:44:14.027+00",444,"4"
"2021-08-03 02:44:14.027+00",436,"2"
"2021-08-03 02:44:44.027+00",0,"1"
"2021-08-03 02:44:44.027+00",446,"5"
"2021-08-03 02:44:44.027+00",520,"3"
"2021-08-03 02:44:44.027+00",454,"0"
"2021-08-03 02:44:44.027+00",444,"4"
"2021-08-03 02:44:44.027+00",436,"2"
"2021-08-03 02:45:14.027+00",436,"2"
"2021-08-03 02:45:14.027+00",0,"1"
"2021-08-03 02:45:14.027+00",446,"5"
"2021-08-03 02:45:14.027+00",520,"3"
"2021-08-03 02:45:14.027+00",454,"0"
"2021-08-03 02:45:14.027+00",444,"4"
"2021-08-03 02:45:44.027+00",444,"4"
"2021-08-03 02:45:44.027+00",0,"1"
"2021-08-03 02:45:44.027+00",446,"5"
"2021-08-03 02:45:44.027+00",520,"3"
"2021-08-03 02:45:44.027+00",436,"2"
"2021-08-03 02:45:44.027+00",454,"0"
"2021-08-03 02:46:14.027+00",454,"0"
"2021-08-03 02:46:14.027+00",520,"3"
"2021-08-03 02:46:14.027+00",446,"5"
"2021-08-03 02:46:14.027+00",0,"1"
"2021-08-03 02:46:14.027+00",444,"4"
"2021-08-03 02:46:14.027+00",436,"2"
"2021-08-03 02:46:44.027+00",436,"2"
"2021-08-03 02:46:44.027+00",520,"3"
"2021-08-03 02:46:44.027+00",446,"5"
"2021-08-03 02:46:44.027+00",0,"1"
"2021-08-03 02:46:44.027+00",454,"0"
"2021-08-03 02:46:44.027+00",444,"4"
"2021-08-03 02:47:14.027+00",446,"5"
"2021-08-03 02:47:14.027+00",454,"0"
"2021-08-03 02:47:14.027+00",444,"4"
"2021-08-03 02:47:14.027+00",436,"2"
"2021-08-03 02:47:14.027+00",0,"1"
"2021-08-03 02:47:14.027+00",520,"3"
"2021-08-03 02:47:44.027+00",454,"0"
"2021-08-03 02:47:44.027+00",444,"4"
"2021-08-03 02:47:44.027+00",436,"2"
"2021-08-03 02:47:44.027+00",520,"3"
"2021-08-03 02:47:44.027+00",446,"5"
"2021-08-03 02:47:44.027+00",0,"1"
"2021-08-03 02:48:14.027+00",444,"4"
"2021-08-03 02:48:14.027+00",454,"0"
"2021-08-03 02:48:14.027+00",446,"5"
"2021-08-03 02:48:14.027+00",520,"3"
"2021-08-03 02:48:14.027+00",0,"1"
"2021-08-03 02:48:14.027+00",436,"2"
"2021-08-03 02:48:44.027+00",520,"2"
"2021-08-03 02:48:44.027+00",518,"4"
"2021-08-03 02:48:44.027+00",519,"0"
"2021-08-03 02:48:44.027+00",603,"3"
"2021-08-03 02:48:44.027+00",520,"5"
"2021-08-03 02:48:44.027+00",0,"1"
"2021-08-03 02:49:14.027+00",535,"5"
"2021-08-03 02:49:14.027+00",0,"1"
"2021-08-03 02:49:14.027+00",618,"3"
"2021-08-03 02:49:14.027+00",534,"0"
"2021-08-03 02:49:14.027+00",533,"4"
"2021-08-03 02:49:14.027+00",535,"2"
"2021-08-03 02:49:44.027+00",549,"0"
"2021-08-03 02:49:44.027+00",633,"3"
"2021-08-03 02:49:44.027+00",550,"5"
"2021-08-03 02:49:44.027+00",0,"1"
"2021-08-03 02:49:44.027+00",548,"4"
"2021-08-03 02:49:44.027+00",550,"2"
"2021-08-03 02:50:14.027+00",564,"0"
"2021-08-03 02:50:14.027+00",648,"3"
"2021-08-03 02:50:14.027+00",563,"4"
"2021-08-03 02:50:14.027+00",0,"1"
"2021-08-03 02:50:14.027+00",565,"2"
"2021-08-03 02:50:14.027+00",565,"5"
"2021-08-03 02:50:44.027+00",578,"4"
"2021-08-03 02:50:44.027+00",579,"0"
"2021-08-03 02:50:44.027+00",663,"3"
"2021-08-03 02:50:44.027+00",0,"1"
"2021-08-03 02:50:44.027+00",580,"2"
"2021-08-03 02:50:44.027+00",580,"5"
"2021-08-03 02:51:14.027+00",0,"1"
"2021-08-03 02:51:14.027+00",595,"5"
"2021-08-03 02:51:14.027+00",595,"2"
"2021-08-03 02:51:14.027+00",678,"3"
"2021-08-03 02:51:14.027+00",594,"0"
"2021-08-03 02:51:14.027+00",593,"4"
"2021-08-03 02:51:44.031+00",610,"5"
"2021-08-03 02:51:44.031+00",693,"3"
"2021-08-03 02:51:44.031+00",609,"0"
"2021-08-03 02:51:44.031+00",608,"4"
"2021-08-03 02:51:44.031+00",610,"2"
"2021-08-03 02:51:44.031+00",0,"1"
"2021-08-03 02:52:14.027+00",623,"4"
"2021-08-03 02:52:14.027+00",624,"0"
"2021-08-03 02:52:14.027+00",708,"3"
"2021-08-03 02:52:14.027+00",625,"5"
"2021-08-03 02:52:14.027+00",0,"1"
"2021-08-03 02:52:14.027+00",625,"2"
"2021-08-03 02:52:44.027+00",628,"0"
"2021-08-03 02:52:44.027+00",629,"5"
"2021-08-03 02:52:44.027+00",629,"2"
"2021-08-03 02:52:44.027+00",627,"4"
"2021-08-03 02:52:44.027+00",712,"3"
"2021-08-03 02:52:44.027+00",0,"1"
"2021-08-03 02:53:14.027+00",629,"5"
"2021-08-03 02:53:14.027+00",712,"3"
"2021-08-03 02:53:14.027+00",0,"1"
"2021-08-03 02:53:14.027+00",628,"0"
"2021-08-03 02:53:14.027+00",627,"4"
"2021-08-03 02:53:14.027+00",629,"2"
"2021-08-03 02:53:44.027+00",620,"4"
"2021-08-03 02:53:44.027+00",622,"2"
"2021-08-03 02:53:44.027+00",0,"1"
"2021-08-03 02:53:44.027+00",622,"5"
"2021-08-03 02:53:44.027+00",704,"3"
"2021-08-03 02:53:44.027+00",622,"0"
"2021-08-03 02:54:14.027+00",622,"5"
"2021-08-03 02:54:14.027+00",0,"1"
"2021-08-03 02:54:14.027+00",622,"2"
"2021-08-03 02:54:14.027+00",622,"0"
"2021-08-03 02:54:14.027+00",704,"3"
"2021-08-03 02:54:14.027+00",620,"4"
"2021-08-03 02:54:44.027+00",622,"2"
"2021-08-03 02:54:44.027+00",620,"4"
"2021-08-03 02:54:44.027+00",704,"3"
"2021-08-03 02:54:44.027+00",622,"0"
"2021-08-03 02:54:44.027+00",0,"1"
"2021-08-03 02:54:44.027+00",622,"5"
"2021-08-03 02:55:14.027+00",622,"2"
"2021-08-03 02:55:14.027+00",622,"5"
"2021-08-03 02:55:14.027+00",620,"4"
"2021-08-03 02:55:14.027+00",704,"3"
"2021-08-03 02:55:14.027+00",0,"1"
"2021-08-03 02:55:14.027+00",622,"0"
"2021-08-03 02:55:44.027+00",622,"5"
"2021-08-03 02:55:44.027+00",620,"4"
"2021-08-03 02:55:44.027+00",0,"1"
"2021-08-03 02:55:44.027+00",704,"3"
"2021-08-03 02:55:44.027+00",622,"0"
"2021-08-03 02:55:44.027+00",622,"2"
"2021-08-03 02:56:14.027+00",704,"3"
"2021-08-03 02:56:14.027+00",622,"2"
"2021-08-03 02:56:14.027+00",622,"5"
"2021-08-03 02:56:14.027+00",622,"0"
"2021-08-03 02:56:14.027+00",620,"4"
"2021-08-03 02:56:14.027+00",0,"1"
"2021-08-03 02:56:44.027+00",0,"1"
"2021-08-03 02:56:44.027+00",620,"4"
"2021-08-03 02:56:44.027+00",704,"3"
"2021-08-03 02:56:44.027+00",622,"0"
"2021-08-03 02:56:44.027+00",622,"5"
"2021-08-03 02:56:44.027+00",622,"2"
"2021-08-03 02:57:14.027+00",622,"5"
"2021-08-03 02:57:14.027+00",704,"3"
"2021-08-03 02:57:14.027+00",622,"2"
"2021-08-03 02:57:14.027+00",0,"1"
"2021-08-03 02:57:14.027+00",622,"0"
"2021-08-03 02:57:14.027+00",620,"4"
"2021-08-03 02:57:44.027+00",620,"4"
"2021-08-03 02:57:44.027+00",704,"3"
"2021-08-03 02:57:44.027+00",622,"2"
"2021-08-03 02:57:44.027+00",622,"5"
"2021-08-03 02:57:44.027+00",622,"0"
"2021-08-03 02:57:44.027+00",0,"1"
"2021-08-03 02:58:14.027+00",620,"4"
"2021-08-03 02:58:14.027+00",622,"5"
"2021-08-03 02:58:14.027+00",622,"2"
"2021-08-03 02:58:14.027+00",0,"1"
"2021-08-03 02:58:14.027+00",704,"3"
"2021-08-03 02:58:14.027+00",622,"0"
"2021-08-03 02:58:44.027+00",620,"4"
"2021-08-03 02:58:44.027+00",622,"5"
"2021-08-03 02:58:44.027+00",622,"2"
"2021-08-03 02:58:44.027+00",622,"0"
"2021-08-03 02:58:44.027+00",0,"1"
"2021-08-03 02:58:44.027+00",704,"3"
"2021-08-03 02:59:14.027+00",622,"5"
"2021-08-03 02:59:14.027+00",0,"1"
"2021-08-03 02:59:14.027+00",704,"3"
"2021-08-03 02:59:14.027+00",622,"0"
"2021-08-03 02:59:14.027+00",620,"4"
"2021-08-03 02:59:14.027+00",622,"2"
"2021-08-03 02:59:44.027+00",620,"4"
"2021-08-03 02:59:44.027+00",704,"3"
"2021-08-03 02:59:44.027+00",622,"0"
"2021-08-03 02:59:44.027+00",0,"1"
"2021-08-03 02:59:44.027+00",622,"5"
"2021-08-03 02:59:44.027+00",622,"2"
"2021-08-03 03:00:14.027+00",622,"2"
"2021-08-03 03:00:14.027+00",0,"1"
"2021-08-03 03:00:14.027+00",704,"3"
"2021-08-03 03:00:14.027+00",622,"0"
"2021-08-03 03:00:14.027+00",622,"5"
"2021-08-03 03:00:14.027+00",620,"4"
"2021-08-03 03:00:44.027+00",798,"3"
"2021-08-03 03:00:44.027+00",694,"4"
"2021-08-03 03:00:44.027+00",716,"2"
"2021-08-03 03:00:44.027+00",696,"5"
"2021-08-03 03:00:44.027+00",716,"0"
"2021-08-03 03:00:44.027+00",0,"1"
"2021-08-03 03:01:14.027+00",731,"0"
"2021-08-03 03:01:14.027+00",731,"2"
"2021-08-03 03:01:14.027+00",711,"5"
"2021-08-03 03:01:14.027+00",813,"3"
"2021-08-03 03:01:14.027+00",709,"4"
"2021-08-03 03:01:14.027+00",0,"1"
"2021-08-03 03:01:44.027+00",828,"3"
"2021-08-03 03:01:44.027+00",0,"1"
"2021-08-03 03:01:44.027+00",724,"4"
"2021-08-03 03:01:44.027+00",746,"0"
"2021-08-03 03:01:44.027+00",726,"5"
"2021-08-03 03:01:44.027+00",746,"2"
"2021-08-03 03:02:14.033+00",739,"4"
"2021-08-03 03:02:14.033+00",0,"1"
"2021-08-03 03:02:14.033+00",843,"3"
"2021-08-03 03:02:14.033+00",741,"5"
"2021-08-03 03:02:14.033+00",761,"2"
"2021-08-03 03:02:14.033+00",761,"0"
"2021-08-03 03:02:44.027+00",776,"0"
"2021-08-03 03:02:44.027+00",776,"2"
"2021-08-03 03:02:44.027+00",756,"5"
"2021-08-03 03:02:44.027+00",754,"4"
"2021-08-03 03:02:44.027+00",0,"1"
"2021-08-03 03:02:44.027+00",858,"3"
"2021-08-03 03:03:14.027+00",769,"4"
"2021-08-03 03:03:14.027+00",873,"3"
"2021-08-03 03:03:14.027+00",791,"0"
"2021-08-03 03:03:14.027+00",791,"2"
"2021-08-03 03:03:14.027+00",771,"5"
"2021-08-03 03:03:14.027+00",0,"1"
"2021-08-03 03:03:44.027+00",806,"2"
"2021-08-03 03:03:44.027+00",888,"3"
"2021-08-03 03:03:44.027+00",784,"4"
"2021-08-03 03:03:44.027+00",0,"1"
"2021-08-03 03:03:44.027+00",786,"5"
"2021-08-03 03:03:44.027+00",806,"0"
"2021-08-03 03:04:14.027+00",799,"4"
"2021-08-03 03:04:14.027+00",903,"3"
"2021-08-03 03:04:14.027+00",821,"0"
"2021-08-03 03:04:14.027+00",801,"5"
"2021-08-03 03:04:14.027+00",821,"2"
"2021-08-03 03:04:14.027+00",0,"1"
"2021-08-03 03:04:44.027+00",822,"2"
"2021-08-03 03:04:44.027+00",822,"0"
"2021-08-03 03:04:44.027+00",800,"4"
"2021-08-03 03:04:44.027+00",802,"5"
"2021-08-03 03:04:44.027+00",904,"3"
"2021-08-03 03:04:44.027+00",0,"1"
"2021-08-03 03:05:14.027+00",822,"2"
"2021-08-03 03:05:14.027+00",802,"5"
"2021-08-03 03:05:14.027+00",0,"1"
"2021-08-03 03:05:14.027+00",904,"3"
"2021-08-03 03:05:14.027+00",822,"0"
"2021-08-03 03:05:14.027+00",800,"4"
"2021-08-03 03:05:44.027+00",904,"3"
"2021-08-03 03:05:44.027+00",0,"1"
"2021-08-03 03:05:44.027+00",822,"0"
"2021-08-03 03:05:44.027+00",800,"4"
"2021-08-03 03:05:44.027+00",802,"5"
"2021-08-03 03:05:44.027+00",822,"2"
"2021-08-03 03:06:14.027+00",802,"5"
"2021-08-03 03:06:14.027+00",822,"2"
"2021-08-03 03:06:14.027+00",800,"4"
"2021-08-03 03:06:14.027+00",822,"0"
"2021-08-03 03:06:14.027+00",904,"3"
"2021-08-03 03:06:14.027+00",0,"1"
"2021-08-03 03:06:44.027+00",822,"0"
"2021-08-03 03:06:44.027+00",822,"2"
"2021-08-03 03:06:44.027+00",802,"5"
"2021-08-03 03:06:44.027+00",800,"4"
"2021-08-03 03:06:44.027+00",0,"1"
"2021-08-03 03:06:44.027+00",904,"3"
"2021-08-03 03:07:14.027+00",822,"2"
"2021-08-03 03:07:14.027+00",904,"3"
"2021-08-03 03:07:14.027+00",822,"0"
"2021-08-03 03:07:14.027+00",802,"5"
"2021-08-03 03:07:14.027+00",0,"1"
"2021-08-03 03:07:14.027+00",800,"4"
"2021-08-03 03:07:44.027+00",822,"0"
"2021-08-03 03:07:44.027+00",800,"4"
"2021-08-03 03:07:44.027+00",822,"2"
"2021-08-03 03:07:44.027+00",802,"5"
"2021-08-03 03:07:44.027+00",0,"1"
"2021-08-03 03:07:44.027+00",904,"3"
"2021-08-03 03:08:14.027+00",904,"3"
"2021-08-03 03:08:14.027+00",800,"4"
"2021-08-03 03:08:14.027+00",0,"1"
"2021-08-03 03:08:14.027+00",822,"0"
"2021-08-03 03:08:14.027+00",822,"2"
"2021-08-03 03:08:14.027+00",802,"5"
"2021-08-03 03:08:44.027+00",822,"0"
"2021-08-03 03:08:44.027+00",822,"2"
"2021-08-03 03:08:44.027+00",802,"5"
"2021-08-03 03:08:44.027+00",904,"3"
"2021-08-03 03:08:44.027+00",0,"1"
"2021-08-03 03:08:44.027+00",800,"4"
"2021-08-03 03:09:14.027+00",822,"2"
"2021-08-03 03:09:14.027+00",800,"4"
"2021-08-03 03:09:14.027+00",822,"0"
"2021-08-03 03:09:14.027+00",904,"3"
"2021-08-03 03:09:14.027+00",0,"1"
"2021-08-03 03:09:14.027+00",802,"5"
"2021-08-03 03:09:44.027+00",822,"0"
"2021-08-03 03:09:44.027+00",802,"5"
"2021-08-03 03:09:44.027+00",822,"2"
"2021-08-03 03:09:44.027+00",800,"4"
"2021-08-03 03:09:44.027+00",904,"3"
"2021-08-03 03:09:44.027+00",0,"1"
"2021-08-03 03:10:14.027+00",822,"0"
"2021-08-03 03:10:14.027+00",800,"4"
"2021-08-03 03:10:14.027+00",0,"1"
"2021-08-03 03:10:14.027+00",904,"3"
"2021-08-03 03:10:14.027+00",802,"5"
"2021-08-03 03:10:14.027+00",822,"2"
"2021-08-03 03:10:44.027+00",0,"1"
"2021-08-03 03:10:44.027+00",904,"3"
"2021-08-03 03:10:44.027+00",822,"2"
"2021-08-03 03:10:44.027+00",800,"4"
"2021-08-03 03:10:44.027+00",822,"0"
"2021-08-03 03:10:44.027+00",802,"5"
"2021-08-03 03:11:14.027+00",822,"2"
"2021-08-03 03:11:14.027+00",802,"5"
"2021-08-03 03:11:14.027+00",822,"0"
"2021-08-03 03:11:14.027+00",800,"4"
"2021-08-03 03:11:14.027+00",904,"3"
"2021-08-03 03:11:14.027+00",0,"1"
"2021-08-03 03:11:44.027+00",822,"2"
"2021-08-03 03:11:44.027+00",802,"5"
"2021-08-03 03:11:44.027+00",0,"1"
"2021-08-03 03:11:44.027+00",800,"4"
"2021-08-03 03:11:44.027+00",904,"3"
"2021-08-03 03:11:44.027+00",822,"0"
"2021-08-03 03:12:14.027+00",800,"4"
"2021-08-03 03:12:14.027+00",0,"1"
"2021-08-03 03:12:14.027+00",822,"0"
"2021-08-03 03:12:14.027+00",904,"3"
"2021-08-03 03:12:14.027+00",822,"2"
"2021-08-03 03:12:14.027+00",802,"5"
"2021-08-03 03:12:44.027+00",904,"3"
"2021-08-03 03:12:44.027+00",822,"0"
"2021-08-03 03:12:44.027+00",822,"2"
"2021-08-03 03:12:44.027+00",0,"1"
"2021-08-03 03:12:44.027+00",800,"4"
"2021-08-03 03:12:44.027+00",802,"5"
"2021-08-03 03:13:14.027+00",904,"3"
"2021-08-03 03:13:14.027+00",802,"5"
"2021-08-03 03:13:14.027+00",822,"2"
"2021-08-03 03:13:14.027+00",0,"1"
"2021-08-03 03:13:14.027+00",800,"4"
"2021-08-03 03:13:14.027+00",822,"0"
"2021-08-03 03:13:44.027+00",822,"0"
"2021-08-03 03:13:44.027+00",800,"4"
"2021-08-03 03:13:44.027+00",0,"1"
"2021-08-03 03:13:44.027+00",822,"2"
"2021-08-03 03:13:44.027+00",904,"3"
"2021-08-03 03:13:44.027+00",802,"5"
"2021-08-03 03:14:14.027+00",0,"1"
"2021-08-03 03:14:14.027+00",904,"3"
"2021-08-03 03:14:14.027+00",822,"0"
"2021-08-03 03:14:14.027+00",800,"4"
"2021-08-03 03:14:14.027+00",802,"5"
"2021-08-03 03:14:14.027+00",822,"2"
"2021-08-03 03:14:44.027+00",835,"4"
"2021-08-03 03:14:44.027+00",857,"2"
"2021-08-03 03:14:44.027+00",0,"1"
"2021-08-03 03:14:44.027+00",949,"3"
"2021-08-03 03:14:44.027+00",862,"0"
"2021-08-03 03:14:44.027+00",850,"5"
"2021-08-03 03:15:14.027+00",1004,"3"
"2021-08-03 03:15:14.027+00",912,"5"
"2021-08-03 03:15:14.027+00",912,"0"
"2021-08-03 03:15:14.027+00",902,"2"
"2021-08-03 03:15:14.027+00",880,"4"
"2021-08-03 03:15:14.027+00",0,"1"
"2021-08-03 03:15:44.027+00",901,"4"
"2021-08-03 03:15:44.027+00",1021,"3"
"2021-08-03 03:15:44.027+00",936,"5"
"2021-08-03 03:15:44.027+00",0,"1"
"2021-08-03 03:15:44.027+00",923,"2"
"2021-08-03 03:15:44.027+00",931,"0"
"2021-08-03 03:16:14.027+00",0,"1"
"2021-08-03 03:16:14.027+00",947,"5"
"2021-08-03 03:16:14.027+00",938,"2"
"2021-08-03 03:16:14.027+00",1042,"3"
"2021-08-03 03:16:14.027+00",949,"0"
"2021-08-03 03:16:14.027+00",916,"4"
"2021-08-03 03:16:44.027+00",0,"1"
"2021-08-03 03:16:44.027+00",964,"0"
"2021-08-03 03:16:44.027+00",931,"4"
"2021-08-03 03:16:44.027+00",966,"5"
"2021-08-03 03:16:44.027+00",1057,"3"
"2021-08-03 03:16:44.027+00",953,"2"
"2021-08-03 03:17:14.029+00",940,"4"
"2021-08-03 03:17:14.029+00",0,"1"
"2021-08-03 03:17:14.029+00",1072,"3"
"2021-08-03 03:17:14.029+00",979,"0"
"2021-08-03 03:17:14.029+00",962,"2"
"2021-08-03 03:17:14.029+00",981,"5"
"2021-08-03 03:17:44.027+00",983,"2"
"2021-08-03 03:17:44.027+00",961,"4"
"2021-08-03 03:17:44.027+00",1087,"3"
"2021-08-03 03:17:44.027+00",994,"0"
"2021-08-03 03:17:44.027+00",0,"1"
"2021-08-03 03:17:44.027+00",996,"5"
"2021-08-03 03:18:14.027+00",976,"4"
"2021-08-03 03:18:14.027+00",1097,"3"
"2021-08-03 03:18:14.027+00",1006,"5"
"2021-08-03 03:18:14.027+00",995,"2"
"2021-08-03 03:18:14.027+00",0,"1"
"2021-08-03 03:18:14.027+00",1008,"0"
"2021-08-03 03:18:44.027+00",0,"1"
"2021-08-03 03:18:44.027+00",1016,"0"
"2021-08-03 03:18:44.027+00",1012,"5"
"2021-08-03 03:18:44.027+00",1009,"2"
"2021-08-03 03:18:44.027+00",1104,"3"
"2021-08-03 03:18:44.027+00",987,"4"
"2021-08-03 03:19:14.027+00",1017,"0"
"2021-08-03 03:19:14.027+00",986,"4"
"2021-08-03 03:19:14.027+00",1013,"5"
"2021-08-03 03:19:14.027+00",1105,"3"
"2021-08-03 03:19:14.027+00",0,"1"
"2021-08-03 03:19:14.027+00",1005,"2"
"2021-08-03 03:19:44.027+00",0,"1"
"2021-08-03 03:19:44.027+00",968,"4"
"2021-08-03 03:19:44.027+00",990,"2"
"2021-08-03 03:19:44.027+00",1088,"3"
"2021-08-03 03:19:44.027+00",996,"5"
"2021-08-03 03:19:44.027+00",998,"0"
"2021-08-03 03:20:14.027+00",968,"4"
"2021-08-03 03:20:14.027+00",0,"1"
"2021-08-03 03:20:14.027+00",990,"2"
"2021-08-03 03:20:14.027+00",1088,"3"
"2021-08-03 03:20:14.027+00",998,"0"
"2021-08-03 03:20:14.027+00",996,"5"
"2021-08-03 03:20:44.027+00",1088,"3"
"2021-08-03 03:20:44.027+00",968,"4"
"2021-08-03 03:20:44.027+00",0,"1"
"2021-08-03 03:20:44.027+00",990,"2"
"2021-08-03 03:20:44.027+00",996,"5"
"2021-08-03 03:20:44.027+00",998,"0"
"2021-08-03 03:21:14.027+00",998,"0"
"2021-08-03 03:21:14.027+00",0,"1"
"2021-08-03 03:21:14.027+00",996,"5"
"2021-08-03 03:21:14.027+00",1088,"3"
"2021-08-03 03:21:14.027+00",990,"2"
"2021-08-03 03:21:14.027+00",968,"4"
"2021-08-03 03:21:44.027+00",1088,"3"
"2021-08-03 03:21:44.027+00",0,"1"
"2021-08-03 03:21:44.027+00",990,"2"
"2021-08-03 03:21:44.027+00",996,"5"
"2021-08-03 03:21:44.027+00",968,"4"
"2021-08-03 03:21:44.027+00",998,"0"
"2021-08-03 03:22:14.027+00",996,"5"
"2021-08-03 03:22:14.027+00",0,"1"
"2021-08-03 03:22:14.027+00",990,"2"
"2021-08-03 03:22:14.027+00",1088,"3"
"2021-08-03 03:22:14.027+00",998,"0"
"2021-08-03 03:22:14.027+00",968,"4"
"2021-08-03 03:22:44.027+00",996,"5"
"2021-08-03 03:22:44.027+00",0,"1"
"2021-08-03 03:22:44.027+00",1088,"3"
"2021-08-03 03:22:44.027+00",990,"2"
"2021-08-03 03:22:44.027+00",998,"0"
"2021-08-03 03:22:44.027+00",968,"4"
"2021-08-03 03:23:14.027+00",990,"2"
"2021-08-03 03:23:14.027+00",0,"1"
"2021-08-03 03:23:14.027+00",996,"5"
"2021-08-03 03:23:14.027+00",998,"0"
"2021-08-03 03:23:14.027+00",968,"4"
"2021-08-03 03:23:14.027+00",1088,"3"
"2021-08-03 03:23:44.027+00",0,"1"
"2021-08-03 03:23:44.027+00",998,"0"
"2021-08-03 03:23:44.027+00",968,"4"
"2021-08-03 03:23:44.027+00",1088,"3"
"2021-08-03 03:23:44.027+00",990,"2"
"2021-08-03 03:23:44.027+00",996,"5"
"2021-08-03 03:24:14.027+00",996,"5"
"2021-08-03 03:24:14.027+00",998,"0"
"2021-08-03 03:24:14.027+00",990,"2"
"2021-08-03 03:24:14.027+00",1088,"3"
"2021-08-03 03:24:14.027+00",0,"1"
"2021-08-03 03:24:14.027+00",968,"4"
"2021-08-03 03:24:44.027+00",996,"5"
"2021-08-03 03:24:44.027+00",990,"2"
"2021-08-03 03:24:44.027+00",1088,"3"
"2021-08-03 03:24:44.027+00",998,"0"
"2021-08-03 03:24:44.027+00",968,"4"
"2021-08-03 03:24:44.027+00",0,"1"
"2021-08-03 03:25:14.027+00",0,"1"
"2021-08-03 03:25:14.027+00",990,"2"
"2021-08-03 03:25:14.027+00",996,"5"
"2021-08-03 03:25:14.027+00",998,"0"
"2021-08-03 03:25:14.027+00",1088,"3"
"2021-08-03 03:25:14.027+00",968,"4"
"2021-08-03 03:25:44.027+00",998,"0"
"2021-08-03 03:25:44.027+00",990,"2"
"2021-08-03 03:25:44.027+00",996,"5"
"2021-08-03 03:25:44.027+00",0,"1"
"2021-08-03 03:25:44.027+00",1088,"3"
"2021-08-03 03:25:44.027+00",968,"4"
"2021-08-03 03:26:14.027+00",996,"5"
"2021-08-03 03:26:14.027+00",1088,"3"
"2021-08-03 03:26:14.027+00",998,"0"
"2021-08-03 03:26:14.027+00",968,"4"
"2021-08-03 03:26:14.027+00",990,"2"
"2021-08-03 03:26:14.027+00",0,"1"
"2021-08-03 03:26:44.027+00",996,"5"
"2021-08-03 03:26:44.027+00",990,"2"
"2021-08-03 03:26:44.027+00",968,"4"
"2021-08-03 03:26:44.027+00",1088,"3"
"2021-08-03 03:26:44.027+00",998,"0"
"2021-08-03 03:26:44.027+00",0,"1"
"2021-08-03 03:27:14.027+00",998,"2"
"2021-08-03 03:27:14.027+00",1095,"3"
"2021-08-03 03:27:14.027+00",1006,"5"
"2021-08-03 03:27:14.027+00",0,"1"
"2021-08-03 03:27:14.027+00",975,"4"
"2021-08-03 03:27:14.027+00",1007,"0"
"2021-08-03 03:27:44.027+00",1164,"3"
"2021-08-03 03:27:44.027+00",0,"1"
"2021-08-03 03:27:44.027+00",1102,"5"
"2021-08-03 03:27:44.027+00",1044,"4"
"2021-08-03 03:27:44.027+00",1076,"2"
"2021-08-03 03:27:44.027+00",1094,"0"
"2021-08-03 03:28:14.027+00",1117,"5"
"2021-08-03 03:28:14.027+00",1091,"2"
"2021-08-03 03:28:14.027+00",1179,"3"
"2021-08-03 03:28:14.027+00",1109,"0"
"2021-08-03 03:28:14.027+00",0,"1"
"2021-08-03 03:28:14.027+00",1059,"4"
"2021-08-03 03:28:44.027+00",1132,"0"
"2021-08-03 03:28:44.027+00",1200,"3"
"2021-08-03 03:28:44.027+00",1080,"4"
"2021-08-03 03:28:44.027+00",0,"1"
"2021-08-03 03:28:44.027+00",1113,"2"
"2021-08-03 03:28:44.027+00",1141,"5"
"2021-08-03 03:29:14.027+00",0,"1"
"2021-08-03 03:29:14.027+00",1135,"2"
"2021-08-03 03:29:14.027+00",1101,"4"
"2021-08-03 03:29:14.027+00",1155,"0"
"2021-08-03 03:29:14.027+00",1221,"3"
"2021-08-03 03:29:14.027+00",1165,"5"
"2021-08-03 03:29:44.027+00",1180,"5"
"2021-08-03 03:29:44.027+00",0,"1"
"2021-08-03 03:29:44.027+00",1170,"0"
"2021-08-03 03:29:44.027+00",1150,"2"
"2021-08-03 03:29:44.027+00",1236,"3"
"2021-08-03 03:29:44.027+00",1110,"4"
"2021-08-03 03:30:14.027+00",1251,"3"
"2021-08-03 03:30:14.027+00",0,"1"
"2021-08-03 03:30:14.027+00",1131,"4"
"2021-08-03 03:30:14.027+00",1195,"5"
"2021-08-03 03:30:14.027+00",1165,"2"
"2021-08-03 03:30:14.027+00",1185,"0"
"2021-08-03 03:30:44.027+00",1166,"2"
"2021-08-03 03:30:44.027+00",1254,"3"
"2021-08-03 03:30:44.027+00",0,"1"
"2021-08-03 03:30:44.027+00",1184,"0"
"2021-08-03 03:30:44.027+00",1192,"5"
"2021-08-03 03:30:44.027+00",1134,"4"
"2021-08-03 03:31:14.027+00",1206,"0"
"2021-08-03 03:31:14.027+00",1215,"5"
"2021-08-03 03:31:14.027+00",0,"1"
"2021-08-03 03:31:14.027+00",1274,"3"
"2021-08-03 03:31:14.027+00",1187,"2"
"2021-08-03 03:31:14.027+00",1154,"4"
"2021-08-03 03:31:44.027+00",0,"1"
"2021-08-03 03:31:44.027+00",1216,"0"
"2021-08-03 03:31:44.027+00",1196,"2"
"2021-08-03 03:31:44.027+00",1226,"5"
"2021-08-03 03:31:44.027+00",1162,"4"
"2021-08-03 03:31:44.027+00",1282,"3"
"2021-08-03 03:32:14.027+00",1268,"3"
"2021-08-03 03:32:14.027+00",1148,"4"
"2021-08-03 03:32:14.027+00",1206,"5"
"2021-08-03 03:32:14.027+00",1198,"0"
"2021-08-03 03:32:14.027+00",1180,"2"
"2021-08-03 03:32:14.027+00",0,"1"
"2021-08-03 03:32:44.027+00",0,"1"
"2021-08-03 03:32:44.027+00",1148,"4"
"2021-08-03 03:32:44.027+00",1268,"3"
"2021-08-03 03:32:44.027+00",1180,"2"
"2021-08-03 03:32:44.027+00",1198,"0"
"2021-08-03 03:32:44.027+00",1206,"5"
"2021-08-03 03:33:14.027+00",1268,"3"
"2021-08-03 03:33:14.027+00",0,"1"
"2021-08-03 03:33:14.027+00",1180,"2"
"2021-08-03 03:33:14.027+00",1198,"0"
"2021-08-03 03:33:14.027+00",1206,"5"
"2021-08-03 03:33:14.027+00",1148,"4"
"2021-08-03 03:33:44.027+00",1148,"4"
"2021-08-03 03:33:44.027+00",1198,"0"
"2021-08-03 03:33:44.027+00",1268,"3"
"2021-08-03 03:33:44.027+00",1180,"2"
"2021-08-03 03:33:44.027+00",1206,"5"
"2021-08-03 03:33:44.027+00",0,"1"
"2021-08-03 03:34:14.027+00",1198,"0"
"2021-08-03 03:34:14.027+00",1148,"4"
"2021-08-03 03:34:14.027+00",1268,"3"
"2021-08-03 03:34:14.027+00",1180,"2"
"2021-08-03 03:34:14.027+00",0,"1"
"2021-08-03 03:34:14.027+00",1206,"5"
"2021-08-03 03:34:44.027+00",1180,"2"
"2021-08-03 03:34:44.027+00",0,"1"
"2021-08-03 03:34:44.027+00",1148,"4"
"2021-08-03 03:34:44.027+00",1198,"0"
"2021-08-03 03:34:44.027+00",1206,"5"
"2021-08-03 03:34:44.027+00",1268,"3"
