"time","skipped_tasks"
"2021-08-03 02:10:06.056+00",455
"2021-08-03 02:10:16.056+00",455
"2021-08-03 02:10:26.056+00",455
"2021-08-03 02:10:36.056+00",455
"2021-08-03 02:10:46.056+00",455
"2021-08-03 02:10:56.056+00",455
"2021-08-03 02:11:06.056+00",455
"2021-08-03 02:11:16.056+00",455
"2021-08-03 02:11:26.056+00",455
"2021-08-03 02:11:36.056+00",455
"2021-08-03 02:11:46.056+00",455
"2021-08-03 02:11:56.056+00",455
"2021-08-03 02:12:06.056+00",455
"2021-08-03 02:12:16.056+00",455
"2021-08-03 02:12:26.056+00",455
"2021-08-03 02:12:36.056+00",455
"2021-08-03 02:12:46.056+00",455
"2021-08-03 02:12:56.056+00",455
"2021-08-03 02:13:06.056+00",455
"2021-08-03 02:13:16.056+00",455
"2021-08-03 02:13:26.056+00",455
"2021-08-03 02:13:36.056+00",455
"2021-08-03 02:13:46.056+00",455
"2021-08-03 02:13:56.056+00",455
"2021-08-03 02:14:06.056+00",455
"2021-08-03 02:14:16.056+00",455
"2021-08-03 02:14:26.056+00",455
"2021-08-03 02:14:36.056+00",455
"2021-08-03 02:14:46.056+00",455
"2021-08-03 02:14:56.056+00",455
"2021-08-03 02:15:06.056+00",455
"2021-08-03 02:15:16.056+00",460
"2021-08-03 02:15:26.056+00",535
"2021-08-03 02:15:36.056+00",610
"2021-08-03 02:15:46.056+00",685
"2021-08-03 02:15:56.056+00",760
"2021-08-03 02:16:06.056+00",835
"2021-08-03 02:16:16.056+00",910
"2021-08-03 02:16:26.056+00",985
"2021-08-03 02:16:36.056+00",1060
"2021-08-03 02:16:46.056+00",1135
"2021-08-03 02:16:56.056+00",1210
"2021-08-03 02:17:06.056+00",1285
"2021-08-03 02:17:16.056+00",1360
"2021-08-03 02:17:26.056+00",1435
"2021-08-03 02:17:36.056+00",1510
"2021-08-03 02:17:46.056+00",1585
"2021-08-03 02:17:56.056+00",1660
"2021-08-03 02:18:06.056+00",1735
"2021-08-03 02:18:16.059+00",1810
"2021-08-03 02:18:26.056+00",1885
"2021-08-03 02:18:36.056+00",1960
"2021-08-03 02:18:46.056+00",2035
"2021-08-03 02:18:56.056+00",2110
"2021-08-03 02:19:06.056+00",2185
"2021-08-03 02:19:16.056+00",2260
"2021-08-03 02:19:26.056+00",2335
"2021-08-03 02:19:36.056+00",2410
"2021-08-03 02:19:46.056+00",2485
"2021-08-03 02:19:56.056+00",2560
"2021-08-03 02:20:06.056+00",2635
"2021-08-03 02:20:16.056+00",2710
"2021-08-03 02:20:26.056+00",2710
"2021-08-03 02:20:36.056+00",2710
"2021-08-03 02:20:46.056+00",2710
"2021-08-03 02:20:56.056+00",2710
"2021-08-03 02:21:06.056+00",2710
"2021-08-03 02:21:16.056+00",2710
"2021-08-03 02:21:26.056+00",2710
"2021-08-03 02:21:36.056+00",2710
"2021-08-03 02:21:46.056+00",2710
"2021-08-03 02:21:56.056+00",2710
"2021-08-03 02:22:06.056+00",2710
"2021-08-03 02:22:16.056+00",2710
"2021-08-03 02:22:26.056+00",2710
"2021-08-03 02:22:36.056+00",2710
"2021-08-03 02:22:46.056+00",2710
"2021-08-03 02:22:56.056+00",2710
"2021-08-03 02:23:06.056+00",2710
"2021-08-03 02:23:16.056+00",2710
"2021-08-03 02:23:26.056+00",2710
"2021-08-03 02:23:36.056+00",2710
"2021-08-03 02:23:46.056+00",2710
"2021-08-03 02:23:56.056+00",2710
"2021-08-03 02:24:06.056+00",2710
"2021-08-03 02:24:16.056+00",2710
"2021-08-03 02:24:26.056+00",2710
"2021-08-03 02:24:36.056+00",2710
"2021-08-03 02:24:46.056+00",2710
"2021-08-03 02:24:56.056+00",2710
"2021-08-03 02:25:06.056+00",2710
"2021-08-03 02:25:16.056+00",2710
"2021-08-03 02:25:26.056+00",2710
"2021-08-03 02:25:36.056+00",2710
"2021-08-03 02:25:46.056+00",2710
"2021-08-03 02:25:56.056+00",2710
"2021-08-03 02:26:06.056+00",2710
"2021-08-03 02:26:16.065+00",2710
"2021-08-03 02:26:26.056+00",2710
"2021-08-03 02:26:36.056+00",2710
"2021-08-03 02:26:46.056+00",2710
"2021-08-03 02:26:56.056+00",2710
"2021-08-03 02:27:06.056+00",2710
"2021-08-03 02:27:16.056+00",2710
"2021-08-03 02:27:26.056+00",2710
"2021-08-03 02:27:36.056+00",2710
"2021-08-03 02:27:46.056+00",2710
"2021-08-03 02:27:56.056+00",2710
"2021-08-03 02:28:06.056+00",2710
"2021-08-03 02:28:16.056+00",2710
"2021-08-03 02:28:26.056+00",2710
"2021-08-03 02:28:36.056+00",2710
"2021-08-03 02:28:46.056+00",2710
"2021-08-03 02:28:56.056+00",2710
"2021-08-03 02:29:06.056+00",2710
"2021-08-03 02:29:16.056+00",2710
"2021-08-03 02:29:26.056+00",2710
"2021-08-03 02:29:36.056+00",2710
"2021-08-03 02:29:46.056+00",2710
"2021-08-03 02:29:56.056+00",2710
"2021-08-03 02:30:06.056+00",2710
"2021-08-03 02:30:16.056+00",2710
"2021-08-03 02:30:26.056+00",2710
"2021-08-03 02:30:36.056+00",2710
"2021-08-03 02:30:46.056+00",2710
"2021-08-03 02:30:56.056+00",2710
"2021-08-03 02:31:06.056+00",3184
"2021-08-03 02:31:16.056+00",3739
"2021-08-03 02:31:26.056+00",4294
"2021-08-03 02:31:36.056+00",4849
"2021-08-03 02:31:46.056+00",5404
"2021-08-03 02:31:56.056+00",5959
"2021-08-03 02:32:06.056+00",6514
"2021-08-03 02:32:16.056+00",7069
"2021-08-03 02:32:26.056+00",7578
"2021-08-03 02:32:36.056+00",8133
"2021-08-03 02:32:46.056+00",8688
"2021-08-03 02:32:56.056+00",9243
"2021-08-03 02:33:06.056+00",9798
"2021-08-03 02:33:16.056+00",10353
"2021-08-03 02:33:26.056+00",10867
"2021-08-03 02:33:36.056+00",11386
"2021-08-03 02:33:46.056+00",11885
"2021-08-03 02:33:56.056+00",12353
"2021-08-03 02:34:06.056+00",12831
"2021-08-03 02:34:16.056+00",13335
"2021-08-03 02:34:26.056+00",13793
"2021-08-03 02:34:36.056+00",14251
"2021-08-03 02:34:46.056+00",14770
"2021-08-03 02:34:56.056+00",15274
"2021-08-03 02:35:06.056+00",15691
"2021-08-03 02:35:16.056+00",16016
"2021-08-03 02:35:26.056+00",16535
"2021-08-03 02:35:36.056+00",16967
"2021-08-03 02:35:46.056+00",17369
"2021-08-03 02:35:56.056+00",17832
"2021-08-03 02:36:06.056+00",17998
"2021-08-03 02:36:16.056+00",17998
"2021-08-03 02:36:26.056+00",17998
"2021-08-03 02:36:36.056+00",17998
"2021-08-03 02:36:46.056+00",17998
"2021-08-03 02:36:56.056+00",17998
"2021-08-03 02:37:06.056+00",17998
"2021-08-03 02:37:16.056+00",17998
"2021-08-03 02:37:26.056+00",17998
"2021-08-03 02:37:36.056+00",17998
"2021-08-03 02:37:46.056+00",17998
"2021-08-03 02:37:56.056+00",17998
"2021-08-03 02:38:06.056+00",17998
"2021-08-03 02:38:16.056+00",17998
"2021-08-03 02:38:26.056+00",17998
"2021-08-03 02:38:36.056+00",17998
"2021-08-03 02:38:46.056+00",17998
"2021-08-03 02:38:56.056+00",17998
"2021-08-03 02:39:06.056+00",17998
"2021-08-03 02:39:16.056+00",17998
"2021-08-03 02:39:26.056+00",17998
"2021-08-03 02:39:36.056+00",17998
"2021-08-03 02:39:46.056+00",17998
"2021-08-03 02:39:56.056+00",17998
"2021-08-03 02:40:06.056+00",17998
"2021-08-03 02:40:16.056+00",17998
"2021-08-03 02:40:26.056+00",17998
"2021-08-03 02:40:36.056+00",17998
"2021-08-03 02:40:46.056+00",17998
"2021-08-03 02:40:56.056+00",17998
"2021-08-03 02:41:06.056+00",17998
"2021-08-03 02:41:16.056+00",17998
"2021-08-03 02:41:26.056+00",17998
"2021-08-03 02:41:36.056+00",17998
"2021-08-03 02:41:46.056+00",17998
"2021-08-03 02:41:56.056+00",17998
"2021-08-03 02:42:06.056+00",17998
"2021-08-03 02:42:16.056+00",17998
"2021-08-03 02:42:26.056+00",17998
"2021-08-03 02:42:36.056+00",17998
"2021-08-03 02:42:46.056+00",17998
"2021-08-03 02:42:56.056+00",17998
"2021-08-03 02:43:06.056+00",17998
"2021-08-03 02:43:16.056+00",17998
"2021-08-03 02:43:26.056+00",17998
"2021-08-03 02:43:36.056+00",17998
"2021-08-03 02:43:46.056+00",17998
"2021-08-03 02:43:56.056+00",17998
"2021-08-03 02:44:06.056+00",17998
"2021-08-03 02:44:16.056+00",17998
"2021-08-03 02:44:26.062+00",17998
"2021-08-03 02:44:36.056+00",17998
"2021-08-03 02:44:46.056+00",17998
"2021-08-03 02:44:56.056+00",17998
"2021-08-03 02:45:06.056+00",17998
"2021-08-03 02:45:16.056+00",17998
"2021-08-03 02:45:26.056+00",17998
"2021-08-03 02:45:36.056+00",17998
"2021-08-03 02:45:46.056+00",17998
"2021-08-03 02:45:56.056+00",17998
"2021-08-03 02:46:06.056+00",17998
"2021-08-03 02:46:16.056+00",17998
"2021-08-03 02:46:26.056+00",17998
"2021-08-03 02:46:36.056+00",17998
"2021-08-03 02:46:46.056+00",17998
"2021-08-03 02:46:56.056+00",17998
"2021-08-03 02:47:06.056+00",17998
"2021-08-03 02:47:16.056+00",17998
"2021-08-03 02:47:26.056+00",17998
"2021-08-03 02:47:36.056+00",17998
"2021-08-03 02:47:46.056+00",17998
"2021-08-03 02:47:56.056+00",17998
"2021-08-03 02:48:06.056+00",17998
"2021-08-03 02:48:16.056+00",17998
"2021-08-03 02:48:26.056+00",17998
"2021-08-03 02:48:36.056+00",18048
"2021-08-03 02:48:46.056+00",18148
"2021-08-03 02:48:56.056+00",18223
"2021-08-03 02:49:06.056+00",18273
"2021-08-03 02:49:16.056+00",18348
"2021-08-03 02:49:26.066+00",18423
"2021-08-03 02:49:36.056+00",18498
"2021-08-03 02:49:46.056+00",18573
"2021-08-03 02:49:56.056+00",18648
"2021-08-03 02:50:06.056+00",18723
"2021-08-03 02:50:16.056+00",18798
"2021-08-03 02:50:26.056+00",18873
"2021-08-03 02:50:36.056+00",18948
"2021-08-03 02:50:46.056+00",19023
"2021-08-03 02:50:56.056+00",19098
"2021-08-03 02:51:06.056+00",19173
"2021-08-03 02:51:16.056+00",19248
"2021-08-03 02:51:26.056+00",19323
"2021-08-03 02:51:36.056+00",19398
"2021-08-03 02:51:46.056+00",19473
"2021-08-03 02:51:56.056+00",19548
"2021-08-03 02:52:06.056+00",19623
"2021-08-03 02:52:16.056+00",19698
"2021-08-03 02:52:26.056+00",19773
"2021-08-03 02:52:36.056+00",19848
"2021-08-03 02:52:46.056+00",19923
"2021-08-03 02:52:56.06+00",19998
"2021-08-03 02:53:06.072+00",20073
"2021-08-03 02:53:16.056+00",20148
"2021-08-03 02:53:26.056+00",20223
"2021-08-03 02:53:36.056+00",20253
"2021-08-03 02:53:46.056+00",20253
"2021-08-03 02:53:56.056+00",20253
"2021-08-03 02:54:06.056+00",20253
"2021-08-03 02:54:16.056+00",20253
"2021-08-03 02:54:26.056+00",20253
"2021-08-03 02:54:36.056+00",20253
"2021-08-03 02:54:46.056+00",20253
"2021-08-03 02:54:56.056+00",20253
"2021-08-03 02:55:06.056+00",20253
"2021-08-03 02:55:16.056+00",20253
"2021-08-03 02:55:26.056+00",20253
"2021-08-03 02:55:36.056+00",20253
"2021-08-03 02:55:46.056+00",20253
"2021-08-03 02:55:56.056+00",20253
"2021-08-03 02:56:06.056+00",20253
"2021-08-03 02:56:16.056+00",20253
"2021-08-03 02:56:26.056+00",20253
"2021-08-03 02:56:36.056+00",20253
"2021-08-03 02:56:46.056+00",20253
"2021-08-03 02:56:56.056+00",20253
"2021-08-03 02:57:06.056+00",20253
"2021-08-03 02:57:16.056+00",20253
"2021-08-03 02:57:26.056+00",20253
"2021-08-03 02:57:36.056+00",20253
"2021-08-03 02:57:46.056+00",20253
"2021-08-03 02:57:56.056+00",20253
"2021-08-03 02:58:06.056+00",20253
"2021-08-03 02:58:16.056+00",20253
"2021-08-03 02:58:26.056+00",20253
"2021-08-03 02:58:36.056+00",20253
"2021-08-03 02:58:46.056+00",20253
"2021-08-03 02:58:56.056+00",20253
"2021-08-03 02:59:06.058+00",20253
"2021-08-03 02:59:16.056+00",20253
"2021-08-03 02:59:26.065+00",20253
"2021-08-03 02:59:36.06+00",20253
"2021-08-03 02:59:46.056+00",20253
"2021-08-03 02:59:56.056+00",20253
"2021-08-03 03:00:06.056+00",20253
"2021-08-03 03:00:16.056+00",20253
"2021-08-03 03:00:26.056+00",20556
"2021-08-03 03:00:36.056+00",21060
"2021-08-03 03:00:46.056+00",21477
"2021-08-03 03:00:56.056+00",21802
"2021-08-03 03:01:06.056+00",22127
"2021-08-03 03:01:16.056+00",22452
"2021-08-03 03:01:26.056+00",22777
"2021-08-03 03:01:36.056+00",23102
"2021-08-03 03:01:46.056+00",23427
"2021-08-03 03:01:56.056+00",23752
"2021-08-03 03:02:06.056+00",24077
"2021-08-03 03:02:16.056+00",24402
"2021-08-03 03:02:26.056+00",24727
"2021-08-03 03:02:36.056+00",25052
"2021-08-03 03:02:46.056+00",25377
"2021-08-03 03:02:56.056+00",25702
"2021-08-03 03:03:06.056+00",26027
"2021-08-03 03:03:16.056+00",26352
"2021-08-03 03:03:26.056+00",26677
"2021-08-03 03:03:36.056+00",27002
"2021-08-03 03:03:46.056+00",27327
"2021-08-03 03:03:56.056+00",27652
"2021-08-03 03:04:06.056+00",27977
"2021-08-03 03:04:16.056+00",28302
"2021-08-03 03:04:26.056+00",28627
"2021-08-03 03:04:36.056+00",28952
"2021-08-03 03:04:46.056+00",29277
"2021-08-03 03:04:56.056+00",29602
"2021-08-03 03:05:06.056+00",29927
"2021-08-03 03:05:16.056+00",30252
"2021-08-03 03:05:26.056+00",30492
"2021-08-03 03:05:36.056+00",30492
"2021-08-03 03:05:46.056+00",30492
"2021-08-03 03:05:56.056+00",30492
"2021-08-03 03:06:06.056+00",30492
"2021-08-03 03:06:16.056+00",30492
"2021-08-03 03:06:26.056+00",30492
"2021-08-03 03:06:36.056+00",30492
"2021-08-03 03:06:46.056+00",30492
"2021-08-03 03:06:56.056+00",30492
"2021-08-03 03:07:06.056+00",30492
"2021-08-03 03:07:16.056+00",30492
"2021-08-03 03:07:26.056+00",30492
"2021-08-03 03:07:36.056+00",30492
"2021-08-03 03:07:46.056+00",30492
"2021-08-03 03:07:56.056+00",30492
"2021-08-03 03:08:06.056+00",30492
"2021-08-03 03:08:16.056+00",30492
"2021-08-03 03:08:26.056+00",30492
"2021-08-03 03:08:36.056+00",30492
"2021-08-03 03:08:46.056+00",30492
"2021-08-03 03:08:56.056+00",30492
"2021-08-03 03:09:06.056+00",30492
"2021-08-03 03:09:16.056+00",30492
"2021-08-03 03:09:26.056+00",30492
"2021-08-03 03:09:36.056+00",30492
"2021-08-03 03:09:46.056+00",30492
"2021-08-03 03:09:56.056+00",30492
"2021-08-03 03:10:06.056+00",30492
"2021-08-03 03:10:16.056+00",30492
"2021-08-03 03:10:26.056+00",30492
"2021-08-03 03:10:36.056+00",30492
"2021-08-03 03:10:46.056+00",30492
"2021-08-03 03:10:56.056+00",30492
"2021-08-03 03:11:06.056+00",30492
"2021-08-03 03:11:16.056+00",30492
"2021-08-03 03:11:26.056+00",30492
"2021-08-03 03:11:36.056+00",30492
"2021-08-03 03:11:46.056+00",30492
"2021-08-03 03:11:56.056+00",30492
"2021-08-03 03:12:06.056+00",30492
"2021-08-03 03:12:16.056+00",30492
"2021-08-03 03:12:26.056+00",30492
"2021-08-03 03:12:36.056+00",30492
"2021-08-03 03:12:46.056+00",30492
"2021-08-03 03:12:56.056+00",30492
"2021-08-03 03:13:06.056+00",30492
"2021-08-03 03:13:16.056+00",30492
"2021-08-03 03:13:26.056+00",30492
"2021-08-03 03:13:36.056+00",30492
"2021-08-03 03:13:46.056+00",30492
"2021-08-03 03:13:56.056+00",30492
"2021-08-03 03:14:06.056+00",30492
"2021-08-03 03:14:16.056+00",30492
"2021-08-03 03:14:26.056+00",30492
"2021-08-03 03:14:36.056+00",30492
"2021-08-03 03:14:46.056+00",30507
"2021-08-03 03:14:56.056+00",30582
"2021-08-03 03:15:06.056+00",30657
"2021-08-03 03:15:16.056+00",30732
"2021-08-03 03:15:26.056+00",30807
"2021-08-03 03:15:36.056+00",30882
"2021-08-03 03:15:46.056+00",30957
"2021-08-03 03:15:56.056+00",31032
"2021-08-03 03:16:06.056+00",31107
"2021-08-03 03:16:16.056+00",31182
"2021-08-03 03:16:26.056+00",31257
"2021-08-03 03:16:36.056+00",31332
"2021-08-03 03:16:46.056+00",31407
"2021-08-03 03:16:56.056+00",31482
"2021-08-03 03:17:06.056+00",31557
"2021-08-03 03:17:16.056+00",31632
"2021-08-03 03:17:26.056+00",31707
"2021-08-03 03:17:36.056+00",31782
"2021-08-03 03:17:46.056+00",31857
"2021-08-03 03:17:56.056+00",31932
"2021-08-03 03:18:06.056+00",32007
"2021-08-03 03:18:16.056+00",32082
"2021-08-03 03:18:26.056+00",32157
"2021-08-03 03:18:36.056+00",32232
"2021-08-03 03:18:46.056+00",32307
"2021-08-03 03:18:56.056+00",32382
"2021-08-03 03:19:06.056+00",32457
"2021-08-03 03:19:16.068+00",32532
"2021-08-03 03:19:26.056+00",32607
"2021-08-03 03:19:36.056+00",32682
"2021-08-03 03:19:46.056+00",32747
"2021-08-03 03:19:56.056+00",32747
"2021-08-03 03:20:06.056+00",32747
"2021-08-03 03:20:16.056+00",32747
"2021-08-03 03:20:26.056+00",32747
"2021-08-03 03:20:36.056+00",32747
"2021-08-03 03:20:46.056+00",32747
"2021-08-03 03:20:56.056+00",32747
"2021-08-03 03:21:06.056+00",32747
"2021-08-03 03:21:16.056+00",32747
"2021-08-03 03:21:26.056+00",32747
"2021-08-03 03:21:36.056+00",32747
"2021-08-03 03:21:46.056+00",32747
"2021-08-03 03:21:56.056+00",32747
"2021-08-03 03:22:06.056+00",32747
"2021-08-03 03:22:16.056+00",32747
"2021-08-03 03:22:26.056+00",32747
"2021-08-03 03:22:36.056+00",32747
"2021-08-03 03:22:46.056+00",32747
"2021-08-03 03:22:56.056+00",32747
"2021-08-03 03:23:06.056+00",32747
"2021-08-03 03:23:16.056+00",32747
"2021-08-03 03:23:26.056+00",32747
"2021-08-03 03:23:36.056+00",32747
"2021-08-03 03:23:46.056+00",32747
"2021-08-03 03:23:56.056+00",32747
"2021-08-03 03:24:06.056+00",32747
"2021-08-03 03:24:16.056+00",32747
"2021-08-03 03:24:26.056+00",32747
"2021-08-03 03:24:36.056+00",32747
"2021-08-03 03:24:46.056+00",32747
"2021-08-03 03:24:56.056+00",32747
"2021-08-03 03:25:06.056+00",32747
"2021-08-03 03:25:16.056+00",32747
"2021-08-03 03:25:26.056+00",32747
"2021-08-03 03:25:36.064+00",32747
"2021-08-03 03:25:46.056+00",32747
"2021-08-03 03:25:56.056+00",32747
"2021-08-03 03:26:06.056+00",32747
"2021-08-03 03:26:16.056+00",32747
"2021-08-03 03:26:26.056+00",32747
"2021-08-03 03:26:36.056+00",32747
"2021-08-03 03:26:46.056+00",32747
"2021-08-03 03:26:56.056+00",32747
"2021-08-03 03:27:06.056+00",32747
"2021-08-03 03:27:16.056+00",32747
"2021-08-03 03:27:26.056+00",33124
"2021-08-03 03:27:36.056+00",33551
"2021-08-03 03:27:46.056+00",33958
"2021-08-03 03:27:56.056+00",34283
"2021-08-03 03:28:06.056+00",34608
"2021-08-03 03:28:16.056+00",34933
"2021-08-03 03:28:26.056+00",35258
"2021-08-03 03:28:36.056+00",35583
"2021-08-03 03:28:46.056+00",35903
"2021-08-03 03:28:56.056+00",36228
"2021-08-03 03:29:06.056+00",36553
"2021-08-03 03:29:16.056+00",36873
"2021-08-03 03:29:26.056+00",37193
"2021-08-03 03:29:36.056+00",37513
"2021-08-03 03:29:46.056+00",37833
"2021-08-03 03:29:56.056+00",38153
"2021-08-03 03:30:06.056+00",38473
"2021-08-03 03:30:16.056+00",38798
"2021-08-03 03:30:26.056+00",39118
"2021-08-03 03:30:36.056+00",39438
"2021-08-03 03:30:46.056+00",39758
"2021-08-03 03:30:56.056+00",40083
"2021-08-03 03:31:06.056+00",40403
"2021-08-03 03:31:16.056+00",40723
"2021-08-03 03:31:26.056+00",41018
"2021-08-03 03:31:36.056+00",41343
"2021-08-03 03:31:46.056+00",41668
"2021-08-03 03:31:56.056+00",41988
"2021-08-03 03:32:06.056+00",42308
"2021-08-03 03:32:16.056+00",42618
"2021-08-03 03:32:26.056+00",42743
"2021-08-03 03:32:36.056+00",42743
"2021-08-03 03:32:46.056+00",42743
"2021-08-03 03:32:56.056+00",42743
"2021-08-03 03:33:06.056+00",42743
"2021-08-03 03:33:16.056+00",42743
"2021-08-03 03:33:26.056+00",42743
"2021-08-03 03:33:36.056+00",42743
"2021-08-03 03:33:46.056+00",42743
"2021-08-03 03:33:56.056+00",42743
"2021-08-03 03:34:06.056+00",42743
"2021-08-03 03:34:16.056+00",42743
"2021-08-03 03:34:26.056+00",42743
"2021-08-03 03:34:36.056+00",42743
"2021-08-03 03:34:46.056+00",42743
"2021-08-03 03:34:56.056+00",42743
