"time","skipped_stages"
"2021-08-02 00:50:00.373+00",12136
"2021-08-02 00:50:10.373+00",12384
"2021-08-02 00:50:20.373+00",12522
"2021-08-02 00:50:30.382+00",12622
"2021-08-02 00:50:40.373+00",12795
"2021-08-02 00:50:50.373+00",13045
"2021-08-02 00:51:00.375+00",13177
"2021-08-02 00:51:10.373+00",13273
"2021-08-02 00:51:20.373+00",13448
"2021-08-02 00:51:30.373+00",13698
"2021-08-02 00:51:40.373+00",13824
"2021-08-02 00:51:50.373+00",13896
"2021-08-02 00:52:00.373+00",14079
"2021-08-02 00:52:10.373+00",14327
"2021-08-02 00:52:20.373+00",14461
"2021-08-02 00:52:30.373+00",14559
"2021-08-02 00:52:40.373+00",14732
"2021-08-02 00:52:50.373+00",14982
"2021-08-02 00:53:00.373+00",15116
"2021-08-02 00:53:10.373+00",15212
"2021-08-02 00:53:20.373+00",15387
"2021-08-02 00:53:30.373+00",15637
"2021-08-02 00:53:40.373+00",15771
"2021-08-02 00:53:50.373+00",15846
"2021-08-02 00:54:00.373+00",15971
"2021-08-02 00:54:10.373+00",16146
"2021-08-02 00:54:20.373+00",16248
"2021-08-02 00:54:30.38+00",16318
"2021-08-02 00:54:40.373+00",16438
"2021-08-02 00:54:50.373+00",16613
"2021-08-02 00:55:00.373+00",16713
"2021-08-02 00:55:10.385+00",16783
"2021-08-02 00:55:20.373+00",16908
"2021-08-02 00:55:30.373+00",17083
"2021-08-02 00:55:40.373+00",17183
"2021-08-02 00:55:50.378+00",17258
"2021-08-02 00:56:00.373+00",17383
"2021-08-02 00:56:10.373+00",17558
"2021-08-02 00:56:20.373+00",17660
"2021-08-02 00:56:30.373+00",17730
"2021-08-02 00:56:40.373+00",17850
"2021-08-02 00:56:50.373+00",18025
"2021-08-02 00:57:00.373+00",18130
"2021-08-02 00:57:10.373+00",18228
"2021-08-02 00:57:20.373+00",18403
"2021-08-02 00:57:30.373+00",18653
"2021-08-02 00:57:40.373+00",18786
"2021-08-02 00:57:50.391+00",18888
"2021-08-02 00:58:00.373+00",19063
"2021-08-02 00:58:10.373+00",19311
"2021-08-02 00:58:20.373+00",19438
"2021-08-02 00:58:30.373+00",19518
"2021-08-02 00:58:40.373+00",19689
"2021-08-02 00:58:50.373+00",19939
"2021-08-02 00:59:00.373+00",20070
"2021-08-02 00:59:10.373+00",20166
"2021-08-02 00:59:20.373+00",20341
"2021-08-02 00:59:30.373+00",20591
"2021-08-02 00:59:40.373+00",20724
"2021-08-02 00:59:50.373+00",20821
"2021-08-02 01:00:00.373+00",20996
"2021-08-02 01:00:10.373+00",21244
"2021-08-02 01:00:20.373+00",21373
"2021-08-02 01:00:30.373+00",21471
"2021-08-02 01:00:40.373+00",21644
"2021-08-02 01:00:50.373+00",21894
"2021-08-02 01:01:00.373+00",22028
"2021-08-02 01:01:10.373+00",22124
"2021-08-02 01:01:20.373+00",22299
"2021-08-02 01:01:30.373+00",22549
"2021-08-02 01:01:40.373+00",22682
"2021-08-02 01:01:50.373+00",22779
"2021-08-02 01:02:00.373+00",22948
"2021-08-02 01:02:10.373+00",23168
"2021-08-02 01:02:20.373+00",23288
"2021-08-02 01:02:30.373+00",23358
"2021-08-02 01:02:40.373+00",23478
"2021-08-02 01:02:50.373+00",23653
"2021-08-02 01:03:00.373+00",23753
"2021-08-02 01:03:10.373+00",23823
"2021-08-02 01:03:20.373+00",23948
"2021-08-02 01:03:30.373+00",24123
"2021-08-02 01:03:40.373+00",24223
"2021-08-02 01:03:50.373+00",24298
"2021-08-02 01:04:00.373+00",24423
"2021-08-02 01:04:10.373+00",24598
"2021-08-02 01:04:20.373+00",24700
"2021-08-02 01:04:30.373+00",24770
"2021-08-02 01:04:40.373+00",24890
"2021-08-02 01:04:50.373+00",25065
"2021-08-02 01:05:00.373+00",25165
"2021-08-02 01:05:10.375+00",25235
"2021-08-02 01:05:20.373+00",25360
"2021-08-02 01:05:30.373+00",25535
"2021-08-02 01:05:40.373+00",25635
"2021-08-02 01:05:50.375+00",25710
"2021-08-02 01:06:00.373+00",25835
"2021-08-02 01:06:10.373+00",26010
"2021-08-02 01:06:20.373+00",26112
"2021-08-02 01:06:30.373+00",26182
"2021-08-02 01:06:40.373+00",26302
"2021-08-02 01:06:50.373+00",26477
"2021-08-02 01:07:00.373+00",26577
"2021-08-02 01:07:10.373+00",26647
"2021-08-02 01:07:20.373+00",26771
"2021-08-02 01:07:30.373+00",26961
"2021-08-02 01:07:40.373+00",27074
"2021-08-02 01:07:50.373+00",27174
"2021-08-02 01:08:00.373+00",27349
"2021-08-02 01:08:10.373+00",27597
"2021-08-02 01:08:20.373+00",27726
"2021-08-02 01:08:30.375+00",27830
"2021-08-02 01:08:40.373+00",28003
"2021-08-02 01:08:50.373+00",28253
"2021-08-02 01:09:00.373+00",28384
"2021-08-02 01:09:10.373+00",28485
"2021-08-02 01:09:20.373+00",28660
"2021-08-02 01:09:30.373+00",28910
"2021-08-02 01:09:40.373+00",29049
"2021-08-02 01:09:50.373+00",29149
"2021-08-02 01:10:00.373+00",29324
"2021-08-02 01:10:10.373+00",29572
"2021-08-02 01:10:20.373+00",29700
"2021-08-02 01:10:30.373+00",29797
"2021-08-02 01:10:40.377+00",29970
"2021-08-02 01:10:50.373+00",30220
"2021-08-02 01:11:00.373+00",30343
"2021-08-02 01:11:10.373+00",30441
"2021-08-02 01:11:20.373+00",30616
"2021-08-02 01:11:30.373+00",30866
"2021-08-02 01:11:40.373+00",30993
"2021-08-02 01:11:50.373+00",31096
"2021-08-02 01:12:00.376+00",31271
"2021-08-02 01:12:10.377+00",31519
"2021-08-02 01:12:20.373+00",31659
"2021-08-02 01:12:30.379+00",31744
"2021-08-02 01:12:40.373+00",31879
"2021-08-02 01:12:50.373+00",32069
"2021-08-02 01:13:00.373+00",32175
"2021-08-02 01:13:10.373+00",32245
"2021-08-02 01:13:20.373+00",32370
"2021-08-02 01:13:30.373+00",32545
"2021-08-02 01:13:40.38+00",32645
"2021-08-02 01:13:50.373+00",32720
"2021-08-02 01:14:00.373+00",32845
"2021-08-02 01:14:10.373+00",33020
"2021-08-02 01:14:20.373+00",33122
"2021-08-02 01:14:30.373+00",33192
"2021-08-02 01:14:40.373+00",33312
"2021-08-02 01:14:50.373+00",33487
"2021-08-02 01:15:00.373+00",33587
"2021-08-02 01:15:10.373+00",33657
"2021-08-02 01:15:20.373+00",33782
"2021-08-02 01:15:30.373+00",33957
"2021-08-02 01:15:40.373+00",34057
"2021-08-02 01:15:50.373+00",34132
"2021-08-02 01:16:00.373+00",34257
"2021-08-02 01:16:10.373+00",34432
"2021-08-02 01:16:20.373+00",34534
"2021-08-02 01:16:30.373+00",34604
"2021-08-02 01:16:40.373+00",34724
"2021-08-02 01:16:50.373+00",34899
"2021-08-02 01:17:00.373+00",34999
"2021-08-02 01:17:10.377+00",35069
"2021-08-02 01:17:20.373+00",35194
"2021-08-02 01:17:30.373+00",35369
"2021-08-02 01:17:40.383+00",35469
"2021-08-02 01:17:50.373+00",35544
"2021-08-02 01:18:00.373+00",35669
"2021-08-02 01:18:10.373+00",35844
"2021-08-02 01:18:20.373+00",35946
"2021-08-02 01:18:30.373+00",36016
"2021-08-02 01:18:40.373+00",36136
"2021-08-02 01:18:50.373+00",36311
"2021-08-02 01:19:00.373+00",36411
"2021-08-02 01:19:10.373+00",36481
"2021-08-02 01:19:20.388+00",36606
"2021-08-02 01:19:30.373+00",36781
"2021-08-02 01:19:40.376+00",36881
"2021-08-02 01:19:50.373+00",36956
"2021-08-02 01:20:00.373+00",37081
"2021-08-02 01:20:10.373+00",37256
"2021-08-02 01:20:20.373+00",37358
"2021-08-02 01:20:30.373+00",37428
"2021-08-02 01:20:40.373+00",37548
"2021-08-02 01:20:50.373+00",37723
"2021-08-02 01:21:00.373+00",37823
"2021-08-02 01:21:10.373+00",37893
"2021-08-02 01:21:20.373+00",38018
"2021-08-02 01:21:30.373+00",38193
"2021-08-02 01:21:40.373+00",38293
"2021-08-02 01:21:50.373+00",38368
"2021-08-02 01:22:00.373+00",38493
"2021-08-02 01:22:10.373+00",38668
"2021-08-02 01:22:20.384+00",38770
"2021-08-02 01:22:30.373+00",38840
"2021-08-02 01:22:40.373+00",38960
"2021-08-02 01:22:50.373+00",39135
"2021-08-02 01:23:00.373+00",39235
"2021-08-02 01:23:10.373+00",39287
"2021-08-02 01:23:20.373+00",39367
"2021-08-02 01:23:30.373+00",39503
"2021-08-02 01:23:40.373+00",39659
"2021-08-02 01:23:50.373+00",39699
"2021-08-02 01:24:00.373+00",39781
"2021-08-02 01:24:10.373+00",39913
"2021-08-02 01:24:20.373+00",40062
"2021-08-02 01:24:30.375+00",40192
"2021-08-02 01:24:40.373+00",40323
"2021-08-02 01:24:50.373+00",40428
"2021-08-02 01:25:00.379+00",40506
"2021-08-02 01:25:10.373+00",40603
"2021-08-02 01:25:20.373+00",40761
"2021-08-02 01:25:30.373+00",40977
"2021-08-02 01:25:40.373+00",41123
"2021-08-02 01:25:50.373+00",41173
"2021-08-02 01:26:00.373+00",41280
"2021-08-02 01:26:10.373+00",41444
"2021-08-02 01:26:20.385+00",41606
"2021-08-02 01:26:30.373+00",41746
"2021-08-02 01:26:40.376+00",41891
"2021-08-02 01:26:50.373+00",42016
"2021-08-02 01:27:00.373+00",42138
"2021-08-02 01:27:10.373+00",42276
"2021-08-02 01:27:20.373+00",42471
"2021-08-02 01:27:30.373+00",42633
"2021-08-02 01:27:40.373+00",42698
"2021-08-02 01:27:50.373+00",42781
"2021-08-02 01:28:00.373+00",42921
"2021-08-02 01:28:10.373+00",43149
"2021-08-02 01:28:20.373+00",43271
"2021-08-02 01:28:30.373+00",43392
"2021-08-02 01:28:40.373+00",43505
"2021-08-02 01:28:50.373+00",43670
"2021-08-02 01:29:00.373+00",43861
"2021-08-02 01:29:10.373+00",44048
"2021-08-02 01:29:20.379+00",44109
"2021-08-02 01:29:30.373+00",44237
"2021-08-02 01:29:40.379+00",44378
"2021-08-02 01:29:50.373+00",44591
"2021-08-02 01:30:00.373+00",44821
"2021-08-02 01:30:10.378+00",44976
"2021-08-02 01:30:20.373+00",45181
"2021-08-02 01:30:30.378+00",45378
"2021-08-02 01:30:40.373+00",45444
"2021-08-02 01:30:50.373+00",45622
"2021-08-02 01:31:00.373+00",45916
"2021-08-02 01:31:10.373+00",46087
"2021-08-02 01:31:20.373+00",46212
"2021-08-02 01:31:30.39+00",46387
"2021-08-02 01:31:40.373+00",46487
"2021-08-02 01:31:50.381+00",46562
"2021-08-02 01:32:00.373+00",46687
"2021-08-02 01:32:10.373+00",46862
"2021-08-02 01:32:20.373+00",46964
"2021-08-02 01:32:30.373+00",47034
"2021-08-02 01:32:40.373+00",47142
"2021-08-02 01:32:50.373+00",47317
"2021-08-02 01:33:00.373+00",47417
"2021-08-02 01:33:10.373+00",47487
"2021-08-02 01:33:20.373+00",47612
"2021-08-02 01:33:30.373+00",47787
"2021-08-02 01:33:40.373+00",47887
"2021-08-02 01:33:50.373+00",47962
"2021-08-02 01:34:00.373+00",48087
"2021-08-02 01:34:10.373+00",48262
"2021-08-02 01:34:20.373+00",48364
"2021-08-02 01:34:30.373+00",48434
"2021-08-02 01:34:40.373+00",48554
"2021-08-02 01:34:50.373+00",48729
"2021-08-02 01:35:00.373+00",48829
"2021-08-02 01:35:10.373+00",48899
"2021-08-02 01:35:20.373+00",49024
"2021-08-02 01:35:30.377+00",49199
"2021-08-02 01:35:40.373+00",49299
"2021-08-02 01:35:50.373+00",49374
"2021-08-02 01:36:00.373+00",49508
"2021-08-02 01:36:10.373+00",49716
"2021-08-02 01:36:20.373+00",49828
"2021-08-02 01:36:30.373+00",49897
"2021-08-02 01:36:40.388+00",50066
"2021-08-02 01:36:50.373+00",50316
"2021-08-02 01:37:00.373+00",50444
"2021-08-02 01:37:10.376+00",50492
"2021-08-02 01:37:20.378+00",50628
"2021-08-02 01:37:30.373+00",50887
"2021-08-02 01:37:40.386+00",51014
"2021-08-02 01:37:50.373+00",51111
"2021-08-02 01:38:00.373+00",51286
"2021-08-02 01:38:10.373+00",51534
"2021-08-02 01:38:20.373+00",51662
"2021-08-02 01:38:30.373+00",51735
"2021-08-02 01:38:40.373+00",51916
"2021-08-02 01:38:50.373+00",52166
"2021-08-02 01:39:00.373+00",52297
"2021-08-02 01:39:10.373+00",52393
"2021-08-02 01:39:20.373+00",52568
"2021-08-02 01:39:30.373+00",52818
"2021-08-02 01:39:40.373+00",52945
"2021-08-02 01:39:50.373+00",53012
"2021-08-02 01:40:00.373+00",53141
"2021-08-02 01:40:10.373+00",53402
"2021-08-02 01:40:20.373+00",53530
"2021-08-02 01:40:30.373+00",53622
"2021-08-02 01:40:40.373+00",53795
"2021-08-02 01:40:50.373+00",54045
"2021-08-02 01:41:00.373+00",54181
"2021-08-02 01:41:10.373+00",54251
"2021-08-02 01:41:20.373+00",54376
"2021-08-02 01:41:30.373+00",54551
"2021-08-02 01:41:40.373+00",54651
"2021-08-02 01:41:50.373+00",54726
"2021-08-02 01:42:00.373+00",54851
"2021-08-02 01:42:10.373+00",55026
"2021-08-02 01:42:20.373+00",55128
"2021-08-02 01:42:30.377+00",55198
"2021-08-02 01:42:40.373+00",55318
"2021-08-02 01:42:50.373+00",55493
"2021-08-02 01:43:00.373+00",55593
"2021-08-02 01:43:10.373+00",55663
"2021-08-02 01:43:20.373+00",55788
"2021-08-02 01:43:30.373+00",55963
"2021-08-02 01:43:40.373+00",56063
"2021-08-02 01:43:50.373+00",56138
"2021-08-02 01:44:00.373+00",56263
"2021-08-02 01:44:10.381+00",56438
"2021-08-02 01:44:20.373+00",56540
"2021-08-02 01:44:30.373+00",56610
"2021-08-02 01:44:40.373+00",56730
"2021-08-02 01:44:50.373+00",56905
"2021-08-02 01:45:00.373+00",57005
"2021-08-02 01:45:10.373+00",57075
"2021-08-02 01:45:20.373+00",57200
"2021-08-02 01:45:30.376+00",57375
"2021-08-02 01:45:40.373+00",57475
"2021-08-02 01:45:50.373+00",57550
"2021-08-02 01:46:00.373+00",57652
"2021-08-02 01:46:10.383+00",57770
"2021-08-02 01:46:20.373+00",57891
"2021-08-02 01:46:30.373+00",57932
"2021-08-02 01:46:40.373+00",58021
"2021-08-02 01:46:50.377+00",58147
"2021-08-02 01:47:00.373+00",58303
"2021-08-02 01:47:10.375+00",58447
"2021-08-02 01:47:20.373+00",58549
"2021-08-02 01:47:30.373+00",58651
"2021-08-02 01:47:40.373+00",58743
"2021-08-02 01:47:50.373+00",58903
"2021-08-02 01:48:00.373+00",59099
"2021-08-02 01:48:10.373+00",59242
"2021-08-02 01:48:20.373+00",59332
"2021-08-02 01:48:30.379+00",59423
"2021-08-02 01:48:40.373+00",59570
"2021-08-02 01:48:50.373+00",59809
"2021-08-02 01:49:00.379+00",59969
"2021-08-02 01:49:10.373+00",60023
"2021-08-02 01:49:20.373+00",60116
"2021-08-02 01:49:30.373+00",60273
"2021-08-02 01:49:40.373+00",60425
"2021-08-02 01:49:50.373+00",60596
"2021-08-02 01:50:00.373+00",60734
"2021-08-02 01:50:10.373+00",60833
"2021-08-02 01:50:20.373+00",60930
"2021-08-02 01:50:30.373+00",61045
"2021-08-02 01:50:40.373+00",61216
"2021-08-02 01:50:50.373+00",61387
"2021-08-02 01:51:00.373+00",61529
"2021-08-02 01:51:10.373+00",61602
"2021-08-02 01:51:20.373+00",61726
"2021-08-02 01:51:30.373+00",61936
"2021-08-02 01:51:40.373+00",62116
"2021-08-02 01:51:50.373+00",62233
"2021-08-02 01:52:00.373+00",62328
"2021-08-02 01:52:10.373+00",62497
"2021-08-02 01:52:20.373+00",62681
"2021-08-02 01:52:30.373+00",62984
"2021-08-02 01:52:40.391+00",63297
"2021-08-02 01:52:50.373+00",63446
"2021-08-02 01:53:00.373+00",63549
"2021-08-02 01:53:10.373+00",63842
"2021-08-02 01:53:20.373+00",63996
"2021-08-02 01:53:30.377+00",64166
"2021-08-02 01:53:40.373+00",64264
"2021-08-02 01:53:50.373+00",64339
"2021-08-02 01:54:00.391+00",64464
"2021-08-02 01:54:10.373+00",64639
"2021-08-02 01:54:20.373+00",64741
"2021-08-02 01:54:30.373+00",64811
"2021-08-02 01:54:40.373+00",64931
"2021-08-02 01:54:50.373+00",65106
"2021-08-02 01:55:00.373+00",65206
"2021-08-02 01:55:10.373+00",65276
"2021-08-02 01:55:20.373+00",65401
"2021-08-02 01:55:30.373+00",65576
"2021-08-02 01:55:40.373+00",65676
"2021-08-02 01:55:50.373+00",65751
"2021-08-02 01:56:00.373+00",65876
"2021-08-02 01:56:10.373+00",66051
"2021-08-02 01:56:20.386+00",66153
"2021-08-02 01:56:30.373+00",66223
"2021-08-02 01:56:40.378+00",66343
"2021-08-02 01:56:50.373+00",66518
"2021-08-02 01:57:00.373+00",66618
"2021-08-02 01:57:10.373+00",66688
"2021-08-02 01:57:20.373+00",66813
"2021-08-02 01:57:30.373+00",66988
"2021-08-02 01:57:40.373+00",67088
"2021-08-02 01:57:50.373+00",67163
"2021-08-02 01:58:00.373+00",67288
"2021-08-02 01:58:10.373+00",67463
"2021-08-02 01:58:20.373+00",67565
"2021-08-02 01:58:30.373+00",67635
"2021-08-02 01:58:40.373+00",67743
"2021-08-02 01:58:50.373+00",67918
"2021-08-02 01:59:00.373+00",68018
"2021-08-02 01:59:10.373+00",68088
"2021-08-02 01:59:20.373+00",68213
"2021-08-02 01:59:30.373+00",68388
"2021-08-02 01:59:40.373+00",68488
"2021-08-02 01:59:50.377+00",68563
"2021-08-02 02:00:00.373+00",68688
"2021-08-02 02:00:10.373+00",68863
"2021-08-02 02:00:20.373+00",68965
"2021-08-02 02:00:30.373+00",69035
"2021-08-02 02:00:40.373+00",69155
"2021-08-02 02:00:50.373+00",69330
"2021-08-02 02:01:00.373+00",69430
"2021-08-02 02:01:10.373+00",69500
"2021-08-02 02:01:20.373+00",69625
"2021-08-02 02:01:30.373+00",69800
"2021-08-02 02:01:40.373+00",69900
"2021-08-02 02:01:50.373+00",69975
"2021-08-02 02:02:00.373+00",70100
"2021-08-02 02:02:10.373+00",70275
"2021-08-02 02:02:20.373+00",70377
"2021-08-02 02:02:30.373+00",70447
"2021-08-02 02:02:40.373+00",70567
"2021-08-02 02:02:50.378+00",70742
"2021-08-02 02:03:00.373+00",70842
"2021-08-02 02:03:10.373+00",70912
"2021-08-02 02:03:20.373+00",71037
"2021-08-02 02:03:30.373+00",71212
"2021-08-02 02:03:40.373+00",71312
"2021-08-02 02:03:50.373+00",71387
"2021-08-02 02:04:00.373+00",71512
"2021-08-02 02:04:10.377+00",71687
"2021-08-02 02:04:20.373+00",71789
"2021-08-02 02:04:30.381+00",71859
"2021-08-02 02:04:40.373+00",71979
"2021-08-02 02:04:50.373+00",72154
"2021-08-02 02:05:00.373+00",72254
"2021-08-02 02:05:10.373+00",72324
"2021-08-02 02:05:20.373+00",72449
"2021-08-02 02:05:30.373+00",72624
"2021-08-02 02:05:40.375+00",72724
"2021-08-02 02:05:50.373+00",72799
"2021-08-02 02:06:00.373+00",72924
"2021-08-02 02:06:10.373+00",73099
"2021-08-02 02:06:20.373+00",73201
"2021-08-02 02:06:30.373+00",73271
"2021-08-02 02:06:40.373+00",73391
"2021-08-02 02:06:50.373+00",73566
"2021-08-02 02:07:00.373+00",73666
"2021-08-02 02:07:10.373+00",73736
"2021-08-02 02:07:20.373+00",73861
"2021-08-02 02:07:30.373+00",74036
"2021-08-02 02:07:40.373+00",74136
"2021-08-02 02:07:50.373+00",74211
"2021-08-02 02:08:00.373+00",74336
"2021-08-02 02:08:10.373+00",74511
"2021-08-02 02:08:20.373+00",74613
"2021-08-02 02:08:30.373+00",74683
"2021-08-02 02:08:40.373+00",74803
"2021-08-02 02:08:50.373+00",74978
"2021-08-02 02:09:00.373+00",75078
"2021-08-02 02:09:10.373+00",75148
"2021-08-02 02:09:20.373+00",75272
"2021-08-02 02:09:30.373+00",75419
"2021-08-02 02:09:40.373+00",75528
"2021-08-02 02:09:50.373+00",75594
"2021-08-02 02:10:00.373+00",75763
"2021-08-02 02:10:10.373+00",76011
"2021-08-02 02:10:20.373+00",76138
"2021-08-02 02:10:30.373+00",76188
"2021-08-02 02:10:40.373+00",76316
"2021-08-02 02:10:50.373+00",76514
"2021-08-02 02:11:00.373+00",76679
"2021-08-02 02:11:10.373+00",76716
"2021-08-02 02:11:20.373+00",76866
"2021-08-02 02:11:30.373+00",77129
"2021-08-02 02:11:40.373+00",77256
"2021-08-02 02:11:50.373+00",77307
"2021-08-02 02:12:00.373+00",77505
"2021-08-02 02:12:10.373+00",77753
"2021-08-02 02:12:20.373+00",77876
"2021-08-02 02:12:30.373+00",77952
"2021-08-02 02:12:40.373+00",78133
"2021-08-02 02:12:50.376+00",78383
"2021-08-02 02:13:00.373+00",78512
"2021-08-02 02:13:10.373+00",78608
"2021-08-02 02:13:20.373+00",78783
"2021-08-02 02:13:30.373+00",79033
"2021-08-02 02:13:40.373+00",79160
"2021-08-02 02:13:50.373+00",79226
"2021-08-02 02:14:00.373+00",79399
"2021-08-02 02:14:10.373+00",79647
"2021-08-02 02:14:20.373+00",79775
"2021-08-02 02:14:30.373+00",79866
"2021-08-02 02:14:40.373+00",79996
"2021-08-02 02:14:50.373+00",80181
"2021-08-02 02:15:00.373+00",80285
"2021-08-02 02:15:10.373+00",80355
"2021-08-02 02:15:20.381+00",80480
"2021-08-02 02:15:30.373+00",80655
"2021-08-02 02:15:40.373+00",80755
"2021-08-02 02:15:50.373+00",80830
"2021-08-02 02:16:00.373+00",80955
"2021-08-02 02:16:10.373+00",81130
"2021-08-02 02:16:20.373+00",81232
"2021-08-02 02:16:30.373+00",81302
"2021-08-02 02:16:40.373+00",81422
"2021-08-02 02:16:50.373+00",81597
"2021-08-02 02:17:00.38+00",81697
"2021-08-02 02:17:10.373+00",81767
"2021-08-02 02:17:20.373+00",81892
"2021-08-02 02:17:30.373+00",82067
"2021-08-02 02:17:40.373+00",82167
"2021-08-02 02:17:50.373+00",82242
"2021-08-02 02:18:00.373+00",82367
"2021-08-02 02:18:10.373+00",82542
"2021-08-02 02:18:20.373+00",82644
"2021-08-02 02:18:30.373+00",82714
"2021-08-02 02:18:40.373+00",82834
"2021-08-02 02:18:50.373+00",83009
"2021-08-02 02:19:00.373+00",83109
"2021-08-02 02:19:10.373+00",83155
"2021-08-02 02:19:20.373+00",83227
"2021-08-02 02:19:30.373+00",83342
"2021-08-02 02:19:40.373+00",83455
"2021-08-02 02:19:50.373+00",83593
"2021-08-02 02:20:00.373+00",83653
"2021-08-02 02:20:10.373+00",83754
"2021-08-02 02:20:20.373+00",83861
"2021-08-02 02:20:30.373+00",83956
"2021-08-02 02:20:40.373+00",84111
"2021-08-02 02:20:50.373+00",84300
"2021-08-02 02:21:00.377+00",84427
"2021-08-02 02:21:10.382+00",84470
"2021-08-02 02:21:20.373+00",84557
"2021-08-02 02:21:30.385+00",84668
"2021-08-02 02:21:40.373+00",84823
"2021-08-02 02:21:50.375+00",84914
"2021-08-02 02:22:00.373+00",85110
"2021-08-02 02:22:10.373+00",85272
"2021-08-02 02:22:20.378+00",85346
"2021-08-02 02:22:30.373+00",85436
"2021-08-02 02:22:40.373+00",85558
"2021-08-02 02:22:50.373+00",85724
"2021-08-02 02:23:00.373+00",85869
"2021-08-02 02:23:10.373+00",86012
"2021-08-02 02:23:20.373+00",86082
"2021-08-02 02:23:30.373+00",86214
"2021-08-02 02:23:40.373+00",86310
"2021-08-02 02:23:50.373+00",86418
"2021-08-02 02:24:00.373+00",86584
"2021-08-02 02:24:10.373+00",86830
"2021-08-02 02:24:20.373+00",86892
"2021-08-02 02:24:30.373+00",86970
"2021-08-02 02:24:40.373+00",87081
"2021-08-02 02:24:50.376+00",87314
"2021-08-02 02:25:00.373+00",87469
"2021-08-02 02:25:10.373+00",87584
"2021-08-02 02:25:20.373+00",87665
"2021-08-02 02:25:30.373+00",87769
"2021-08-02 02:25:40.373+00",87913
"2021-08-02 02:25:50.373+00",88064
"2021-08-02 02:26:00.373+00",88215
"2021-08-02 02:26:10.383+00",88353
"2021-08-02 02:26:20.373+00",88455
"2021-08-02 02:26:30.373+00",88514
"2021-08-02 02:26:40.373+00",88654
"2021-08-02 02:26:50.373+00",89012
"2021-08-02 02:27:00.376+00",89257
"2021-08-02 02:27:10.373+00",89515
"2021-08-02 02:27:20.376+00",89604
"2021-08-02 02:27:30.373+00",89986
"2021-08-02 02:27:40.373+00",90057
"2021-08-02 02:27:50.373+00",90076
"2021-08-02 02:28:00.373+00",90140
"2021-08-02 02:28:10.373+00",90285
"2021-08-02 02:28:20.373+00",90433
"2021-08-02 02:28:30.373+00",90901
"2021-08-02 02:28:40.373+00",91098
"2021-08-02 02:28:50.373+00",91329
"2021-08-02 02:29:00.373+00",91429
"2021-08-02 02:29:10.373+00",91492
"2021-08-02 02:29:20.373+00",91617
"2021-08-02 02:29:30.373+00",91792
"2021-08-02 02:29:40.373+00",91892
"2021-08-02 02:29:50.373+00",91967
