"time","memory_used_bytes","executor"
"2021-08-02 04:15:11.281+00",44221,"2"
"2021-08-02 04:15:11.281+00",44221,"0"
"2021-08-02 04:15:11.281+00",37479,"1"
"2021-08-02 04:15:11.281+00",37479,"4"
"2021-08-02 04:15:11.281+00",44220,"5"
"2021-08-02 04:15:11.281+00",0,"3"
"2021-08-02 04:15:41.281+00",34893,"0"
"2021-08-02 04:15:41.281+00",28152,"2"
"2021-08-02 04:15:41.281+00",28152,"4"
"2021-08-02 04:15:41.281+00",34895,"1"
"2021-08-02 04:15:41.281+00",0,"3"
"2021-08-02 04:15:41.281+00",34892,"5"
"2021-08-02 04:16:11.281+00",50998,"2"
"2021-08-02 04:16:11.281+00",44258,"4"
"2021-08-02 04:16:11.281+00",37516,"0"
"2021-08-02 04:16:11.281+00",37516,"1"
"2021-08-02 04:16:11.281+00",0,"3"
"2021-08-02 04:16:11.281+00",44258,"5"
"2021-08-02 04:16:41.281+00",60394,"1"
"2021-08-02 04:16:41.281+00",0,"3"
"2021-08-02 04:16:41.281+00",46910,"5"
"2021-08-02 04:16:41.281+00",46910,"0"
"2021-08-02 04:16:41.281+00",60394,"2"
"2021-08-02 04:16:41.281+00",53651,"4"
"2021-08-02 04:17:11.281+00",28142,"5"
"2021-08-02 04:17:11.281+00",34884,"4"
"2021-08-02 04:17:11.281+00",41626,"1"
"2021-08-02 04:17:11.281+00",0,"3"
"2021-08-02 04:17:11.281+00",28142,"0"
"2021-08-02 04:17:11.281+00",28142,"2"
"2021-08-02 04:17:41.281+00",41626,"1"
"2021-08-02 04:17:41.281+00",28142,"2"
"2021-08-02 04:17:41.281+00",34884,"4"
"2021-08-02 04:17:41.281+00",28142,"0"
"2021-08-02 04:17:41.281+00",28142,"5"
"2021-08-02 04:17:41.281+00",0,"3"
"2021-08-02 04:18:11.281+00",0,"3"
"2021-08-02 04:18:11.281+00",41626,"1"
"2021-08-02 04:18:11.281+00",28142,"5"
"2021-08-02 04:18:11.281+00",34884,"4"
"2021-08-02 04:18:11.281+00",28142,"2"
"2021-08-02 04:18:11.281+00",28142,"0"
"2021-08-02 04:18:41.281+00",28142,"5"
"2021-08-02 04:18:41.281+00",41626,"1"
"2021-08-02 04:18:41.281+00",0,"3"
"2021-08-02 04:18:41.281+00",34884,"4"
"2021-08-02 04:18:41.281+00",28142,"2"
"2021-08-02 04:18:41.281+00",28142,"0"
"2021-08-02 04:19:11.281+00",28142,"5"
"2021-08-02 04:19:11.281+00",0,"3"
"2021-08-02 04:19:11.281+00",28142,"0"
"2021-08-02 04:19:11.281+00",28142,"2"
"2021-08-02 04:19:11.281+00",34884,"4"
"2021-08-02 04:19:11.281+00",41626,"1"
"2021-08-02 04:19:41.281+00",0,"3"
"2021-08-02 04:19:41.281+00",34884,"4"
"2021-08-02 04:19:41.281+00",28142,"2"
"2021-08-02 04:19:41.281+00",28142,"0"
"2021-08-02 04:19:41.281+00",28142,"5"
"2021-08-02 04:19:41.281+00",41626,"1"
"2021-08-02 04:20:11.281+00",34884,"4"
"2021-08-02 04:20:11.281+00",28142,"2"
"2021-08-02 04:20:11.281+00",0,"3"
"2021-08-02 04:20:11.281+00",28142,"5"
"2021-08-02 04:20:11.281+00",28142,"0"
"2021-08-02 04:20:11.281+00",41626,"1"
"2021-08-02 04:20:41.285+00",34884,"4"
"2021-08-02 04:20:41.285+00",41626,"1"
"2021-08-02 04:20:41.285+00",0,"3"
"2021-08-02 04:20:41.285+00",28142,"5"
"2021-08-02 04:20:41.285+00",28142,"0"
"2021-08-02 04:20:41.285+00",28142,"2"
"2021-08-02 04:21:11.281+00",34884,"4"
"2021-08-02 04:21:11.281+00",28142,"2"
"2021-08-02 04:21:11.281+00",28142,"0"
"2021-08-02 04:21:11.281+00",28142,"5"
"2021-08-02 04:21:11.281+00",41626,"1"
"2021-08-02 04:21:11.281+00",0,"3"
"2021-08-02 04:21:41.285+00",28142,"2"
"2021-08-02 04:21:41.285+00",41626,"1"
"2021-08-02 04:21:41.285+00",34884,"4"
"2021-08-02 04:21:41.285+00",0,"3"
"2021-08-02 04:21:41.285+00",28142,"5"
"2021-08-02 04:21:41.285+00",28142,"0"
"2021-08-02 04:22:11.281+00",0,"3"
"2021-08-02 04:22:11.281+00",28142,"5"
"2021-08-02 04:22:11.281+00",28142,"0"
"2021-08-02 04:22:11.281+00",28142,"2"
"2021-08-02 04:22:11.281+00",34884,"4"
"2021-08-02 04:22:11.281+00",41626,"1"
"2021-08-02 04:22:41.281+00",37521,"4"
"2021-08-02 04:22:41.281+00",44263,"0"
"2021-08-02 04:22:41.281+00",51001,"1"
"2021-08-02 04:22:41.281+00",0,"3"
"2021-08-02 04:22:41.281+00",37521,"2"
"2021-08-02 04:22:41.281+00",44264,"5"
"2021-08-02 04:23:11.281+00",25519,"4"
"2021-08-02 04:23:11.281+00",0,"3"
"2021-08-02 04:23:11.281+00",18777,"1"
"2021-08-02 04:23:11.281+00",25522,"0"
"2021-08-02 04:23:11.281+00",18777,"5"
"2021-08-02 04:23:11.281+00",18777,"2"
"2021-08-02 04:23:41.281+00",110023,"4"
"2021-08-02 04:23:41.281+00",0,"3"
"2021-08-02 04:23:41.281+00",116765,"0"
"2021-08-02 04:23:41.281+00",116763,"2"
"2021-08-02 04:23:41.281+00",136982,"5"
"2021-08-02 04:23:41.281+00",110021,"1"
"2021-08-02 04:24:11.281+00",44283,"5"
"2021-08-02 04:24:11.281+00",51023,"0"
"2021-08-02 04:24:11.281+00",44279,"2"
"2021-08-02 04:24:11.281+00",37540,"4"
"2021-08-02 04:24:11.281+00",0,"3"
"2021-08-02 04:24:11.281+00",37540,"1"
"2021-08-02 04:24:41.281+00",44264,"2"
"2021-08-02 04:24:41.281+00",37524,"0"
"2021-08-02 04:24:41.281+00",51003,"4"
"2021-08-02 04:24:41.281+00",44266,"1"
"2021-08-02 04:24:41.281+00",0,"3"
"2021-08-02 04:24:41.281+00",37524,"5"
"2021-08-02 04:25:11.281+00",100592,"2"
"2021-08-02 04:25:11.281+00",0,"3"
"2021-08-02 04:25:11.281+00",120817,"5"
"2021-08-02 04:25:11.281+00",93851,"0"
"2021-08-02 04:25:11.281+00",114069,"1"
"2021-08-02 04:25:11.281+00",107331,"4"
"2021-08-02 04:25:41.281+00",9386,"2"
"2021-08-02 04:25:41.281+00",9386,"5"
"2021-08-02 04:25:41.281+00",0,"3"
"2021-08-02 04:25:41.281+00",9386,"1"
"2021-08-02 04:25:41.281+00",9386,"4"
"2021-08-02 04:25:41.281+00",16127,"0"
"2021-08-02 04:26:11.281+00",150199,"1"
"2021-08-02 04:26:11.281+00",183905,"0"
"2021-08-02 04:26:11.281+00",163680,"2"
"2021-08-02 04:26:11.281+00",177168,"4"
"2021-08-02 04:26:11.281+00",183891,"5"
"2021-08-02 04:26:11.281+00",0,"3"
"2021-08-02 04:26:41.281+00",18770,"5"
"2021-08-02 04:26:41.281+00",18770,"0"
"2021-08-02 04:26:41.281+00",25515,"1"
"2021-08-02 04:26:41.281+00",25511,"4"
"2021-08-02 04:26:41.281+00",18770,"2"
"2021-08-02 04:26:41.281+00",0,"3"
"2021-08-02 04:27:11.304+00",0,"3"
"2021-08-02 04:27:11.304+00",159571,"0"
"2021-08-02 04:27:11.304+00",179793,"2"
"2021-08-02 04:27:11.304+00",213506,"4"
"2021-08-02 04:27:11.304+00",186543,"1"
"2021-08-02 04:27:11.304+00",173053,"5"
"2021-08-02 04:27:41.281+00",0,"3"
"2021-08-02 04:27:41.281+00",75077,"5"
"2021-08-02 04:27:41.281+00",88560,"4"
"2021-08-02 04:27:41.281+00",95303,"2"
"2021-08-02 04:27:41.281+00",95297,"0"
"2021-08-02 04:27:41.281+00",75077,"1"
"2021-08-02 04:28:11.281+00",75077,"5"
"2021-08-02 04:28:11.281+00",95303,"2"
"2021-08-02 04:28:11.281+00",75077,"1"
"2021-08-02 04:28:11.281+00",95297,"0"
"2021-08-02 04:28:11.281+00",0,"3"
"2021-08-02 04:28:11.281+00",88560,"4"
"2021-08-02 04:28:41.285+00",75077,"1"
"2021-08-02 04:28:41.285+00",0,"3"
"2021-08-02 04:28:41.285+00",75077,"5"
"2021-08-02 04:28:41.285+00",88560,"4"
"2021-08-02 04:28:41.285+00",95303,"2"
"2021-08-02 04:28:41.285+00",95297,"0"
"2021-08-02 04:29:11.281+00",75077,"5"
"2021-08-02 04:29:11.281+00",95297,"0"
"2021-08-02 04:29:11.281+00",95303,"2"
"2021-08-02 04:29:11.281+00",88560,"4"
"2021-08-02 04:29:11.281+00",0,"3"
"2021-08-02 04:29:11.281+00",75077,"1"
"2021-08-02 04:29:41.281+00",88560,"4"
"2021-08-02 04:29:41.281+00",75077,"5"
"2021-08-02 04:29:41.281+00",0,"3"
"2021-08-02 04:29:41.281+00",75077,"1"
"2021-08-02 04:29:41.281+00",95297,"0"
"2021-08-02 04:29:41.281+00",95303,"2"
"2021-08-02 04:30:11.281+00",0,"3"
"2021-08-02 04:30:11.281+00",75077,"1"
"2021-08-02 04:30:11.281+00",88560,"4"
"2021-08-02 04:30:11.281+00",95297,"0"
"2021-08-02 04:30:11.281+00",75077,"5"
"2021-08-02 04:30:11.281+00",95303,"2"
"2021-08-02 04:30:41.281+00",95297,"0"
"2021-08-02 04:30:41.281+00",75077,"5"
"2021-08-02 04:30:41.281+00",75077,"1"
"2021-08-02 04:30:41.281+00",0,"3"
"2021-08-02 04:30:41.281+00",88560,"4"
"2021-08-02 04:30:41.281+00",95303,"2"
"2021-08-02 04:31:11.281+00",75077,"5"
"2021-08-02 04:31:11.281+00",95297,"0"
"2021-08-02 04:31:11.281+00",95303,"2"
"2021-08-02 04:31:11.281+00",75077,"1"
"2021-08-02 04:31:11.281+00",0,"3"
"2021-08-02 04:31:11.281+00",88560,"4"
"2021-08-02 04:31:41.281+00",95297,"0"
"2021-08-02 04:31:41.281+00",75077,"5"
"2021-08-02 04:31:41.281+00",0,"3"
"2021-08-02 04:31:41.281+00",75077,"1"
"2021-08-02 04:31:41.281+00",88560,"4"
"2021-08-02 04:31:41.281+00",95303,"2"
"2021-08-02 04:32:11.281+00",95303,"2"
"2021-08-02 04:32:11.281+00",95297,"0"
"2021-08-02 04:32:11.281+00",75077,"1"
"2021-08-02 04:32:11.281+00",0,"3"
"2021-08-02 04:32:11.281+00",88560,"4"
"2021-08-02 04:32:11.281+00",75077,"5"
"2021-08-02 04:32:41.281+00",95303,"2"
"2021-08-02 04:32:41.281+00",75077,"5"
"2021-08-02 04:32:41.281+00",0,"3"
"2021-08-02 04:32:41.281+00",75077,"1"
"2021-08-02 04:32:41.281+00",88560,"4"
"2021-08-02 04:32:41.281+00",95297,"0"
"2021-08-02 04:33:11.281+00",88560,"4"
"2021-08-02 04:33:11.281+00",75077,"5"
"2021-08-02 04:33:11.281+00",75077,"1"
"2021-08-02 04:33:11.281+00",0,"3"
"2021-08-02 04:33:11.281+00",95297,"0"
"2021-08-02 04:33:11.281+00",95303,"2"
"2021-08-02 04:33:41.281+00",75077,"5"
"2021-08-02 04:33:41.281+00",75077,"1"
"2021-08-02 04:33:41.281+00",0,"3"
"2021-08-02 04:33:41.281+00",95297,"0"
"2021-08-02 04:33:41.281+00",95303,"2"
"2021-08-02 04:33:41.281+00",88560,"4"
"2021-08-02 04:34:11.281+00",95297,"0"
"2021-08-02 04:34:11.281+00",0,"3"
"2021-08-02 04:34:11.281+00",88560,"4"
"2021-08-02 04:34:11.281+00",75077,"1"
"2021-08-02 04:34:11.281+00",75077,"5"
"2021-08-02 04:34:11.281+00",95303,"2"
"2021-08-02 04:34:41.287+00",75077,"1"
"2021-08-02 04:34:41.287+00",95303,"2"
"2021-08-02 04:34:41.287+00",95297,"0"
"2021-08-02 04:34:41.287+00",88560,"4"
"2021-08-02 04:34:41.287+00",0,"3"
"2021-08-02 04:34:41.287+00",75077,"5"
"2021-08-02 04:35:11.281+00",95303,"2"
"2021-08-02 04:35:11.281+00",88560,"4"
"2021-08-02 04:35:11.281+00",95297,"0"
"2021-08-02 04:35:11.281+00",75077,"5"
"2021-08-02 04:35:11.281+00",0,"3"
"2021-08-02 04:35:11.281+00",75077,"1"
"2021-08-02 04:35:41.281+00",95303,"2"
"2021-08-02 04:35:41.281+00",75077,"1"
"2021-08-02 04:35:41.281+00",75077,"5"
"2021-08-02 04:35:41.281+00",0,"3"
"2021-08-02 04:35:41.281+00",88560,"4"
"2021-08-02 04:35:41.281+00",95297,"0"
"2021-08-02 04:36:11.281+00",0,"3"
"2021-08-02 04:36:11.281+00",95297,"0"
"2021-08-02 04:36:11.281+00",75077,"1"
"2021-08-02 04:36:11.281+00",88560,"4"
"2021-08-02 04:36:11.281+00",75077,"5"
"2021-08-02 04:36:11.281+00",95303,"2"
"2021-08-02 04:36:41.281+00",44273,"4"
"2021-08-02 04:36:41.281+00",44270,"0"
"2021-08-02 04:36:41.281+00",44269,"2"
"2021-08-02 04:36:41.281+00",44270,"1"
"2021-08-02 04:36:41.281+00",37528,"5"
"2021-08-02 04:36:41.281+00",0,"3"
"2021-08-02 04:37:11.281+00",0,"3"
"2021-08-02 04:37:11.281+00",56288,"0"
"2021-08-02 04:37:11.281+00",83251,"1"
"2021-08-02 04:37:11.281+00",56288,"4"
"2021-08-02 04:37:11.281+00",69769,"5"
"2021-08-02 04:37:11.281+00",56288,"2"
"2021-08-02 04:37:41.281+00",223964,"4"
"2021-08-02 04:37:41.281+00",230711,"5"
"2021-08-02 04:37:41.281+00",0,"3"
"2021-08-02 04:37:41.281+00",244193,"1"
"2021-08-02 04:37:41.281+00",217218,"2"
"2021-08-02 04:37:41.281+00",210488,"0"
"2021-08-02 04:38:11.281+00",167603,"1"
"2021-08-02 04:38:11.281+00",113980,"4"
"2021-08-02 04:38:11.281+00",154123,"2"
"2021-08-02 04:38:11.281+00",167612,"0"
"2021-08-02 04:38:11.281+00",140640,"5"
"2021-08-02 04:38:11.281+00",0,"3"
"2021-08-02 04:38:41.281+00",177013,"2"
"2021-08-02 04:38:41.281+00",156787,"0"
"2021-08-02 04:38:41.281+00",0,"3"
"2021-08-02 04:38:41.281+00",170256,"5"
"2021-08-02 04:38:41.281+00",156793,"1"
"2021-08-02 04:38:41.281+00",197244,"4"
"2021-08-02 04:39:11.281+00",102009,"4"
"2021-08-02 04:39:11.281+00",95273,"0"
"2021-08-02 04:39:11.281+00",0,"3"
"2021-08-02 04:39:11.281+00",75044,"1"
"2021-08-02 04:39:11.281+00",81787,"5"
"2021-08-02 04:39:11.281+00",75044,"2"
"2021-08-02 04:39:41.281+00",72393,"2"
"2021-08-02 04:39:41.281+00",85883,"5"
"2021-08-02 04:39:41.281+00",72390,"4"
"2021-08-02 04:39:41.281+00",0,"3"
"2021-08-02 04:39:41.281+00",65651,"1"
"2021-08-02 04:39:41.281+00",79138,"0"
"2021-08-02 04:40:11.281+00",226564,"2"
"2021-08-02 04:40:11.281+00",226556,"4"
"2021-08-02 04:40:11.281+00",233304,"0"
"2021-08-02 04:40:11.281+00",240047,"1"
"2021-08-02 04:40:11.281+00",0,"3"
"2021-08-02 04:40:11.281+00",253518,"5"
"2021-08-02 04:40:41.285+00",135419,"2"
"2021-08-02 04:40:41.285+00",148902,"0"
"2021-08-02 04:40:41.285+00",128677,"1"
"2021-08-02 04:40:41.285+00",135413,"4"
"2021-08-02 04:40:41.285+00",148902,"5"
"2021-08-02 04:40:41.285+00",0,"3"
"2021-08-02 04:41:11.281+00",109922,"0"
"2021-08-02 04:41:11.281+00",0,"3"
"2021-08-02 04:41:11.281+00",116660,"2"
"2021-08-02 04:41:11.281+00",123404,"4"
"2021-08-02 04:41:11.281+00",116660,"1"
"2021-08-02 04:41:11.281+00",123406,"5"
"2021-08-02 04:41:41.281+00",240064,"5"
"2021-08-02 04:41:41.281+00",0,"3"
"2021-08-02 04:41:41.281+00",233319,"2"
"2021-08-02 04:41:41.281+00",233320,"0"
"2021-08-02 04:41:41.281+00",240058,"4"
"2021-08-02 04:41:41.281+00",233312,"1"
"2021-08-02 04:42:11.281+00",240058,"4"
"2021-08-02 04:42:11.281+00",233312,"1"
"2021-08-02 04:42:11.281+00",0,"3"
"2021-08-02 04:42:11.281+00",240064,"5"
"2021-08-02 04:42:11.281+00",233320,"0"
"2021-08-02 04:42:11.281+00",233319,"2"
"2021-08-02 04:42:41.281+00",240058,"4"
"2021-08-02 04:42:41.281+00",240064,"5"
"2021-08-02 04:42:41.281+00",0,"3"
"2021-08-02 04:42:41.281+00",233312,"1"
"2021-08-02 04:42:41.281+00",233320,"0"
"2021-08-02 04:42:41.281+00",233319,"2"
"2021-08-02 04:43:11.281+00",233320,"0"
"2021-08-02 04:43:11.281+00",240064,"5"
"2021-08-02 04:43:11.281+00",240058,"4"
"2021-08-02 04:43:11.281+00",0,"3"
"2021-08-02 04:43:11.281+00",233312,"1"
"2021-08-02 04:43:11.281+00",233319,"2"
"2021-08-02 04:43:41.281+00",0,"4"
"2021-08-02 04:43:41.281+00",0,"2"
"2021-08-02 04:43:41.281+00",0,"0"
"2021-08-02 04:43:41.281+00",0,"5"
"2021-08-02 04:43:41.281+00",0,"3"
"2021-08-02 04:43:41.281+00",0,"1"
"2021-08-02 04:44:11.281+00",0,"2"
"2021-08-02 04:44:11.281+00",0,"5"
"2021-08-02 04:44:11.281+00",0,"4"
"2021-08-02 04:44:11.281+00",0,"3"
"2021-08-02 04:44:11.281+00",0,"1"
"2021-08-02 04:44:11.281+00",0,"0"
"2021-08-02 04:44:41.281+00",0,"1"
"2021-08-02 04:44:41.281+00",0,"5"
"2021-08-02 04:44:41.281+00",0,"2"
"2021-08-02 04:44:41.281+00",0,"0"
"2021-08-02 04:44:41.281+00",0,"4"
"2021-08-02 04:44:41.281+00",0,"3"
"2021-08-02 04:45:11.281+00",0,"2"
"2021-08-02 04:45:11.281+00",0,"0"
"2021-08-02 04:45:11.281+00",0,"5"
"2021-08-02 04:45:11.281+00",0,"1"
"2021-08-02 04:45:11.281+00",0,"3"
"2021-08-02 04:45:11.281+00",0,"4"
"2021-08-02 04:45:41.281+00",0,"4"
"2021-08-02 04:45:41.281+00",0,"2"
"2021-08-02 04:45:41.281+00",0,"0"
"2021-08-02 04:45:41.281+00",0,"5"
"2021-08-02 04:45:41.281+00",0,"3"
"2021-08-02 04:45:41.281+00",0,"1"
"2021-08-02 04:46:11.281+00",0,"5"
"2021-08-02 04:46:11.281+00",0,"2"
"2021-08-02 04:46:11.281+00",0,"0"
"2021-08-02 04:46:11.281+00",0,"4"
"2021-08-02 04:46:11.281+00",0,"1"
"2021-08-02 04:46:11.281+00",0,"3"
"2021-08-02 04:46:41.281+00",0,"1"
"2021-08-02 04:46:41.281+00",0,"0"
"2021-08-02 04:46:41.281+00",0,"4"
"2021-08-02 04:46:41.281+00",0,"2"
"2021-08-02 04:46:41.281+00",0,"5"
"2021-08-02 04:46:41.281+00",0,"3"
"2021-08-02 04:47:11.281+00",0,"2"
"2021-08-02 04:47:11.281+00",0,"4"
"2021-08-02 04:47:11.281+00",0,"1"
"2021-08-02 04:47:11.281+00",0,"3"
"2021-08-02 04:47:11.281+00",0,"5"
"2021-08-02 04:47:11.281+00",0,"0"
"2021-08-02 04:47:41.281+00",0,"3"
"2021-08-02 04:47:41.281+00",0,"5"
"2021-08-02 04:47:41.281+00",0,"2"
"2021-08-02 04:47:41.281+00",0,"4"
"2021-08-02 04:47:41.281+00",0,"0"
"2021-08-02 04:47:41.281+00",0,"1"
"2021-08-02 04:48:11.281+00",28171,"2"
"2021-08-02 04:48:11.281+00",0,"3"
"2021-08-02 04:48:11.281+00",34914,"5"
"2021-08-02 04:48:11.281+00",34913,"1"
"2021-08-02 04:48:11.281+00",28171,"4"
"2021-08-02 04:48:11.281+00",28171,"0"
"2021-08-02 04:48:41.281+00",28165,"1"
"2021-08-02 04:48:41.281+00",37552,"4"
"2021-08-02 04:48:41.281+00",34903,"2"
"2021-08-02 04:48:41.281+00",34906,"0"
"2021-08-02 04:48:41.281+00",34905,"5"
"2021-08-02 04:48:41.281+00",0,"3"
"2021-08-02 04:49:11.281+00",9388,"1"
"2021-08-02 04:49:11.281+00",9388,"2"
"2021-08-02 04:49:11.281+00",9388,"4"
"2021-08-02 04:49:11.281+00",16131,"0"
"2021-08-02 04:49:11.281+00",9388,"5"
"2021-08-02 04:49:11.281+00",0,"3"
"2021-08-02 04:49:41.281+00",104697,"0"
"2021-08-02 04:49:41.281+00",84462,"2"
"2021-08-02 04:49:41.281+00",104683,"4"
"2021-08-02 04:49:41.281+00",91208,"1"
"2021-08-02 04:49:41.281+00",0,"3"
"2021-08-02 04:49:41.281+00",97947,"5"
"2021-08-02 04:50:11.281+00",44306,"2"
"2021-08-02 04:50:11.281+00",37563,"0"
"2021-08-02 04:50:11.281+00",37563,"4"
"2021-08-02 04:50:11.281+00",44298,"1"
"2021-08-02 04:50:11.281+00",0,"3"
"2021-08-02 04:50:11.281+00",51049,"5"
"2021-08-02 04:50:41.281+00",53690,"5"
"2021-08-02 04:50:41.281+00",60435,"0"
"2021-08-02 04:50:41.281+00",53694,"2"
"2021-08-02 04:50:41.281+00",46947,"4"
"2021-08-02 04:50:41.281+00",53687,"1"
"2021-08-02 04:50:41.281+00",0,"3"
"2021-08-02 04:51:11.281+00",103198,"1"
"2021-08-02 04:51:11.281+00",136908,"4"
"2021-08-02 04:51:11.281+00",136917,"2"
"2021-08-02 04:51:11.281+00",103198,"0"
"2021-08-02 04:51:11.281+00",109939,"5"
"2021-08-02 04:51:11.281+00",0,"3"
"2021-08-02 04:51:41.281+00",18783,"2"
"2021-08-02 04:51:41.281+00",25519,"4"
"2021-08-02 04:51:41.281+00",18783,"0"
"2021-08-02 04:51:41.281+00",25525,"1"
"2021-08-02 04:51:41.281+00",0,"3"
"2021-08-02 04:51:41.281+00",18783,"5"
"2021-08-02 04:52:11.281+00",16142,"4"
"2021-08-02 04:52:11.281+00",9399,"0"
"2021-08-02 04:52:11.281+00",9399,"2"
"2021-08-02 04:52:11.281+00",9399,"5"
"2021-08-02 04:52:11.281+00",9399,"1"
"2021-08-02 04:52:11.281+00",0,"3"
"2021-08-02 04:52:41.281+00",56299,"0"
"2021-08-02 04:52:41.281+00",56299,"5"
"2021-08-02 04:52:41.281+00",63046,"2"
"2021-08-02 04:52:41.281+00",63043,"4"
"2021-08-02 04:52:41.281+00",83265,"1"
"2021-08-02 04:52:41.281+00",0,"3"
"2021-08-02 04:53:11.281+00",34897,"0"
"2021-08-02 04:53:11.281+00",0,"3"
"2021-08-02 04:53:11.281+00",28157,"1"
"2021-08-02 04:53:11.281+00",34901,"4"
"2021-08-02 04:53:11.281+00",34900,"2"
"2021-08-02 04:53:11.281+00",28157,"5"
"2021-08-02 04:53:41.283+00",34897,"0"
"2021-08-02 04:53:41.283+00",34900,"2"
"2021-08-02 04:53:41.283+00",34901,"4"
"2021-08-02 04:53:41.283+00",28157,"1"
"2021-08-02 04:53:41.283+00",0,"3"
"2021-08-02 04:53:41.283+00",28157,"5"
"2021-08-02 04:54:11.281+00",34900,"2"
"2021-08-02 04:54:11.281+00",28157,"1"
"2021-08-02 04:54:11.281+00",0,"3"
"2021-08-02 04:54:11.281+00",28157,"5"
"2021-08-02 04:54:11.281+00",34897,"0"
"2021-08-02 04:54:11.281+00",34901,"4"
"2021-08-02 04:54:41.281+00",0,"3"
"2021-08-02 04:54:41.281+00",28157,"5"
"2021-08-02 04:54:41.281+00",34900,"2"
"2021-08-02 04:54:41.281+00",34901,"4"
"2021-08-02 04:54:41.281+00",28157,"1"
"2021-08-02 04:54:41.281+00",34897,"0"
"2021-08-02 04:55:11.281+00",28157,"5"
"2021-08-02 04:55:11.281+00",34901,"4"
"2021-08-02 04:55:11.281+00",28157,"1"
"2021-08-02 04:55:11.281+00",34900,"2"
"2021-08-02 04:55:11.281+00",34897,"0"
"2021-08-02 04:55:11.281+00",0,"3"
"2021-08-02 04:55:41.283+00",28157,"5"
"2021-08-02 04:55:41.283+00",0,"3"
"2021-08-02 04:55:41.283+00",28157,"1"
"2021-08-02 04:55:41.283+00",34897,"0"
"2021-08-02 04:55:41.283+00",34901,"4"
"2021-08-02 04:55:41.283+00",34900,"2"
"2021-08-02 04:56:11.281+00",34897,"0"
"2021-08-02 04:56:11.281+00",28157,"1"
"2021-08-02 04:56:11.281+00",34900,"2"
"2021-08-02 04:56:11.281+00",0,"3"
"2021-08-02 04:56:11.281+00",28157,"5"
"2021-08-02 04:56:11.281+00",34901,"4"
"2021-08-02 04:56:41.281+00",34897,"0"
"2021-08-02 04:56:41.281+00",28157,"5"
"2021-08-02 04:56:41.281+00",0,"3"
"2021-08-02 04:56:41.281+00",28157,"1"
"2021-08-02 04:56:41.281+00",34901,"4"
"2021-08-02 04:56:41.281+00",34900,"2"
"2021-08-02 04:57:11.281+00",34900,"2"
"2021-08-02 04:57:11.281+00",34901,"4"
"2021-08-02 04:57:11.281+00",28157,"1"
"2021-08-02 04:57:11.281+00",0,"3"
"2021-08-02 04:57:11.281+00",28157,"5"
"2021-08-02 04:57:11.281+00",34897,"0"
"2021-08-02 04:57:41.281+00",34897,"0"
"2021-08-02 04:57:41.281+00",34901,"4"
"2021-08-02 04:57:41.281+00",28157,"1"
"2021-08-02 04:57:41.281+00",0,"3"
"2021-08-02 04:57:41.281+00",28157,"5"
"2021-08-02 04:57:41.281+00",34900,"2"
"2021-08-02 04:58:11.281+00",34900,"2"
"2021-08-02 04:58:11.281+00",0,"3"
"2021-08-02 04:58:11.281+00",28157,"1"
"2021-08-02 04:58:11.281+00",28157,"5"
"2021-08-02 04:58:11.281+00",34897,"0"
"2021-08-02 04:58:11.281+00",34901,"4"
"2021-08-02 04:58:41.281+00",0,"3"
"2021-08-02 04:58:41.281+00",34901,"4"
"2021-08-02 04:58:41.281+00",34897,"0"
"2021-08-02 04:58:41.281+00",28157,"1"
"2021-08-02 04:58:41.281+00",34900,"2"
"2021-08-02 04:58:41.281+00",28157,"5"
"2021-08-02 04:59:11.281+00",0,"3"
"2021-08-02 04:59:11.281+00",28157,"5"
"2021-08-02 04:59:11.281+00",34897,"0"
"2021-08-02 04:59:11.281+00",34900,"2"
"2021-08-02 04:59:11.281+00",34901,"4"
"2021-08-02 04:59:11.281+00",28157,"1"
"2021-08-02 04:59:41.281+00",28157,"1"
"2021-08-02 04:59:41.281+00",28157,"5"
"2021-08-02 04:59:41.281+00",34897,"0"
"2021-08-02 04:59:41.281+00",34900,"2"
"2021-08-02 04:59:41.281+00",34901,"4"
"2021-08-02 04:59:41.281+00",0,"3"
"2021-08-02 05:00:11.281+00",28157,"1"
"2021-08-02 05:00:11.281+00",28157,"5"
"2021-08-02 05:00:11.281+00",34897,"0"
"2021-08-02 05:00:11.281+00",34900,"2"
"2021-08-02 05:00:11.281+00",34901,"4"
"2021-08-02 05:00:11.281+00",0,"3"
"2021-08-02 05:00:41.281+00",34897,"0"
"2021-08-02 05:00:41.281+00",34901,"4"
"2021-08-02 05:00:41.281+00",28157,"5"
"2021-08-02 05:00:41.281+00",28157,"1"
"2021-08-02 05:00:41.281+00",0,"3"
"2021-08-02 05:00:41.281+00",34900,"2"
"2021-08-02 05:01:11.281+00",34900,"2"
"2021-08-02 05:01:11.281+00",34897,"0"
"2021-08-02 05:01:11.281+00",34901,"4"
"2021-08-02 05:01:11.281+00",28157,"1"
"2021-08-02 05:01:11.281+00",0,"3"
"2021-08-02 05:01:11.281+00",28157,"5"
"2021-08-02 05:01:41.281+00",0,"3"
"2021-08-02 05:01:41.281+00",28157,"1"
"2021-08-02 05:01:41.281+00",34897,"0"
"2021-08-02 05:01:41.281+00",34901,"4"
"2021-08-02 05:01:41.281+00",34900,"2"
"2021-08-02 05:01:41.281+00",28157,"5"
"2021-08-02 05:02:11.281+00",34897,"0"
"2021-08-02 05:02:11.281+00",34900,"2"
"2021-08-02 05:02:11.281+00",28157,"1"
"2021-08-02 05:02:11.281+00",0,"3"
"2021-08-02 05:02:11.281+00",28157,"5"
"2021-08-02 05:02:11.281+00",34901,"4"
"2021-08-02 05:02:41.281+00",34900,"2"
"2021-08-02 05:02:41.281+00",34897,"0"
"2021-08-02 05:02:41.281+00",28157,"1"
"2021-08-02 05:02:41.281+00",0,"3"
"2021-08-02 05:02:41.281+00",28157,"5"
"2021-08-02 05:02:41.281+00",34901,"4"
"2021-08-02 05:03:11.281+00",28157,"5"
"2021-08-02 05:03:11.281+00",28157,"1"
"2021-08-02 05:03:11.281+00",34901,"4"
"2021-08-02 05:03:11.281+00",34900,"2"
"2021-08-02 05:03:11.281+00",34897,"0"
"2021-08-02 05:03:11.281+00",0,"3"
"2021-08-02 05:03:41.286+00",0,"3"
"2021-08-02 05:03:41.286+00",34897,"0"
"2021-08-02 05:03:41.286+00",28157,"5"
"2021-08-02 05:03:41.286+00",34901,"4"
"2021-08-02 05:03:41.286+00",34900,"2"
"2021-08-02 05:03:41.286+00",28157,"1"
"2021-08-02 05:04:11.281+00",28157,"1"
"2021-08-02 05:04:11.281+00",34901,"4"
"2021-08-02 05:04:11.281+00",34900,"2"
"2021-08-02 05:04:11.281+00",34897,"0"
"2021-08-02 05:04:11.281+00",28157,"5"
"2021-08-02 05:04:11.281+00",0,"3"
"2021-08-02 05:04:41.281+00",28157,"1"
"2021-08-02 05:04:41.281+00",34897,"0"
"2021-08-02 05:04:41.281+00",34900,"2"
"2021-08-02 05:04:41.281+00",34901,"4"
"2021-08-02 05:04:41.281+00",28157,"5"
"2021-08-02 05:04:41.281+00",0,"3"
"2021-08-02 05:05:11.281+00",28157,"5"
"2021-08-02 05:05:11.281+00",28157,"1"
"2021-08-02 05:05:11.281+00",0,"3"
"2021-08-02 05:05:11.281+00",34897,"0"
"2021-08-02 05:05:11.281+00",34900,"2"
"2021-08-02 05:05:11.281+00",34901,"4"
"2021-08-02 05:05:41.286+00",28157,"1"
"2021-08-02 05:05:41.286+00",34901,"4"
"2021-08-02 05:05:41.286+00",34900,"2"
"2021-08-02 05:05:41.286+00",34897,"0"
"2021-08-02 05:05:41.286+00",28157,"5"
"2021-08-02 05:05:41.286+00",0,"3"
"2021-08-02 05:06:11.281+00",34897,"0"
"2021-08-02 05:06:11.281+00",28157,"5"
"2021-08-02 05:06:11.281+00",0,"3"
"2021-08-02 05:06:11.281+00",28157,"1"
"2021-08-02 05:06:11.281+00",34901,"4"
"2021-08-02 05:06:11.281+00",34900,"2"
"2021-08-02 05:06:41.281+00",18770,"5"
"2021-08-02 05:06:41.281+00",0,"3"
"2021-08-02 05:06:41.281+00",18770,"1"
"2021-08-02 05:06:41.281+00",28157,"4"
"2021-08-02 05:06:41.281+00",28157,"2"
"2021-08-02 05:06:41.281+00",25510,"0"
"2021-08-02 05:07:11.281+00",7124,"3"
"2021-08-02 05:07:11.281+00",38699,"1"
"2021-08-02 05:07:11.281+00",42499,"4"
"2021-08-02 05:07:11.281+00",47964,"5"
"2021-08-02 05:07:11.281+00",42499,"0"
"2021-08-02 05:07:11.281+00",42499,"2"
"2021-08-02 05:07:41.281+00",40761,"1"
"2021-08-02 05:07:41.281+00",54786,"0"
"2021-08-02 05:07:41.281+00",54786,"4"
"2021-08-02 05:07:41.281+00",50711,"2"
"2021-08-02 05:07:41.281+00",33147,"3"
"2021-08-02 05:07:41.281+00",66817,"5"
"2021-08-02 05:08:11.281+00",35569,"1"
"2021-08-02 05:08:11.281+00",45538,"2"
"2021-08-02 05:08:11.281+00",49612,"0"
"2021-08-02 05:08:11.281+00",61643,"5"
"2021-08-02 05:08:11.281+00",27969,"3"
"2021-08-02 05:08:11.281+00",49612,"4"
"2021-08-02 05:08:41.281+00",94027,"4"
"2021-08-02 05:08:41.281+00",106058,"5"
"2021-08-02 05:08:41.281+00",33137,"3"
"2021-08-02 05:08:41.281+00",7795,"2"
"2021-08-02 05:08:41.281+00",94027,"0"
"2021-08-02 05:08:41.281+00",59723,"1"
"2021-08-02 05:09:11.281+00",48369,"1"
"2021-08-02 05:09:11.281+00",68824,"2"
"2021-08-02 05:09:11.281+00",72716,"0"
"2021-08-02 05:09:11.281+00",84747,"5"
"2021-08-02 05:09:11.281+00",72716,"4"
"2021-08-02 05:09:11.281+00",33131,"3"
"2021-08-02 05:09:41.281+00",29808,"5"
"2021-08-02 05:09:41.281+00",7817,"1"
"2021-08-02 05:09:41.281+00",192,"3"
"2021-08-02 05:09:41.281+00",17777,"0"
"2021-08-02 05:09:41.281+00",17777,"4"
"2021-08-02 05:09:41.281+00",17777,"2"
"2021-08-02 05:10:11.281+00",155948,"5"
"2021-08-02 05:10:11.281+00",143917,"4"
"2021-08-02 05:10:11.281+00",143917,"0"
"2021-08-02 05:10:11.281+00",146403,"2"
"2021-08-02 05:10:11.281+00",100324,"1"
"2021-08-02 05:10:11.281+00",66106,"3"
"2021-08-02 05:10:41.281+00",88565,"5"
"2021-08-02 05:10:41.281+00",76534,"4"
"2021-08-02 05:10:41.281+00",76534,"0"
"2021-08-02 05:10:41.281+00",77784,"2"
"2021-08-02 05:10:41.281+00",33146,"3"
"2021-08-02 05:10:41.281+00",52161,"1"
"2021-08-02 05:11:11.281+00",131070,"0"
"2021-08-02 05:11:11.281+00",131070,"4"
"2021-08-02 05:11:11.281+00",92717,"1"
"2021-08-02 05:11:11.281+00",66097,"3"
"2021-08-02 05:11:11.281+00",143101,"5"
"2021-08-02 05:11:11.281+00",128233,"2"
"2021-08-02 05:11:41.281+00",29806,"5"
"2021-08-02 05:11:41.281+00",17775,"0"
"2021-08-02 05:11:41.281+00",17775,"2"
"2021-08-02 05:11:41.281+00",17775,"4"
"2021-08-02 05:11:41.281+00",7819,"1"
"2021-08-02 05:11:41.281+00",192,"3"
"2021-08-02 05:12:11.281+00",42219,"4"
"2021-08-02 05:12:11.281+00",42323,"2"
"2021-08-02 05:12:11.281+00",42219,"0"
"2021-08-02 05:12:11.281+00",54242,"5"
"2021-08-02 05:12:11.281+00",33214,"3"
"2021-08-02 05:12:11.281+00",37022,"1"
"2021-08-02 05:12:41.281+00",42219,"4"
"2021-08-02 05:12:41.281+00",42219,"0"
"2021-08-02 05:12:41.281+00",54242,"5"
"2021-08-02 05:12:41.281+00",37022,"1"
"2021-08-02 05:12:41.281+00",33214,"3"
"2021-08-02 05:12:41.281+00",42323,"2"
"2021-08-02 05:13:11.281+00",42323,"2"
"2021-08-02 05:13:11.281+00",54242,"5"
"2021-08-02 05:13:11.281+00",33214,"3"
"2021-08-02 05:13:11.281+00",37022,"1"
"2021-08-02 05:13:11.281+00",42219,"4"
"2021-08-02 05:13:11.281+00",42219,"0"
"2021-08-02 05:13:41.284+00",264,"1"
"2021-08-02 05:13:41.284+00",264,"4"
"2021-08-02 05:13:41.284+00",264,"2"
"2021-08-02 05:13:41.284+00",264,"0"
"2021-08-02 05:13:41.284+00",12287,"5"
"2021-08-02 05:13:41.284+00",264,"3"
"2021-08-02 05:14:11.281+00",264,"1"
"2021-08-02 05:14:11.281+00",264,"0"
"2021-08-02 05:14:11.281+00",264,"2"
"2021-08-02 05:14:11.281+00",264,"4"
"2021-08-02 05:14:11.281+00",264,"3"
"2021-08-02 05:14:11.281+00",12287,"5"
"2021-08-02 05:14:41.281+00",264,"4"
"2021-08-02 05:14:41.281+00",12287,"5"
"2021-08-02 05:14:41.281+00",264,"3"
"2021-08-02 05:14:41.281+00",264,"1"
"2021-08-02 05:14:41.281+00",264,"0"
"2021-08-02 05:14:41.281+00",264,"2"
"2021-08-02 05:15:11.281+00",264,"1"
"2021-08-02 05:15:11.281+00",264,"0"
"2021-08-02 05:15:11.281+00",264,"2"
"2021-08-02 05:15:11.281+00",264,"4"
"2021-08-02 05:15:11.281+00",12287,"5"
"2021-08-02 05:15:11.281+00",264,"3"
"2021-08-02 05:15:41.281+00",264,"0"
"2021-08-02 05:15:41.281+00",12287,"5"
"2021-08-02 05:15:41.281+00",264,"3"
"2021-08-02 05:15:41.281+00",264,"1"
"2021-08-02 05:15:41.281+00",264,"4"
"2021-08-02 05:15:41.281+00",264,"2"
"2021-08-02 05:16:11.281+00",264,"4"
"2021-08-02 05:16:11.281+00",12287,"5"
"2021-08-02 05:16:11.281+00",264,"3"
"2021-08-02 05:16:11.281+00",264,"0"
"2021-08-02 05:16:11.281+00",264,"1"
"2021-08-02 05:16:11.281+00",264,"2"
"2021-08-02 05:16:41.281+00",264,"0"
"2021-08-02 05:16:41.281+00",264,"3"
"2021-08-02 05:16:41.281+00",264,"1"
"2021-08-02 05:16:41.281+00",264,"4"
"2021-08-02 05:16:41.281+00",12287,"5"
"2021-08-02 05:16:41.281+00",264,"2"
"2021-08-02 05:17:11.281+00",12287,"5"
"2021-08-02 05:17:11.281+00",264,"4"
"2021-08-02 05:17:11.281+00",264,"2"
"2021-08-02 05:17:11.281+00",264,"0"
"2021-08-02 05:17:11.281+00",264,"1"
"2021-08-02 05:17:11.281+00",264,"3"
"2021-08-02 05:17:41.281+00",264,"4"
"2021-08-02 05:17:41.281+00",264,"0"
"2021-08-02 05:17:41.281+00",264,"2"
"2021-08-02 05:17:41.281+00",264,"1"
"2021-08-02 05:17:41.281+00",264,"3"
"2021-08-02 05:17:41.281+00",12287,"5"
"2021-08-02 05:18:11.281+00",264,"3"
"2021-08-02 05:18:11.281+00",264,"1"
"2021-08-02 05:18:11.281+00",264,"4"
"2021-08-02 05:18:11.281+00",264,"2"
"2021-08-02 05:18:11.281+00",264,"0"
"2021-08-02 05:18:11.281+00",12287,"5"
"2021-08-02 05:18:41.281+00",264,"2"
"2021-08-02 05:18:41.281+00",264,"1"
"2021-08-02 05:18:41.281+00",264,"3"
"2021-08-02 05:18:41.281+00",12287,"5"
"2021-08-02 05:18:41.281+00",264,"0"
"2021-08-02 05:18:41.281+00",264,"4"
"2021-08-02 05:19:11.281+00",264,"4"
"2021-08-02 05:19:11.281+00",264,"2"
"2021-08-02 05:19:11.281+00",264,"0"
"2021-08-02 05:19:11.281+00",12287,"5"
"2021-08-02 05:19:11.281+00",264,"3"
"2021-08-02 05:19:11.281+00",264,"1"
"2021-08-02 05:19:41.281+00",264,"1"
"2021-08-02 05:19:41.281+00",12287,"5"
"2021-08-02 05:19:41.281+00",264,"4"
"2021-08-02 05:19:41.281+00",264,"3"
"2021-08-02 05:19:41.281+00",264,"0"
"2021-08-02 05:19:41.281+00",264,"2"
"2021-08-02 05:20:11.281+00",10080,"4"
"2021-08-02 05:20:11.281+00",10080,"1"
"2021-08-02 05:20:11.281+00",264,"3"
"2021-08-02 05:20:11.281+00",10080,"0"
"2021-08-02 05:20:11.281+00",10080,"2"
"2021-08-02 05:20:11.281+00",22103,"5"
"2021-08-02 05:20:41.281+00",22103,"5"
"2021-08-02 05:20:41.281+00",264,"3"
"2021-08-02 05:20:41.281+00",10080,"1"
"2021-08-02 05:20:41.281+00",10080,"4"
"2021-08-02 05:20:41.281+00",10080,"2"
"2021-08-02 05:20:41.281+00",10080,"0"
"2021-08-02 05:21:11.281+00",264,"3"
"2021-08-02 05:21:11.281+00",10080,"0"
"2021-08-02 05:21:11.281+00",10080,"2"
"2021-08-02 05:21:11.281+00",10080,"4"
"2021-08-02 05:21:11.281+00",10080,"1"
"2021-08-02 05:21:11.281+00",22103,"5"
"2021-08-02 05:21:41.281+00",10080,"0"
"2021-08-02 05:21:41.281+00",10080,"1"
"2021-08-02 05:21:41.281+00",264,"3"
"2021-08-02 05:21:41.281+00",22103,"5"
"2021-08-02 05:21:41.281+00",10080,"4"
"2021-08-02 05:21:41.281+00",10080,"2"
"2021-08-02 05:22:11.281+00",29064,"4"
"2021-08-02 05:22:11.281+00",29064,"2"
"2021-08-02 05:22:11.281+00",29064,"0"
"2021-08-02 05:22:11.281+00",41087,"5"
"2021-08-02 05:22:11.281+00",264,"3"
"2021-08-02 05:22:11.281+00",29064,"1"
"2021-08-02 05:22:41.281+00",29064,"2"
"2021-08-02 05:22:41.281+00",41087,"5"
"2021-08-02 05:22:41.281+00",264,"3"
"2021-08-02 05:22:41.281+00",29064,"1"
"2021-08-02 05:22:41.281+00",29064,"4"
"2021-08-02 05:22:41.281+00",29064,"0"
"2021-08-02 05:23:11.281+00",29064,"2"
"2021-08-02 05:23:11.281+00",29064,"1"
"2021-08-02 05:23:11.281+00",264,"3"
"2021-08-02 05:23:11.281+00",41087,"5"
"2021-08-02 05:23:11.281+00",29064,"4"
"2021-08-02 05:23:11.281+00",29064,"0"
"2021-08-02 05:23:41.281+00",19248,"0"
"2021-08-02 05:23:41.281+00",31271,"5"
"2021-08-02 05:23:41.281+00",264,"3"
"2021-08-02 05:23:41.281+00",19248,"1"
"2021-08-02 05:23:41.281+00",19248,"4"
"2021-08-02 05:23:41.281+00",19248,"2"
"2021-08-02 05:24:11.286+00",19248,"1"
"2021-08-02 05:24:11.286+00",31271,"5"
"2021-08-02 05:24:11.286+00",19248,"4"
"2021-08-02 05:24:11.286+00",19248,"2"
"2021-08-02 05:24:11.286+00",19248,"0"
"2021-08-02 05:24:11.286+00",264,"3"
"2021-08-02 05:24:41.281+00",33201,"5"
"2021-08-02 05:24:41.281+00",21178,"1"
"2021-08-02 05:24:41.281+00",21178,"3"
"2021-08-02 05:24:41.281+00",21178,"0"
"2021-08-02 05:24:41.281+00",21178,"2"
"2021-08-02 05:24:41.281+00",21178,"4"
"2021-08-02 05:25:11.281+00",33201,"5"
"2021-08-02 05:25:11.281+00",21178,"0"
"2021-08-02 05:25:11.281+00",21178,"2"
"2021-08-02 05:25:11.281+00",21178,"4"
"2021-08-02 05:25:11.281+00",21178,"1"
"2021-08-02 05:25:11.281+00",21178,"3"
"2021-08-02 05:25:41.281+00",21178,"0"
"2021-08-02 05:25:41.281+00",21178,"4"
"2021-08-02 05:25:41.281+00",33201,"5"
"2021-08-02 05:25:41.281+00",21178,"3"
"2021-08-02 05:25:41.281+00",21178,"1"
"2021-08-02 05:25:41.281+00",21178,"2"
"2021-08-02 05:26:11.281+00",21178,"2"
"2021-08-02 05:26:11.281+00",21178,"1"
"2021-08-02 05:26:11.281+00",21178,"3"
"2021-08-02 05:26:11.281+00",33201,"5"
"2021-08-02 05:26:11.281+00",21178,"0"
"2021-08-02 05:26:11.281+00",21178,"4"
"2021-08-02 05:26:41.281+00",33201,"5"
"2021-08-02 05:26:41.281+00",21178,"0"
"2021-08-02 05:26:41.281+00",21178,"2"
"2021-08-02 05:26:41.281+00",21178,"4"
"2021-08-02 05:26:41.281+00",21178,"1"
"2021-08-02 05:26:41.281+00",21178,"3"
"2021-08-02 05:27:11.281+00",21178,"3"
"2021-08-02 05:27:11.281+00",33201,"5"
"2021-08-02 05:27:11.281+00",21178,"1"
"2021-08-02 05:27:11.281+00",21178,"4"
"2021-08-02 05:27:11.281+00",21178,"0"
"2021-08-02 05:27:11.281+00",21178,"2"
"2021-08-02 05:27:41.281+00",21178,"2"
"2021-08-02 05:27:41.281+00",21178,"0"
"2021-08-02 05:27:41.281+00",33201,"5"
"2021-08-02 05:27:41.281+00",21178,"3"
"2021-08-02 05:27:41.281+00",21178,"1"
"2021-08-02 05:27:41.281+00",21178,"4"
"2021-08-02 05:28:11.281+00",21178,"3"
"2021-08-02 05:28:11.281+00",21178,"4"
"2021-08-02 05:28:11.281+00",21178,"2"
"2021-08-02 05:28:11.281+00",21178,"0"
"2021-08-02 05:28:11.281+00",33201,"5"
"2021-08-02 05:28:11.281+00",21178,"1"
"2021-08-02 05:28:41.281+00",264,"4"
"2021-08-02 05:28:41.281+00",264,"2"
"2021-08-02 05:28:41.281+00",264,"0"
"2021-08-02 05:28:41.281+00",264,"1"
"2021-08-02 05:28:41.281+00",264,"3"
"2021-08-02 05:28:41.281+00",12287,"5"
"2021-08-02 05:29:11.281+00",12287,"5"
"2021-08-02 05:29:11.281+00",264,"4"
"2021-08-02 05:29:11.281+00",264,"2"
"2021-08-02 05:29:11.281+00",264,"0"
"2021-08-02 05:29:11.281+00",264,"1"
"2021-08-02 05:29:11.281+00",264,"3"
"2021-08-02 05:29:41.281+00",12287,"5"
"2021-08-02 05:29:41.281+00",264,"4"
"2021-08-02 05:29:41.281+00",264,"2"
"2021-08-02 05:29:41.281+00",264,"0"
"2021-08-02 05:29:41.281+00",264,"1"
"2021-08-02 05:29:41.281+00",264,"3"
"2021-08-02 05:30:11.281+00",10087,"0"
"2021-08-02 05:30:11.281+00",10087,"4"
"2021-08-02 05:30:11.281+00",10087,"1"
"2021-08-02 05:30:11.281+00",264,"3"
"2021-08-02 05:30:11.281+00",22110,"5"
"2021-08-02 05:30:11.281+00",10087,"2"
"2021-08-02 05:30:41.281+00",22110,"5"
"2021-08-02 05:30:41.281+00",10087,"1"
"2021-08-02 05:30:41.281+00",10087,"2"
"2021-08-02 05:30:41.281+00",10087,"4"
"2021-08-02 05:30:41.281+00",10087,"0"
"2021-08-02 05:30:41.281+00",264,"3"
"2021-08-02 05:31:11.281+00",10087,"2"
"2021-08-02 05:31:11.281+00",10087,"4"
"2021-08-02 05:31:11.281+00",10087,"1"
"2021-08-02 05:31:11.281+00",264,"3"
"2021-08-02 05:31:11.281+00",22110,"5"
"2021-08-02 05:31:11.281+00",10087,"0"
"2021-08-02 05:31:41.281+00",10087,"1"
"2021-08-02 05:31:41.281+00",10087,"2"
"2021-08-02 05:31:41.281+00",10087,"4"
"2021-08-02 05:31:41.281+00",22110,"5"
"2021-08-02 05:31:41.281+00",264,"3"
"2021-08-02 05:31:41.281+00",10087,"0"
"2021-08-02 05:32:11.281+00",264,"3"
"2021-08-02 05:32:11.281+00",10087,"4"
"2021-08-02 05:32:11.281+00",10087,"2"
"2021-08-02 05:32:11.281+00",10087,"0"
"2021-08-02 05:32:11.281+00",22110,"5"
"2021-08-02 05:32:11.281+00",10087,"1"
"2021-08-02 05:32:41.281+00",41083,"5"
"2021-08-02 05:32:41.281+00",264,"3"
"2021-08-02 05:32:41.281+00",29060,"1"
"2021-08-02 05:32:41.281+00",29060,"4"
"2021-08-02 05:32:41.281+00",29060,"2"
"2021-08-02 05:32:41.281+00",29060,"0"
"2021-08-02 05:33:11.287+00",29060,"1"
"2021-08-02 05:33:11.287+00",41083,"5"
"2021-08-02 05:33:11.287+00",264,"3"
"2021-08-02 05:33:11.287+00",29060,"0"
"2021-08-02 05:33:11.287+00",29060,"4"
"2021-08-02 05:33:11.287+00",29060,"2"
"2021-08-02 05:33:41.288+00",29060,"4"
"2021-08-02 05:33:41.288+00",29060,"2"
"2021-08-02 05:33:41.288+00",29060,"0"
"2021-08-02 05:33:41.288+00",41083,"5"
"2021-08-02 05:33:41.288+00",264,"3"
"2021-08-02 05:33:41.288+00",29060,"1"
"2021-08-02 05:34:11.281+00",29060,"0"
"2021-08-02 05:34:11.281+00",264,"3"
"2021-08-02 05:34:11.281+00",41083,"5"
"2021-08-02 05:34:11.281+00",29060,"1"
"2021-08-02 05:34:11.281+00",29060,"4"
"2021-08-02 05:34:11.281+00",29060,"2"
"2021-08-02 05:34:41.281+00",264,"3"
"2021-08-02 05:34:41.281+00",29060,"4"
"2021-08-02 05:34:41.281+00",29060,"2"
"2021-08-02 05:34:41.281+00",29060,"0"
"2021-08-02 05:34:41.281+00",41083,"5"
"2021-08-02 05:34:41.281+00",29060,"1"
"2021-08-02 05:35:11.286+00",43025,"5"
"2021-08-02 05:35:11.286+00",31002,"1"
"2021-08-02 05:35:11.286+00",21169,"3"
"2021-08-02 05:35:11.286+00",31002,"0"
"2021-08-02 05:35:11.286+00",31002,"2"
"2021-08-02 05:35:11.286+00",31002,"4"
"2021-08-02 05:35:41.281+00",31002,"2"
"2021-08-02 05:35:41.281+00",31002,"4"
"2021-08-02 05:35:41.281+00",43025,"5"
"2021-08-02 05:35:41.281+00",31002,"0"
"2021-08-02 05:35:41.281+00",21169,"3"
"2021-08-02 05:35:41.281+00",31002,"1"
"2021-08-02 05:36:11.281+00",31002,"0"
"2021-08-02 05:36:11.281+00",31002,"2"
"2021-08-02 05:36:11.281+00",31002,"1"
"2021-08-02 05:36:11.281+00",21169,"3"
"2021-08-02 05:36:11.281+00",43025,"5"
"2021-08-02 05:36:11.281+00",31002,"4"
"2021-08-02 05:36:41.281+00",31002,"4"
"2021-08-02 05:36:41.281+00",31002,"0"
"2021-08-02 05:36:41.281+00",43025,"5"
"2021-08-02 05:36:41.281+00",21169,"3"
"2021-08-02 05:36:41.281+00",31002,"1"
"2021-08-02 05:36:41.281+00",31002,"2"
"2021-08-02 05:37:11.281+00",43025,"5"
"2021-08-02 05:37:11.281+00",21169,"3"
"2021-08-02 05:37:11.281+00",31002,"1"
"2021-08-02 05:37:11.281+00",31002,"0"
"2021-08-02 05:37:11.281+00",31002,"4"
"2021-08-02 05:37:11.281+00",31002,"2"
"2021-08-02 05:37:41.281+00",21169,"3"
"2021-08-02 05:37:41.281+00",31002,"1"
"2021-08-02 05:37:41.281+00",31002,"0"
"2021-08-02 05:37:41.281+00",31002,"2"
"2021-08-02 05:37:41.281+00",31002,"4"
"2021-08-02 05:37:41.281+00",43025,"5"
"2021-08-02 05:38:11.281+00",21169,"3"
"2021-08-02 05:38:11.281+00",31002,"4"
"2021-08-02 05:38:11.281+00",31002,"2"
"2021-08-02 05:38:11.281+00",31002,"0"
"2021-08-02 05:38:11.281+00",43025,"5"
"2021-08-02 05:38:11.281+00",31002,"1"
"2021-08-02 05:38:41.281+00",21169,"3"
"2021-08-02 05:38:41.281+00",43025,"5"
"2021-08-02 05:38:41.281+00",31002,"0"
"2021-08-02 05:38:41.281+00",31002,"2"
"2021-08-02 05:38:41.281+00",31002,"4"
"2021-08-02 05:38:41.281+00",31002,"1"
"2021-08-02 05:39:11.281+00",31002,"0"
"2021-08-02 05:39:11.281+00",31002,"4"
"2021-08-02 05:39:11.281+00",31002,"1"
"2021-08-02 05:39:11.281+00",43025,"5"
"2021-08-02 05:39:11.281+00",31002,"2"
"2021-08-02 05:39:11.281+00",21169,"3"
"2021-08-02 05:39:41.281+00",31002,"4"
"2021-08-02 05:39:41.281+00",43025,"5"
"2021-08-02 05:39:41.281+00",21169,"3"
"2021-08-02 05:39:41.281+00",31002,"1"
"2021-08-02 05:39:41.281+00",31002,"0"
"2021-08-02 05:39:41.281+00",31002,"2"
"2021-08-02 05:40:11.285+00",21169,"3"
"2021-08-02 05:40:11.285+00",43025,"5"
"2021-08-02 05:40:11.285+00",31002,"0"
"2021-08-02 05:40:11.285+00",31002,"2"
"2021-08-02 05:40:11.285+00",31002,"4"
"2021-08-02 05:40:11.285+00",31002,"1"
"2021-08-02 05:40:41.281+00",31002,"2"
"2021-08-02 05:40:41.281+00",43025,"5"
"2021-08-02 05:40:41.281+00",21169,"3"
"2021-08-02 05:40:41.281+00",31002,"1"
"2021-08-02 05:40:41.281+00",31002,"0"
"2021-08-02 05:40:41.281+00",31002,"4"
"2021-08-02 05:41:11.281+00",10097,"1"
"2021-08-02 05:41:11.281+00",10097,"4"
"2021-08-02 05:41:11.281+00",10097,"0"
"2021-08-02 05:41:11.281+00",22120,"5"
"2021-08-02 05:41:11.281+00",10097,"2"
"2021-08-02 05:41:11.281+00",264,"3"
"2021-08-02 05:41:41.281+00",41089,"5"
"2021-08-02 05:41:41.281+00",264,"3"
"2021-08-02 05:41:41.281+00",29066,"1"
"2021-08-02 05:41:41.281+00",29066,"4"
"2021-08-02 05:41:41.281+00",29066,"2"
"2021-08-02 05:41:41.281+00",29066,"0"
"2021-08-02 05:42:11.281+00",29066,"4"
"2021-08-02 05:42:11.281+00",29066,"2"
"2021-08-02 05:42:11.281+00",41089,"5"
"2021-08-02 05:42:11.281+00",264,"3"
"2021-08-02 05:42:11.281+00",29066,"1"
"2021-08-02 05:42:11.281+00",29066,"0"
"2021-08-02 05:42:41.281+00",29066,"0"
"2021-08-02 05:42:41.281+00",29066,"1"
"2021-08-02 05:42:41.281+00",29066,"4"
"2021-08-02 05:42:41.281+00",41089,"5"
"2021-08-02 05:42:41.281+00",264,"3"
"2021-08-02 05:42:41.281+00",29066,"2"
"2021-08-02 05:43:11.284+00",41089,"5"
"2021-08-02 05:43:11.284+00",29066,"1"
"2021-08-02 05:43:11.284+00",29066,"0"
"2021-08-02 05:43:11.284+00",29066,"2"
"2021-08-02 05:43:11.284+00",29066,"4"
"2021-08-02 05:43:11.284+00",264,"3"
"2021-08-02 05:43:41.281+00",31256,"5"
"2021-08-02 05:43:41.281+00",19233,"1"
"2021-08-02 05:43:41.281+00",264,"3"
"2021-08-02 05:43:41.281+00",19233,"0"
"2021-08-02 05:43:41.281+00",19233,"2"
"2021-08-02 05:43:41.281+00",19233,"4"
"2021-08-02 05:44:11.281+00",31256,"5"
"2021-08-02 05:44:11.281+00",19233,"0"
"2021-08-02 05:44:11.281+00",19233,"2"
"2021-08-02 05:44:11.281+00",19233,"4"
"2021-08-02 05:44:11.281+00",19233,"1"
"2021-08-02 05:44:11.281+00",264,"3"
"2021-08-02 05:44:41.281+00",19233,"1"
"2021-08-02 05:44:41.281+00",31256,"5"
"2021-08-02 05:44:41.281+00",264,"3"
"2021-08-02 05:44:41.281+00",19233,"2"
"2021-08-02 05:44:41.281+00",19233,"0"
"2021-08-02 05:44:41.281+00",19233,"4"
"2021-08-02 05:45:11.281+00",19233,"1"
"2021-08-02 05:45:11.281+00",31256,"5"
"2021-08-02 05:45:11.281+00",264,"3"
"2021-08-02 05:45:11.281+00",19233,"0"
"2021-08-02 05:45:11.281+00",19233,"2"
"2021-08-02 05:45:11.281+00",19233,"4"
"2021-08-02 05:45:41.281+00",19233,"2"
"2021-08-02 05:45:41.281+00",31256,"5"
"2021-08-02 05:45:41.281+00",19233,"1"
"2021-08-02 05:45:41.281+00",264,"3"
"2021-08-02 05:45:41.281+00",19233,"0"
"2021-08-02 05:45:41.281+00",19233,"4"
"2021-08-02 05:46:11.285+00",19233,"0"
"2021-08-02 05:46:11.285+00",31256,"5"
"2021-08-02 05:46:11.285+00",19233,"4"
"2021-08-02 05:46:11.285+00",19233,"1"
"2021-08-02 05:46:11.285+00",264,"3"
"2021-08-02 05:46:11.285+00",19233,"2"
"2021-08-02 05:46:41.281+00",19233,"4"
"2021-08-02 05:46:41.281+00",19233,"2"
"2021-08-02 05:46:41.281+00",19233,"0"
"2021-08-02 05:46:41.281+00",31256,"5"
"2021-08-02 05:46:41.281+00",264,"3"
"2021-08-02 05:46:41.281+00",19233,"1"
"2021-08-02 05:47:11.281+00",31256,"5"
"2021-08-02 05:47:11.281+00",19233,"2"
"2021-08-02 05:47:11.281+00",19233,"0"
"2021-08-02 05:47:11.281+00",19233,"4"
"2021-08-02 05:47:11.281+00",19233,"1"
"2021-08-02 05:47:11.281+00",264,"3"
"2021-08-02 05:47:41.281+00",19233,"4"
"2021-08-02 05:47:41.281+00",19233,"0"
"2021-08-02 05:47:41.281+00",264,"3"
"2021-08-02 05:47:41.281+00",19233,"1"
"2021-08-02 05:47:41.281+00",31256,"5"
"2021-08-02 05:47:41.281+00",19233,"2"
"2021-08-02 05:48:11.286+00",264,"3"
"2021-08-02 05:48:11.286+00",31256,"5"
"2021-08-02 05:48:11.286+00",19233,"2"
"2021-08-02 05:48:11.286+00",19233,"0"
"2021-08-02 05:48:11.286+00",19233,"4"
"2021-08-02 05:48:11.286+00",19233,"1"
"2021-08-02 05:48:41.281+00",49980,"2"
"2021-08-02 05:48:41.281+00",49980,"0"
"2021-08-02 05:48:41.281+00",49980,"4"
"2021-08-02 05:48:41.281+00",49980,"1"
"2021-08-02 05:48:41.281+00",21181,"3"
"2021-08-02 05:48:41.281+00",62003,"5"
"2021-08-02 05:49:11.287+00",62003,"5"
"2021-08-02 05:49:11.287+00",21181,"3"
"2021-08-02 05:49:11.287+00",49980,"4"
"2021-08-02 05:49:11.287+00",49980,"0"
"2021-08-02 05:49:11.287+00",49980,"2"
"2021-08-02 05:49:11.287+00",49980,"1"
"2021-08-02 05:49:41.281+00",49980,"0"
"2021-08-02 05:49:41.281+00",49980,"1"
"2021-08-02 05:49:41.281+00",49980,"4"
"2021-08-02 05:49:41.281+00",62003,"5"
"2021-08-02 05:49:41.281+00",21181,"3"
"2021-08-02 05:49:41.281+00",49980,"2"
"2021-08-02 05:50:11.281+00",62003,"5"
"2021-08-02 05:50:11.281+00",21181,"3"
"2021-08-02 05:50:11.281+00",49980,"1"
"2021-08-02 05:50:11.281+00",49980,"0"
"2021-08-02 05:50:11.281+00",49980,"2"
"2021-08-02 05:50:11.281+00",49980,"4"
"2021-08-02 05:50:41.281+00",49980,"4"
"2021-08-02 05:50:41.281+00",49980,"1"
"2021-08-02 05:50:41.281+00",21181,"3"
"2021-08-02 05:50:41.281+00",62003,"5"
"2021-08-02 05:50:41.281+00",49980,"0"
"2021-08-02 05:50:41.281+00",49980,"2"
"2021-08-02 05:51:11.281+00",49980,"1"
"2021-08-02 05:51:11.281+00",21181,"3"
"2021-08-02 05:51:11.281+00",62003,"5"
"2021-08-02 05:51:11.281+00",49980,"0"
"2021-08-02 05:51:11.281+00",49980,"2"
"2021-08-02 05:51:11.281+00",49980,"4"
"2021-08-02 05:51:41.281+00",21181,"3"
"2021-08-02 05:51:41.281+00",49980,"2"
"2021-08-02 05:51:41.281+00",49980,"0"
"2021-08-02 05:51:41.281+00",49980,"4"
"2021-08-02 05:51:41.281+00",49980,"1"
"2021-08-02 05:51:41.281+00",62003,"5"
"2021-08-02 05:52:11.281+00",21181,"3"
"2021-08-02 05:52:11.281+00",49980,"0"
"2021-08-02 05:52:11.281+00",49980,"2"
"2021-08-02 05:52:11.281+00",49980,"4"
"2021-08-02 05:52:11.281+00",49980,"1"
"2021-08-02 05:52:11.281+00",62003,"5"
"2021-08-02 05:52:41.281+00",49980,"4"
"2021-08-02 05:52:41.281+00",49980,"2"
"2021-08-02 05:52:41.281+00",49980,"0"
"2021-08-02 05:52:41.281+00",62003,"5"
"2021-08-02 05:52:41.281+00",21181,"3"
"2021-08-02 05:52:41.281+00",49980,"1"
"2021-08-02 05:53:11.281+00",49980,"2"
"2021-08-02 05:53:11.281+00",49980,"4"
"2021-08-02 05:53:11.281+00",49980,"1"
"2021-08-02 05:53:11.281+00",21181,"3"
"2021-08-02 05:53:11.281+00",62003,"5"
"2021-08-02 05:53:11.281+00",49980,"0"
"2021-08-02 05:53:41.281+00",49980,"0"
"2021-08-02 05:53:41.281+00",49980,"4"
"2021-08-02 05:53:41.281+00",49980,"2"
"2021-08-02 05:53:41.281+00",49980,"1"
"2021-08-02 05:53:41.281+00",21181,"3"
"2021-08-02 05:53:41.281+00",62003,"5"
"2021-08-02 05:54:11.281+00",29063,"0"
"2021-08-02 05:54:11.281+00",29063,"2"
"2021-08-02 05:54:11.281+00",29063,"4"
"2021-08-02 05:54:11.281+00",29063,"1"
"2021-08-02 05:54:11.281+00",264,"3"
"2021-08-02 05:54:11.281+00",41086,"5"
"2021-08-02 05:54:41.281+00",264,"3"
"2021-08-02 05:54:41.281+00",29063,"4"
"2021-08-02 05:54:41.281+00",41086,"5"
"2021-08-02 05:54:41.281+00",29063,"1"
"2021-08-02 05:54:41.281+00",29063,"0"
"2021-08-02 05:54:41.281+00",29063,"2"
"2021-08-02 05:55:11.281+00",48033,"1"
"2021-08-02 05:55:11.281+00",264,"3"
"2021-08-02 05:55:11.281+00",48033,"4"
"2021-08-02 05:55:11.281+00",48033,"2"
"2021-08-02 05:55:11.281+00",48033,"0"
"2021-08-02 05:55:11.281+00",60056,"5"
"2021-08-02 05:55:41.281+00",48033,"4"
"2021-08-02 05:55:41.281+00",60056,"5"
"2021-08-02 05:55:41.281+00",264,"3"
"2021-08-02 05:55:41.281+00",48033,"1"
"2021-08-02 05:55:41.281+00",48033,"0"
"2021-08-02 05:55:41.281+00",48033,"2"
"2021-08-02 05:56:11.281+00",48033,"2"
"2021-08-02 05:56:11.281+00",48033,"4"
"2021-08-02 05:56:11.281+00",48033,"1"
"2021-08-02 05:56:11.281+00",264,"3"
"2021-08-02 05:56:11.281+00",60056,"5"
"2021-08-02 05:56:11.281+00",48033,"0"
"2021-08-02 05:56:41.281+00",60056,"5"
"2021-08-02 05:56:41.281+00",48033,"4"
"2021-08-02 05:56:41.281+00",48033,"0"
"2021-08-02 05:56:41.281+00",48033,"2"
"2021-08-02 05:56:41.281+00",48033,"1"
"2021-08-02 05:56:41.281+00",264,"3"
"2021-08-02 05:57:11.281+00",48033,"1"
"2021-08-02 05:57:11.281+00",264,"3"
"2021-08-02 05:57:11.281+00",60056,"5"
"2021-08-02 05:57:11.281+00",48033,"0"
"2021-08-02 05:57:11.281+00",48033,"2"
"2021-08-02 05:57:11.281+00",48033,"4"
"2021-08-02 05:57:41.281+00",48033,"2"
"2021-08-02 05:57:41.281+00",264,"3"
"2021-08-02 05:57:41.281+00",48033,"1"
"2021-08-02 05:57:41.281+00",48033,"4"
"2021-08-02 05:57:41.281+00",48033,"0"
"2021-08-02 05:57:41.281+00",60056,"5"
"2021-08-02 05:58:11.281+00",48033,"1"
"2021-08-02 05:58:11.281+00",60056,"5"
"2021-08-02 05:58:11.281+00",264,"3"
"2021-08-02 05:58:11.281+00",48033,"4"
"2021-08-02 05:58:11.281+00",48033,"2"
"2021-08-02 05:58:11.281+00",48033,"0"
"2021-08-02 05:58:41.281+00",48033,"2"
"2021-08-02 05:58:41.281+00",48033,"1"
"2021-08-02 05:58:41.281+00",264,"3"
"2021-08-02 05:58:41.281+00",60056,"5"
"2021-08-02 05:58:41.281+00",48033,"4"
"2021-08-02 05:58:41.281+00",48033,"0"
"2021-08-02 05:59:11.281+00",48033,"2"
"2021-08-02 05:59:11.281+00",48033,"1"
"2021-08-02 05:59:11.281+00",264,"3"
"2021-08-02 05:59:11.281+00",60056,"5"
"2021-08-02 05:59:11.281+00",48033,"0"
"2021-08-02 05:59:11.281+00",48033,"4"
"2021-08-02 05:59:41.281+00",60056,"5"
"2021-08-02 05:59:41.281+00",48033,"1"
"2021-08-02 05:59:41.281+00",48033,"0"
"2021-08-02 05:59:41.281+00",48033,"4"
"2021-08-02 05:59:41.281+00",48033,"2"
"2021-08-02 05:59:41.281+00",264,"3"
"2021-08-02 06:00:11.281+00",48033,"2"
"2021-08-02 06:00:11.281+00",48033,"0"
"2021-08-02 06:00:11.281+00",264,"3"
"2021-08-02 06:00:11.281+00",48033,"1"
"2021-08-02 06:00:11.281+00",48033,"4"
"2021-08-02 06:00:11.281+00",60056,"5"
"2021-08-02 06:00:41.281+00",60056,"5"
"2021-08-02 06:00:41.281+00",264,"3"
"2021-08-02 06:00:41.281+00",48033,"0"
"2021-08-02 06:00:41.281+00",48033,"1"
"2021-08-02 06:00:41.281+00",48033,"4"
"2021-08-02 06:00:41.281+00",48033,"2"
"2021-08-02 06:01:11.281+00",48033,"4"
"2021-08-02 06:01:11.281+00",264,"3"
"2021-08-02 06:01:11.281+00",48033,"2"
"2021-08-02 06:01:11.281+00",48033,"0"
"2021-08-02 06:01:11.281+00",60056,"5"
"2021-08-02 06:01:11.281+00",48033,"1"
"2021-08-02 06:01:41.281+00",21169,"3"
"2021-08-02 06:01:41.281+00",40138,"4"
"2021-08-02 06:01:41.281+00",40138,"2"
"2021-08-02 06:01:41.281+00",40138,"0"
"2021-08-02 06:01:41.281+00",52161,"5"
"2021-08-02 06:01:41.281+00",40138,"1"
"2021-08-02 06:02:11.281+00",19233,"1"
"2021-08-02 06:02:11.281+00",31256,"5"
"2021-08-02 06:02:11.281+00",19233,"4"
"2021-08-02 06:02:11.281+00",19233,"2"
"2021-08-02 06:02:11.281+00",19233,"0"
"2021-08-02 06:02:11.281+00",264,"3"
"2021-08-02 06:02:41.281+00",19233,"2"
"2021-08-02 06:02:41.281+00",19233,"0"
"2021-08-02 06:02:41.281+00",19233,"4"
"2021-08-02 06:02:41.281+00",19233,"1"
"2021-08-02 06:02:41.281+00",264,"3"
"2021-08-02 06:02:41.281+00",31256,"5"
"2021-08-02 06:03:11.281+00",19233,"2"
"2021-08-02 06:03:11.281+00",19233,"1"
"2021-08-02 06:03:11.281+00",19233,"4"
"2021-08-02 06:03:11.281+00",264,"3"
"2021-08-02 06:03:11.281+00",31256,"5"
"2021-08-02 06:03:11.281+00",19233,"0"
"2021-08-02 06:03:41.281+00",19233,"2"
"2021-08-02 06:03:41.281+00",31256,"5"
"2021-08-02 06:03:41.281+00",264,"3"
"2021-08-02 06:03:41.281+00",19233,"1"
"2021-08-02 06:03:41.281+00",19233,"4"
"2021-08-02 06:03:41.281+00",19233,"0"
"2021-08-02 06:04:11.281+00",19233,"1"
"2021-08-02 06:04:11.281+00",31256,"5"
"2021-08-02 06:04:11.281+00",19233,"0"
"2021-08-02 06:04:11.281+00",19233,"2"
"2021-08-02 06:04:11.281+00",19233,"4"
"2021-08-02 06:04:11.281+00",264,"3"
"2021-08-02 06:04:41.281+00",19233,"1"
"2021-08-02 06:04:41.281+00",264,"3"
"2021-08-02 06:04:41.281+00",19233,"0"
"2021-08-02 06:04:41.281+00",31256,"5"
"2021-08-02 06:04:41.281+00",19233,"2"
"2021-08-02 06:04:41.281+00",19233,"4"
"2021-08-02 06:05:11.281+00",264,"3"
"2021-08-02 06:05:11.281+00",31256,"5"
"2021-08-02 06:05:11.281+00",19233,"1"
"2021-08-02 06:05:11.281+00",19233,"0"
"2021-08-02 06:05:11.281+00",19233,"2"
"2021-08-02 06:05:11.281+00",19233,"4"
"2021-08-02 06:05:41.281+00",264,"3"
"2021-08-02 06:05:41.281+00",31256,"5"
"2021-08-02 06:05:41.281+00",19233,"0"
"2021-08-02 06:05:41.281+00",19233,"2"
"2021-08-02 06:05:41.281+00",19233,"4"
"2021-08-02 06:05:41.281+00",19233,"1"
"2021-08-02 06:06:11.281+00",19233,"0"
"2021-08-02 06:06:11.281+00",19233,"4"
"2021-08-02 06:06:11.281+00",31256,"5"
"2021-08-02 06:06:11.281+00",264,"3"
"2021-08-02 06:06:11.281+00",19233,"1"
"2021-08-02 06:06:11.281+00",19233,"2"
"2021-08-02 06:06:41.281+00",19233,"0"
"2021-08-02 06:06:41.281+00",19233,"4"
"2021-08-02 06:06:41.281+00",19233,"1"
"2021-08-02 06:06:41.281+00",264,"3"
"2021-08-02 06:06:41.281+00",31256,"5"
"2021-08-02 06:06:41.281+00",19233,"2"
"2021-08-02 06:07:11.281+00",31256,"5"
"2021-08-02 06:07:11.281+00",19233,"0"
"2021-08-02 06:07:11.281+00",19233,"1"
"2021-08-02 06:07:11.281+00",264,"3"
"2021-08-02 06:07:11.281+00",19233,"2"
"2021-08-02 06:07:11.281+00",19233,"4"
"2021-08-02 06:07:41.281+00",264,"3"
"2021-08-02 06:07:41.281+00",19233,"0"
"2021-08-02 06:07:41.281+00",19233,"2"
"2021-08-02 06:07:41.281+00",19233,"4"
"2021-08-02 06:07:41.281+00",31256,"5"
"2021-08-02 06:07:41.281+00",19233,"1"
"2021-08-02 06:08:11.281+00",19233,"4"
"2021-08-02 06:08:11.281+00",31256,"5"
"2021-08-02 06:08:11.281+00",264,"3"
"2021-08-02 06:08:11.281+00",19233,"1"
"2021-08-02 06:08:11.281+00",19233,"0"
"2021-08-02 06:08:11.281+00",19233,"2"
"2021-08-02 06:08:41.281+00",19233,"4"
"2021-08-02 06:08:41.281+00",19233,"1"
"2021-08-02 06:08:41.281+00",264,"3"
"2021-08-02 06:08:41.281+00",31256,"5"
"2021-08-02 06:08:41.281+00",19233,"0"
"2021-08-02 06:08:41.281+00",19233,"2"
"2021-08-02 06:09:11.281+00",19233,"1"
"2021-08-02 06:09:11.281+00",19233,"0"
"2021-08-02 06:09:11.281+00",19233,"2"
"2021-08-02 06:09:11.281+00",19233,"4"
"2021-08-02 06:09:11.281+00",31256,"5"
"2021-08-02 06:09:11.281+00",264,"3"
"2021-08-02 06:09:41.281+00",19233,"2"
"2021-08-02 06:09:41.281+00",19233,"1"
"2021-08-02 06:09:41.281+00",264,"3"
"2021-08-02 06:09:41.281+00",31256,"5"
"2021-08-02 06:09:41.281+00",19233,"0"
"2021-08-02 06:09:41.281+00",19233,"4"
"2021-08-02 06:10:11.281+00",19233,"4"
"2021-08-02 06:10:11.281+00",19233,"2"
"2021-08-02 06:10:11.281+00",19233,"0"
"2021-08-02 06:10:11.281+00",19233,"1"
"2021-08-02 06:10:11.281+00",264,"3"
"2021-08-02 06:10:11.281+00",31256,"5"
"2021-08-02 06:10:41.281+00",19233,"1"
"2021-08-02 06:10:41.281+00",19233,"2"
"2021-08-02 06:10:41.281+00",19233,"0"
"2021-08-02 06:10:41.281+00",31256,"5"
"2021-08-02 06:10:41.281+00",264,"3"
"2021-08-02 06:10:41.281+00",19233,"4"
"2021-08-02 06:11:11.281+00",264,"3"
"2021-08-02 06:11:11.281+00",19233,"4"
"2021-08-02 06:11:11.281+00",19233,"2"
"2021-08-02 06:11:11.281+00",31256,"5"
"2021-08-02 06:11:11.281+00",19233,"0"
"2021-08-02 06:11:11.281+00",19233,"1"
"2021-08-02 06:11:41.281+00",31256,"5"
"2021-08-02 06:11:41.281+00",264,"3"
"2021-08-02 06:11:41.281+00",19233,"1"
"2021-08-02 06:11:41.281+00",19233,"4"
"2021-08-02 06:11:41.281+00",19233,"2"
"2021-08-02 06:11:41.281+00",19233,"0"
"2021-08-02 06:12:11.281+00",12527,"5"
"2021-08-02 06:12:11.281+00",4580,"0"
"2021-08-02 06:12:11.281+00",504,"2"
"2021-08-02 06:12:11.281+00",4580,"4"
"2021-08-02 06:12:11.281+00",15510,"1"
"2021-08-02 06:12:11.281+00",504,"3"
"2021-08-02 06:12:41.281+00",55482,"4"
"2021-08-02 06:12:41.281+00",55482,"0"
"2021-08-02 06:12:41.281+00",63616,"5"
"2021-08-02 06:12:41.281+00",33463,"3"
"2021-08-02 06:12:41.281+00",66412,"1"
"2021-08-02 06:12:41.281+00",41067,"2"
"2021-08-02 06:13:11.281+00",132216,"5"
"2021-08-02 06:13:11.281+00",66432,"3"
"2021-08-02 06:13:11.281+00",133826,"1"
"2021-08-02 06:13:11.281+00",122896,"4"
"2021-08-02 06:13:11.281+00",89249,"2"
"2021-08-02 06:13:11.281+00",122896,"0"
"2021-08-02 06:13:41.281+00",70195,"1"
"2021-08-02 06:13:41.281+00",72530,"5"
"2021-08-02 06:13:41.281+00",33452,"3"
"2021-08-02 06:13:41.281+00",59265,"4"
"2021-08-02 06:13:41.281+00",44861,"2"
"2021-08-02 06:13:41.281+00",59265,"0"
"2021-08-02 06:14:11.281+00",46552,"4"
"2021-08-02 06:14:11.281+00",54631,"5"
"2021-08-02 06:14:11.281+00",33465,"3"
"2021-08-02 06:14:11.281+00",57482,"1"
"2021-08-02 06:14:11.281+00",37275,"2"
"2021-08-02 06:14:11.281+00",46552,"0"
"2021-08-02 06:14:41.281+00",70183,"1"
"2021-08-02 06:14:41.281+00",44853,"2"
"2021-08-02 06:14:41.281+00",59253,"4"
"2021-08-02 06:14:41.281+00",72516,"5"
"2021-08-02 06:14:41.281+00",33454,"3"
"2021-08-02 06:14:41.281+00",59253,"0"
"2021-08-02 06:15:11.281+00",132128,"5"
"2021-08-02 06:15:11.281+00",117629,"4"
"2021-08-02 06:15:11.281+00",89202,"2"
"2021-08-02 06:15:11.281+00",117629,"0"
"2021-08-02 06:15:11.281+00",128559,"1"
"2021-08-02 06:15:11.281+00",66397,"3"
"2021-08-02 06:15:41.281+00",37547,"0"
"2021-08-02 06:15:41.281+00",45493,"5"
"2021-08-02 06:15:41.281+00",33470,"3"
"2021-08-02 06:15:41.281+00",48477,"1"
"2021-08-02 06:15:41.281+00",37547,"4"
"2021-08-02 06:15:41.281+00",33470,"2"
"2021-08-02 06:16:11.281+00",66409,"1"
"2021-08-02 06:16:11.281+00",55479,"4"
"2021-08-02 06:16:11.281+00",41064,"2"
"2021-08-02 06:16:11.281+00",55479,"0"
"2021-08-02 06:16:11.281+00",63633,"5"
"2021-08-02 06:16:11.281+00",33459,"3"
"2021-08-02 06:16:41.281+00",43289,"1"
"2021-08-02 06:16:41.281+00",32359,"0"
"2021-08-02 06:16:41.281+00",28281,"2"
"2021-08-02 06:16:41.281+00",32359,"4"
"2021-08-02 06:16:41.281+00",33466,"3"
"2021-08-02 06:16:41.281+00",40304,"5"
"2021-08-02 06:17:11.281+00",108737,"4"
"2021-08-02 06:17:11.281+00",108737,"0"
"2021-08-02 06:17:11.281+00",120760,"1"
"2021-08-02 06:17:11.281+00",61264,"3"
"2021-08-02 06:17:11.281+00",117929,"5"
"2021-08-02 06:17:11.281+00",80288,"2"
"2021-08-02 06:17:41.281+00",528,"2"
"2021-08-02 06:17:41.281+00",528,"4"
"2021-08-02 06:17:41.281+00",12551,"5"
"2021-08-02 06:17:41.281+00",528,"3"
"2021-08-02 06:17:41.281+00",12551,"1"
"2021-08-02 06:17:41.281+00",528,"0"
"2021-08-02 06:18:11.281+00",528,"2"
"2021-08-02 06:18:11.281+00",528,"4"
"2021-08-02 06:18:11.281+00",12551,"1"
"2021-08-02 06:18:11.281+00",528,"3"
"2021-08-02 06:18:11.281+00",12551,"5"
"2021-08-02 06:18:11.281+00",528,"0"
"2021-08-02 06:18:41.281+00",528,"3"
"2021-08-02 06:18:41.281+00",528,"2"
"2021-08-02 06:18:41.281+00",528,"4"
"2021-08-02 06:18:41.281+00",12551,"1"
"2021-08-02 06:18:41.281+00",12551,"5"
"2021-08-02 06:18:41.281+00",528,"0"
"2021-08-02 06:19:11.281+00",12551,"5"
"2021-08-02 06:19:11.281+00",528,"2"
"2021-08-02 06:19:11.281+00",528,"0"
"2021-08-02 06:19:11.281+00",12551,"1"
"2021-08-02 06:19:11.281+00",528,"3"
"2021-08-02 06:19:11.281+00",528,"4"
"2021-08-02 06:19:41.281+00",528,"2"
"2021-08-02 06:19:41.281+00",528,"4"
"2021-08-02 06:19:41.281+00",528,"3"
"2021-08-02 06:19:41.281+00",528,"0"
"2021-08-02 06:19:41.281+00",12551,"5"
"2021-08-02 06:19:41.281+00",12551,"1"
"2021-08-02 06:20:11.281+00",528,"0"
"2021-08-02 06:20:11.281+00",12551,"5"
"2021-08-02 06:20:11.281+00",528,"4"
"2021-08-02 06:20:11.281+00",12551,"1"
"2021-08-02 06:20:11.281+00",528,"3"
"2021-08-02 06:20:11.281+00",528,"2"
"2021-08-02 06:20:41.281+00",528,"2"
"2021-08-02 06:20:41.281+00",528,"3"
"2021-08-02 06:20:41.281+00",528,"0"
"2021-08-02 06:20:41.281+00",12551,"5"
"2021-08-02 06:20:41.281+00",12551,"1"
"2021-08-02 06:20:41.281+00",528,"4"
"2021-08-02 06:21:11.281+00",528,"2"
"2021-08-02 06:21:11.281+00",528,"4"
"2021-08-02 06:21:11.281+00",12551,"1"
"2021-08-02 06:21:11.281+00",528,"3"
"2021-08-02 06:21:11.281+00",12551,"5"
"2021-08-02 06:21:11.281+00",528,"0"
"2021-08-02 06:21:41.281+00",528,"4"
"2021-08-02 06:21:41.281+00",528,"3"
"2021-08-02 06:21:41.281+00",12551,"1"
"2021-08-02 06:21:41.281+00",528,"2"
"2021-08-02 06:21:41.281+00",528,"0"
"2021-08-02 06:21:41.281+00",12551,"5"
"2021-08-02 06:22:11.281+00",528,"4"
"2021-08-02 06:22:11.281+00",528,"3"
"2021-08-02 06:22:11.281+00",12551,"1"
"2021-08-02 06:22:11.281+00",528,"0"
"2021-08-02 06:22:11.281+00",12551,"5"
"2021-08-02 06:22:11.281+00",528,"2"
"2021-08-02 06:22:41.281+00",528,"2"
"2021-08-02 06:22:41.281+00",12551,"1"
"2021-08-02 06:22:41.281+00",528,"0"
"2021-08-02 06:22:41.281+00",528,"4"
"2021-08-02 06:22:41.281+00",12551,"5"
"2021-08-02 06:22:41.281+00",528,"3"
"2021-08-02 06:23:11.281+00",528,"2"
"2021-08-02 06:23:11.281+00",12551,"1"
"2021-08-02 06:23:11.281+00",528,"3"
"2021-08-02 06:23:11.281+00",12551,"5"
"2021-08-02 06:23:11.281+00",528,"0"
"2021-08-02 06:23:11.281+00",528,"4"
"2021-08-02 06:23:41.281+00",12551,"5"
"2021-08-02 06:23:41.281+00",528,"3"
"2021-08-02 06:23:41.281+00",528,"0"
"2021-08-02 06:23:41.281+00",528,"2"
"2021-08-02 06:23:41.281+00",528,"4"
"2021-08-02 06:23:41.281+00",12551,"1"
"2021-08-02 06:24:11.281+00",528,"0"
"2021-08-02 06:24:11.281+00",528,"2"
"2021-08-02 06:24:11.281+00",528,"4"
"2021-08-02 06:24:11.281+00",12551,"1"
"2021-08-02 06:24:11.281+00",528,"3"
"2021-08-02 06:24:11.281+00",12551,"5"
"2021-08-02 06:24:41.281+00",528,"3"
"2021-08-02 06:24:41.281+00",12551,"1"
"2021-08-02 06:24:41.281+00",12551,"5"
"2021-08-02 06:24:41.281+00",528,"0"
"2021-08-02 06:24:41.281+00",528,"2"
"2021-08-02 06:24:41.281+00",528,"4"
"2021-08-02 06:25:11.281+00",528,"3"
"2021-08-02 06:25:11.281+00",12551,"1"
"2021-08-02 06:25:11.281+00",12551,"5"
"2021-08-02 06:25:11.281+00",528,"4"
"2021-08-02 06:25:11.281+00",528,"2"
"2021-08-02 06:25:11.281+00",528,"0"
"2021-08-02 06:25:41.281+00",528,"0"
"2021-08-02 06:25:41.281+00",12551,"5"
"2021-08-02 06:25:41.281+00",528,"3"
"2021-08-02 06:25:41.281+00",12551,"1"
"2021-08-02 06:25:41.281+00",528,"4"
"2021-08-02 06:25:41.281+00",528,"2"
"2021-08-02 06:26:11.281+00",22923,"2"
"2021-08-02 06:26:11.281+00",528,"3"
"2021-08-02 06:26:11.281+00",20878,"1"
"2021-08-02 06:26:11.281+00",32824,"5"
"2021-08-02 06:26:11.281+00",8855,"4"
"2021-08-02 06:26:11.281+00",32747,"0"
"2021-08-02 06:26:41.281+00",64758,"1"
"2021-08-02 06:26:41.281+00",89132,"5"
"2021-08-02 06:26:41.281+00",33680,"3"
"2021-08-02 06:26:41.281+00",102738,"0"
"2021-08-02 06:26:41.281+00",89140,"2"
"2021-08-02 06:26:41.281+00",52735,"4"
"2021-08-02 06:27:11.281+00",33680,"3"
"2021-08-02 06:27:11.281+00",130270,"0"
"2021-08-02 06:27:11.281+00",106708,"2"
"2021-08-02 06:27:11.281+00",60340,"4"
"2021-08-02 06:27:11.281+00",106700,"5"
"2021-08-02 06:27:11.281+00",72363,"1"
"2021-08-02 06:27:41.281+00",88117,"4"
"2021-08-02 06:27:41.281+00",100140,"1"
"2021-08-02 06:27:41.281+00",61449,"3"
"2021-08-02 06:27:41.281+00",138518,"5"
"2021-08-02 06:27:41.281+00",162032,"0"
"2021-08-02 06:27:41.281+00",138526,"2"
"2021-08-02 06:28:11.281+00",102877,"5"
"2021-08-02 06:28:11.281+00",121514,"0"
"2021-08-02 06:28:11.281+00",102885,"2"
"2021-08-02 06:28:11.281+00",56531,"4"
"2021-08-02 06:28:11.281+00",68554,"1"
"2021-08-02 06:28:11.281+00",33678,"3"
"2021-08-02 06:28:41.281+00",93761,"0"
"2021-08-02 06:28:41.281+00",85302,"5"
"2021-08-02 06:28:41.281+00",33672,"3"
"2021-08-02 06:28:41.281+00",60944,"1"
"2021-08-02 06:28:41.281+00",48921,"4"
"2021-08-02 06:28:41.281+00",85310,"2"
"2021-08-02 06:29:11.281+00",60121,"0"
"2021-08-02 06:29:11.281+00",62186,"5"
"2021-08-02 06:29:11.281+00",28497,"3"
"2021-08-02 06:29:11.281+00",48151,"1"
"2021-08-02 06:29:11.281+00",36128,"4"
"2021-08-02 06:29:11.281+00",62194,"2"
"2021-08-02 06:29:41.281+00",72360,"1"
"2021-08-02 06:29:41.281+00",60337,"4"
"2021-08-02 06:29:41.281+00",106692,"2"
"2021-08-02 06:29:41.281+00",130228,"0"
"2021-08-02 06:29:41.281+00",106684,"5"
"2021-08-02 06:29:41.281+00",33674,"3"
"2021-08-02 06:30:11.281+00",45111,"4"
"2021-08-02 06:30:11.281+00",57134,"1"
"2021-08-02 06:30:11.281+00",79633,"0"
"2021-08-02 06:30:11.281+00",76386,"2"
"2021-08-02 06:30:11.281+00",33670,"3"
"2021-08-02 06:30:11.281+00",76378,"5"
"2021-08-02 06:30:41.281+00",124341,"1"
"2021-08-02 06:30:41.281+00",112318,"4"
"2021-08-02 06:30:41.281+00",183049,"2"
"2021-08-02 06:30:41.281+00",232205,"0"
"2021-08-02 06:30:41.281+00",183041,"5"
"2021-08-02 06:30:41.281+00",66625,"3"
"2021-08-02 06:31:11.284+00",125081,"2"
"2021-08-02 06:31:11.284+00",97744,"1"
"2021-08-02 06:31:11.284+00",66688,"3"
"2021-08-02 06:31:11.284+00",139748,"0"
"2021-08-02 06:31:11.284+00",126174,"5"
"2021-08-02 06:31:11.284+00",85721,"4"
"2021-08-02 06:31:41.281+00",66688,"3"
"2021-08-02 06:31:41.281+00",126174,"5"
"2021-08-02 06:31:41.281+00",139748,"0"
"2021-08-02 06:31:41.281+00",125081,"2"
"2021-08-02 06:31:41.281+00",85721,"4"
"2021-08-02 06:31:41.281+00",97744,"1"
"2021-08-02 06:32:11.281+00",66688,"3"
"2021-08-02 06:32:11.281+00",85721,"4"
"2021-08-02 06:32:11.281+00",125081,"2"
"2021-08-02 06:32:11.281+00",139748,"0"
"2021-08-02 06:32:11.281+00",126174,"5"
"2021-08-02 06:32:11.281+00",97744,"1"
"2021-08-02 06:32:41.281+00",125081,"2"
"2021-08-02 06:32:41.281+00",139748,"0"
"2021-08-02 06:32:41.281+00",126174,"5"
"2021-08-02 06:32:41.281+00",66688,"3"
"2021-08-02 06:32:41.281+00",97744,"1"
"2021-08-02 06:32:41.281+00",85721,"4"
"2021-08-02 06:33:11.281+00",97744,"1"
"2021-08-02 06:33:11.281+00",125081,"2"
"2021-08-02 06:33:11.281+00",85721,"4"
"2021-08-02 06:33:11.281+00",66688,"3"
"2021-08-02 06:33:11.281+00",126174,"5"
"2021-08-02 06:33:11.281+00",139748,"0"
"2021-08-02 06:33:41.281+00",126174,"5"
"2021-08-02 06:33:41.281+00",85721,"4"
"2021-08-02 06:33:41.281+00",139748,"0"
"2021-08-02 06:33:41.281+00",125081,"2"
"2021-08-02 06:33:41.281+00",97744,"1"
"2021-08-02 06:33:41.281+00",66688,"3"
"2021-08-02 06:34:11.281+00",97744,"1"
"2021-08-02 06:34:11.281+00",126174,"5"
"2021-08-02 06:34:11.281+00",125081,"2"
"2021-08-02 06:34:11.281+00",85721,"4"
"2021-08-02 06:34:11.281+00",139748,"0"
"2021-08-02 06:34:11.281+00",66688,"3"
"2021-08-02 06:34:41.281+00",85721,"4"
"2021-08-02 06:34:41.281+00",126174,"5"
"2021-08-02 06:34:41.281+00",97744,"1"
"2021-08-02 06:34:41.281+00",139748,"0"
"2021-08-02 06:34:41.281+00",125081,"2"
"2021-08-02 06:34:41.281+00",66688,"3"
