"time","succeeded_jobs"
"2021-08-02 04:15:00.373+00",0
"2021-08-02 04:15:00.373+00",60
"2021-08-02 04:15:00.373+00",0
"2021-08-02 04:15:10.373+00",0
"2021-08-02 04:15:10.373+00",2
"2021-08-02 04:15:10.373+00",60
"2021-08-02 04:15:20.373+00",0
"2021-08-02 04:15:20.373+00",9
"2021-08-02 04:15:20.373+00",nan
"2021-08-02 04:15:30.373+00",0
"2021-08-02 04:15:30.373+00",14
"2021-08-02 04:15:40.373+00",19
"2021-08-02 04:15:40.373+00",0
"2021-08-02 04:15:50.373+00",24
"2021-08-02 04:15:50.373+00",0
"2021-08-02 04:16:00.373+00",29
"2021-08-02 04:16:00.373+00",0
"2021-08-02 04:16:10.38+00",34
"2021-08-02 04:16:10.38+00",0
"2021-08-02 04:16:20.373+00",0
"2021-08-02 04:16:20.373+00",39
"2021-08-02 04:16:30.373+00",44
"2021-08-02 04:16:30.373+00",0
"2021-08-02 04:16:40.373+00",0
"2021-08-02 04:16:40.373+00",49
"2021-08-02 04:16:50.373+00",54
"2021-08-02 04:16:50.373+00",0
"2021-08-02 04:17:00.373+00",0
"2021-08-02 04:17:00.373+00",59
"2021-08-02 04:17:10.373+00",0
"2021-08-02 04:17:10.373+00",60
"2021-08-02 04:17:20.373+00",nan
"2021-08-02 04:17:20.373+00",60
"2021-08-02 04:17:30.373+00",60
"2021-08-02 04:17:40.373+00",60
"2021-08-02 04:17:50.373+00",60
"2021-08-02 04:18:00.381+00",60
"2021-08-02 04:18:10.373+00",60
"2021-08-02 04:18:20.373+00",60
"2021-08-02 04:18:30.382+00",60
"2021-08-02 04:18:40.373+00",60
"2021-08-02 04:18:50.373+00",60
"2021-08-02 04:19:00.373+00",60
"2021-08-02 04:19:10.373+00",60
"2021-08-02 04:19:20.373+00",60
"2021-08-02 04:19:30.373+00",60
"2021-08-02 04:19:40.373+00",60
"2021-08-02 04:19:50.373+00",60
"2021-08-02 04:20:00.373+00",60
"2021-08-02 04:20:10.373+00",60
"2021-08-02 04:20:20.373+00",60
"2021-08-02 04:20:30.373+00",60
"2021-08-02 04:20:40.373+00",60
"2021-08-02 04:20:50.373+00",60
"2021-08-02 04:21:00.373+00",60
"2021-08-02 04:21:10.373+00",60
"2021-08-02 04:21:20.376+00",60
"2021-08-02 04:21:30.377+00",60
"2021-08-02 04:21:40.373+00",60
"2021-08-02 04:21:50.373+00",60
"2021-08-02 04:22:00.373+00",60
"2021-08-02 04:22:10.373+00",60
"2021-08-02 04:22:20.373+00",60
"2021-08-02 04:22:30.373+00",60
"2021-08-02 04:22:40.373+00",63
"2021-08-02 04:22:50.373+00",68
"2021-08-02 04:23:00.373+00",73
"2021-08-02 04:23:10.373+00",78
"2021-08-02 04:23:20.373+00",83
"2021-08-02 04:23:30.376+00",88
"2021-08-02 04:23:40.373+00",93
"2021-08-02 04:23:50.373+00",98
"2021-08-02 04:24:00.373+00",103
"2021-08-02 04:24:10.373+00",108
"2021-08-02 04:24:20.373+00",113
"2021-08-02 04:24:30.373+00",118
"2021-08-02 04:24:40.373+00",123
"2021-08-02 04:24:50.373+00",128
"2021-08-02 04:25:00.373+00",133
"2021-08-02 04:25:10.373+00",138
"2021-08-02 04:25:20.373+00",143
"2021-08-02 04:25:30.373+00",148
"2021-08-02 04:25:40.373+00",153
"2021-08-02 04:25:50.373+00",158
"2021-08-02 04:26:00.373+00",163
"2021-08-02 04:26:10.373+00",168
"2021-08-02 04:26:20.373+00",173
"2021-08-02 04:26:30.373+00",178
"2021-08-02 04:26:40.373+00",183
"2021-08-02 04:26:50.373+00",188
"2021-08-02 04:27:00.385+00",193
"2021-08-02 04:27:10.373+00",198
"2021-08-02 04:27:20.373+00",203
"2021-08-02 04:27:30.373+00",208
"2021-08-02 04:27:40.373+00",210
"2021-08-02 04:27:50.373+00",210
"2021-08-02 04:28:00.373+00",210
"2021-08-02 04:28:10.373+00",210
"2021-08-02 04:28:20.373+00",210
"2021-08-02 04:28:30.373+00",210
"2021-08-02 04:28:40.383+00",210
"2021-08-02 04:28:50.373+00",210
"2021-08-02 04:29:00.377+00",210
"2021-08-02 04:29:10.373+00",210
"2021-08-02 04:29:20.373+00",210
"2021-08-02 04:29:30.373+00",210
"2021-08-02 04:29:40.373+00",210
"2021-08-02 04:29:50.373+00",210
"2021-08-02 04:30:00.373+00",210
"2021-08-02 04:30:10.373+00",210
"2021-08-02 04:30:20.373+00",210
"2021-08-02 04:30:30.373+00",210
"2021-08-02 04:30:40.373+00",210
"2021-08-02 04:30:50.373+00",210
"2021-08-02 04:31:00.373+00",210
"2021-08-02 04:31:10.373+00",210
"2021-08-02 04:31:20.373+00",210
"2021-08-02 04:31:30.373+00",210
"2021-08-02 04:31:40.373+00",210
"2021-08-02 04:31:50.373+00",210
"2021-08-02 04:32:00.373+00",210
"2021-08-02 04:32:10.373+00",210
"2021-08-02 04:32:20.373+00",210
"2021-08-02 04:32:30.373+00",210
"2021-08-02 04:32:40.373+00",210
"2021-08-02 04:32:50.373+00",210
"2021-08-02 04:33:00.373+00",210
"2021-08-02 04:33:10.373+00",210
"2021-08-02 04:33:20.373+00",210
"2021-08-02 04:33:30.373+00",210
"2021-08-02 04:33:40.373+00",210
"2021-08-02 04:33:50.373+00",210
"2021-08-02 04:34:00.373+00",210
"2021-08-02 04:34:10.373+00",210
"2021-08-02 04:34:20.373+00",210
"2021-08-02 04:34:30.373+00",210
"2021-08-02 04:34:40.373+00",210
"2021-08-02 04:34:50.373+00",210
"2021-08-02 04:35:00.373+00",210
"2021-08-02 04:35:10.373+00",210
"2021-08-02 04:35:20.373+00",210
"2021-08-02 04:35:30.373+00",210
"2021-08-02 04:35:40.373+00",210
"2021-08-02 04:35:50.382+00",210
"2021-08-02 04:36:00.373+00",210
"2021-08-02 04:36:10.373+00",210
"2021-08-02 04:36:20.373+00",210
"2021-08-02 04:36:30.373+00",210
"2021-08-02 04:36:40.373+00",213
"2021-08-02 04:36:50.373+00",218
"2021-08-02 04:37:00.373+00",223
"2021-08-02 04:37:10.373+00",228
"2021-08-02 04:37:20.373+00",233
"2021-08-02 04:37:30.373+00",238
"2021-08-02 04:37:40.373+00",243
"2021-08-02 04:37:50.373+00",248
"2021-08-02 04:38:00.378+00",253
"2021-08-02 04:38:10.373+00",258
"2021-08-02 04:38:20.373+00",263
"2021-08-02 04:38:30.373+00",268
"2021-08-02 04:38:40.373+00",273
"2021-08-02 04:38:50.373+00",278
"2021-08-02 04:39:00.373+00",283
"2021-08-02 04:39:10.373+00",288
"2021-08-02 04:39:20.373+00",293
"2021-08-02 04:39:30.373+00",298
"2021-08-02 04:39:40.373+00",303
"2021-08-02 04:39:50.373+00",308
"2021-08-02 04:40:00.373+00",313
"2021-08-02 04:40:10.386+00",318
"2021-08-02 04:40:20.373+00",323
"2021-08-02 04:40:30.373+00",328
"2021-08-02 04:40:40.373+00",333
"2021-08-02 04:40:50.373+00",338
"2021-08-02 04:41:00.373+00",343
"2021-08-02 04:41:10.373+00",348
"2021-08-02 04:41:20.373+00",353
"2021-08-02 04:41:30.373+00",358
"2021-08-02 04:41:40.373+00",360
"2021-08-02 04:41:50.379+00",360
"2021-08-02 04:42:00.376+00",360
"2021-08-02 04:42:10.373+00",360
"2021-08-02 04:42:20.376+00",360
"2021-08-02 04:42:30.373+00",360
"2021-08-02 04:42:40.373+00",360
"2021-08-02 04:42:50.373+00",360
"2021-08-02 04:43:00.373+00",360
"2021-08-02 04:43:10.373+00",360
"2021-08-02 04:43:20.373+00",360
"2021-08-02 04:43:30.373+00",360
"2021-08-02 04:43:40.373+00",360
"2021-08-02 04:43:50.373+00",360
"2021-08-02 04:44:00.373+00",360
"2021-08-02 04:44:10.373+00",360
"2021-08-02 04:44:20.373+00",360
"2021-08-02 04:44:30.373+00",360
"2021-08-02 04:44:40.373+00",360
"2021-08-02 04:44:50.373+00",360
"2021-08-02 04:45:00.373+00",360
"2021-08-02 04:45:10.373+00",360
"2021-08-02 04:45:20.373+00",360
"2021-08-02 04:45:30.373+00",360
"2021-08-02 04:45:40.373+00",360
"2021-08-02 04:45:50.373+00",360
"2021-08-02 04:46:00.373+00",360
"2021-08-02 04:46:10.373+00",360
"2021-08-02 04:46:20.373+00",360
"2021-08-02 04:46:30.373+00",360
"2021-08-02 04:46:40.373+00",360
"2021-08-02 04:46:50.373+00",360
"2021-08-02 04:47:00.373+00",360
"2021-08-02 04:47:10.373+00",360
"2021-08-02 04:47:20.377+00",360
"2021-08-02 04:47:30.373+00",360
"2021-08-02 04:47:40.373+00",360
"2021-08-02 04:47:50.373+00",360
"2021-08-02 04:48:00.373+00",360
"2021-08-02 04:48:10.373+00",361
"2021-08-02 04:48:20.373+00",366
"2021-08-02 04:48:30.373+00",372
"2021-08-02 04:48:40.373+00",377
"2021-08-02 04:48:50.373+00",382
"2021-08-02 04:49:00.373+00",387
"2021-08-02 04:49:10.373+00",392
"2021-08-02 04:49:20.373+00",397
"2021-08-02 04:49:30.373+00",402
"2021-08-02 04:49:40.373+00",407
"2021-08-02 04:49:50.373+00",412
"2021-08-02 04:50:00.373+00",417
"2021-08-02 04:50:10.373+00",422
"2021-08-02 04:50:20.373+00",427
"2021-08-02 04:50:30.373+00",432
"2021-08-02 04:50:40.373+00",437
"2021-08-02 04:50:50.373+00",442
"2021-08-02 04:51:00.373+00",447
"2021-08-02 04:51:10.373+00",452
"2021-08-02 04:51:20.373+00",457
"2021-08-02 04:51:30.373+00",462
"2021-08-02 04:51:40.382+00",467
"2021-08-02 04:51:50.373+00",472
"2021-08-02 04:52:00.373+00",477
"2021-08-02 04:52:10.373+00",482
"2021-08-02 04:52:20.373+00",487
"2021-08-02 04:52:30.373+00",492
"2021-08-02 04:52:40.373+00",497
"2021-08-02 04:52:50.373+00",502
"2021-08-02 04:53:00.373+00",507
"2021-08-02 04:53:10.373+00",510
"2021-08-02 04:53:20.373+00",510
"2021-08-02 04:53:30.373+00",510
"2021-08-02 04:53:40.373+00",510
"2021-08-02 04:53:50.373+00",510
"2021-08-02 04:54:00.373+00",510
"2021-08-02 04:54:10.373+00",510
"2021-08-02 04:54:20.373+00",510
"2021-08-02 04:54:30.379+00",510
"2021-08-02 04:54:40.373+00",510
"2021-08-02 04:54:50.373+00",510
"2021-08-02 04:55:00.373+00",510
"2021-08-02 04:55:10.373+00",510
"2021-08-02 04:55:20.373+00",510
"2021-08-02 04:55:30.373+00",510
"2021-08-02 04:55:40.373+00",510
"2021-08-02 04:55:50.378+00",510
"2021-08-02 04:56:00.373+00",510
"2021-08-02 04:56:10.373+00",510
"2021-08-02 04:56:20.373+00",510
"2021-08-02 04:56:30.373+00",510
"2021-08-02 04:56:40.373+00",510
"2021-08-02 04:56:50.373+00",510
"2021-08-02 04:57:00.373+00",510
"2021-08-02 04:57:10.373+00",510
"2021-08-02 04:57:20.373+00",510
"2021-08-02 04:57:30.373+00",510
"2021-08-02 04:57:40.373+00",510
"2021-08-02 04:57:50.373+00",510
"2021-08-02 04:58:00.373+00",510
"2021-08-02 04:58:10.375+00",510
"2021-08-02 04:58:20.373+00",510
"2021-08-02 04:58:30.373+00",510
"2021-08-02 04:58:40.377+00",510
"2021-08-02 04:58:50.373+00",510
"2021-08-02 04:59:00.373+00",510
"2021-08-02 04:59:10.373+00",510
"2021-08-02 04:59:20.373+00",510
"2021-08-02 04:59:30.373+00",510
"2021-08-02 04:59:40.373+00",510
"2021-08-02 04:59:50.373+00",510
"2021-08-02 05:00:00.376+00",510
"2021-08-02 05:00:10.373+00",510
"2021-08-02 05:00:20.373+00",510
"2021-08-02 05:00:30.373+00",510
"2021-08-02 05:00:40.373+00",510
"2021-08-02 05:00:50.373+00",510
"2021-08-02 05:01:00.373+00",510
"2021-08-02 05:01:10.373+00",510
"2021-08-02 05:01:20.373+00",510
"2021-08-02 05:01:30.373+00",510
"2021-08-02 05:01:40.373+00",510
"2021-08-02 05:01:50.373+00",510
"2021-08-02 05:02:00.373+00",510
"2021-08-02 05:02:10.373+00",510
"2021-08-02 05:02:20.373+00",510
"2021-08-02 05:02:30.373+00",510
"2021-08-02 05:02:40.373+00",510
"2021-08-02 05:02:50.373+00",510
"2021-08-02 05:03:00.373+00",510
"2021-08-02 05:03:10.373+00",510
"2021-08-02 05:03:20.373+00",510
"2021-08-02 05:03:30.394+00",510
"2021-08-02 05:03:40.373+00",510
"2021-08-02 05:03:50.373+00",510
"2021-08-02 05:04:00.393+00",510
"2021-08-02 05:04:10.373+00",510
"2021-08-02 05:04:20.373+00",510
"2021-08-02 05:04:30.373+00",510
"2021-08-02 05:04:40.373+00",510
"2021-08-02 05:04:50.373+00",510
"2021-08-02 05:05:00.373+00",510
"2021-08-02 05:05:10.373+00",510
"2021-08-02 05:05:20.373+00",510
"2021-08-02 05:05:30.373+00",510
"2021-08-02 05:05:40.373+00",510
"2021-08-02 05:05:50.38+00",510
"2021-08-02 05:06:00.373+00",510
"2021-08-02 05:06:10.373+00",510
"2021-08-02 05:06:20.373+00",510
"2021-08-02 05:06:30.373+00",510
"2021-08-02 05:06:40.385+00",510
"2021-08-02 05:06:50.373+00",510
"2021-08-02 05:07:00.373+00",510
"2021-08-02 05:07:10.373+00",519
"2021-08-02 05:07:20.373+00",532
"2021-08-02 05:07:30.373+00",543
"2021-08-02 05:07:40.373+00",554
"2021-08-02 05:07:50.373+00",567
"2021-08-02 05:08:00.373+00",576
"2021-08-02 05:08:10.373+00",589
"2021-08-02 05:08:20.373+00",598
"2021-08-02 05:08:30.373+00",611
"2021-08-02 05:08:40.373+00",620
"2021-08-02 05:08:50.373+00",631
"2021-08-02 05:09:00.373+00",642
"2021-08-02 05:09:10.373+00",655
"2021-08-02 05:09:20.373+00",664
"2021-08-02 05:09:30.373+00",677
"2021-08-02 05:09:40.373+00",686
"2021-08-02 05:09:50.373+00",697
"2021-08-02 05:10:00.373+00",708
"2021-08-02 05:10:10.373+00",719
"2021-08-02 05:10:20.373+00",732
"2021-08-02 05:10:30.373+00",743
"2021-08-02 05:10:40.373+00",754
"2021-08-02 05:10:50.373+00",763
"2021-08-02 05:11:00.373+00",776
"2021-08-02 05:11:10.373+00",787
"2021-08-02 05:11:20.373+00",798
"2021-08-02 05:11:30.373+00",807
"2021-08-02 05:11:40.373+00",818
"2021-08-02 05:11:50.373+00",829
"2021-08-02 05:12:00.373+00",839
"2021-08-02 05:12:10.373+00",839
"2021-08-02 05:12:20.373+00",839
"2021-08-02 05:12:30.373+00",839
"2021-08-02 05:12:40.373+00",839
"2021-08-02 05:12:50.381+00",839
"2021-08-02 05:13:00.373+00",839
"2021-08-02 05:13:10.373+00",839
"2021-08-02 05:13:20.381+00",839
"2021-08-02 05:13:30.373+00",839
"2021-08-02 05:13:40.373+00",839
"2021-08-02 05:13:50.373+00",839
"2021-08-02 05:14:00.373+00",839
"2021-08-02 05:14:10.373+00",839
"2021-08-02 05:14:20.373+00",839
"2021-08-02 05:14:30.373+00",839
"2021-08-02 05:14:40.373+00",839
"2021-08-02 05:14:50.373+00",839
"2021-08-02 05:15:00.373+00",839
"2021-08-02 05:15:10.373+00",839
"2021-08-02 05:15:20.373+00",839
"2021-08-02 05:15:30.373+00",839
"2021-08-02 05:15:40.373+00",839
"2021-08-02 05:15:50.373+00",839
"2021-08-02 05:16:00.373+00",839
"2021-08-02 05:16:10.373+00",839
"2021-08-02 05:16:20.373+00",839
"2021-08-02 05:16:30.373+00",839
"2021-08-02 05:16:40.378+00",839
"2021-08-02 05:16:50.373+00",839
"2021-08-02 05:17:00.373+00",839
"2021-08-02 05:17:10.373+00",839
"2021-08-02 05:17:20.373+00",839
"2021-08-02 05:17:30.373+00",839
"2021-08-02 05:17:40.373+00",839
"2021-08-02 05:17:50.376+00",839
"2021-08-02 05:18:00.373+00",839
"2021-08-02 05:18:10.373+00",839
"2021-08-02 05:18:20.373+00",839
"2021-08-02 05:18:30.373+00",839
"2021-08-02 05:18:40.373+00",839
"2021-08-02 05:18:50.373+00",839
"2021-08-02 05:19:00.373+00",839
"2021-08-02 05:19:10.373+00",839
"2021-08-02 05:19:20.373+00",839
"2021-08-02 05:19:30.373+00",839
"2021-08-02 05:19:40.373+00",839
"2021-08-02 05:19:50.373+00",839
"2021-08-02 05:20:00.373+00",839
"2021-08-02 05:20:10.373+00",839
"2021-08-02 05:20:20.373+00",839
"2021-08-02 05:20:30.373+00",839
"2021-08-02 05:20:40.373+00",839
"2021-08-02 05:20:50.373+00",839
"2021-08-02 05:21:00.373+00",839
"2021-08-02 05:21:10.373+00",839
"2021-08-02 05:21:20.373+00",839
"2021-08-02 05:21:30.373+00",839
"2021-08-02 05:21:40.388+00",839
"2021-08-02 05:21:50.373+00",839
"2021-08-02 05:22:00.373+00",839
"2021-08-02 05:22:10.373+00",840
"2021-08-02 05:22:20.373+00",840
"2021-08-02 05:22:30.373+00",840
"2021-08-02 05:22:40.373+00",840
"2021-08-02 05:22:50.373+00",840
"2021-08-02 05:23:00.373+00",840
"2021-08-02 05:23:10.373+00",840
"2021-08-02 05:23:20.373+00",840
"2021-08-02 05:23:30.373+00",840
"2021-08-02 05:23:40.373+00",840
"2021-08-02 05:23:50.373+00",840
"2021-08-02 05:24:00.373+00",840
"2021-08-02 05:24:10.373+00",840
"2021-08-02 05:24:20.373+00",841
"2021-08-02 05:24:30.373+00",841
"2021-08-02 05:24:40.373+00",841
"2021-08-02 05:24:50.373+00",841
"2021-08-02 05:25:00.373+00",841
"2021-08-02 05:25:10.373+00",841
"2021-08-02 05:25:20.373+00",841
"2021-08-02 05:25:30.373+00",841
"2021-08-02 05:25:40.373+00",841
"2021-08-02 05:25:50.373+00",841
"2021-08-02 05:26:00.373+00",841
"2021-08-02 05:26:10.373+00",841
"2021-08-02 05:26:20.373+00",841
"2021-08-02 05:26:30.373+00",841
"2021-08-02 05:26:40.373+00",841
"2021-08-02 05:26:50.373+00",841
"2021-08-02 05:27:00.373+00",841
"2021-08-02 05:27:10.373+00",841
"2021-08-02 05:27:20.373+00",841
"2021-08-02 05:27:30.373+00",841
"2021-08-02 05:27:40.373+00",841
"2021-08-02 05:27:50.373+00",841
"2021-08-02 05:28:00.373+00",841
"2021-08-02 05:28:10.373+00",841
"2021-08-02 05:28:20.373+00",841
"2021-08-02 05:28:30.373+00",841
"2021-08-02 05:28:40.373+00",841
"2021-08-02 05:28:50.373+00",841
"2021-08-02 05:29:00.373+00",841
"2021-08-02 05:29:10.373+00",841
"2021-08-02 05:29:20.373+00",841
"2021-08-02 05:29:30.373+00",841
"2021-08-02 05:29:40.373+00",841
"2021-08-02 05:29:50.373+00",841
"2021-08-02 05:30:00.373+00",841
"2021-08-02 05:30:10.373+00",841
"2021-08-02 05:30:20.373+00",841
"2021-08-02 05:30:30.373+00",841
"2021-08-02 05:30:40.373+00",841
"2021-08-02 05:30:50.373+00",841
"2021-08-02 05:31:00.373+00",841
"2021-08-02 05:31:10.373+00",841
"2021-08-02 05:31:20.373+00",841
"2021-08-02 05:31:30.373+00",841
"2021-08-02 05:31:40.373+00",841
"2021-08-02 05:31:50.373+00",841
"2021-08-02 05:32:00.373+00",841
"2021-08-02 05:32:10.373+00",841
"2021-08-02 05:32:20.373+00",841
"2021-08-02 05:32:30.373+00",842
"2021-08-02 05:32:40.373+00",842
"2021-08-02 05:32:50.373+00",842
"2021-08-02 05:33:00.373+00",842
"2021-08-02 05:33:10.373+00",842
"2021-08-02 05:33:20.373+00",842
"2021-08-02 05:33:30.373+00",842
"2021-08-02 05:33:40.373+00",842
"2021-08-02 05:33:50.373+00",842
"2021-08-02 05:34:00.373+00",842
"2021-08-02 05:34:10.373+00",842
"2021-08-02 05:34:20.373+00",842
"2021-08-02 05:34:30.373+00",842
"2021-08-02 05:34:40.373+00",842
"2021-08-02 05:34:50.373+00",843
"2021-08-02 05:35:00.373+00",843
"2021-08-02 05:35:10.373+00",843
"2021-08-02 05:35:20.373+00",843
"2021-08-02 05:35:30.373+00",843
"2021-08-02 05:35:40.373+00",843
"2021-08-02 05:35:50.373+00",843
"2021-08-02 05:36:00.378+00",843
"2021-08-02 05:36:10.373+00",843
"2021-08-02 05:36:20.373+00",843
"2021-08-02 05:36:30.373+00",843
"2021-08-02 05:36:40.38+00",843
"2021-08-02 05:36:50.376+00",843
"2021-08-02 05:37:00.373+00",843
"2021-08-02 05:37:10.373+00",843
"2021-08-02 05:37:20.373+00",843
"2021-08-02 05:37:30.373+00",843
"2021-08-02 05:37:40.373+00",843
"2021-08-02 05:37:50.373+00",843
"2021-08-02 05:38:00.373+00",843
"2021-08-02 05:38:10.373+00",843
"2021-08-02 05:38:20.373+00",843
"2021-08-02 05:38:30.373+00",843
"2021-08-02 05:38:40.373+00",843
"2021-08-02 05:38:50.373+00",843
"2021-08-02 05:39:00.373+00",843
"2021-08-02 05:39:10.381+00",843
"2021-08-02 05:39:20.373+00",843
"2021-08-02 05:39:30.373+00",843
"2021-08-02 05:39:40.373+00",843
"2021-08-02 05:39:50.373+00",843
"2021-08-02 05:40:00.381+00",843
"2021-08-02 05:40:10.373+00",843
"2021-08-02 05:40:20.373+00",843
"2021-08-02 05:40:30.373+00",843
"2021-08-02 05:40:40.373+00",843
"2021-08-02 05:40:50.373+00",843
"2021-08-02 05:41:00.373+00",843
"2021-08-02 05:41:10.382+00",843
"2021-08-02 05:41:20.373+00",843
"2021-08-02 05:41:30.373+00",843
"2021-08-02 05:41:40.373+00",844
"2021-08-02 05:41:50.373+00",844
"2021-08-02 05:42:00.373+00",844
"2021-08-02 05:42:10.373+00",844
"2021-08-02 05:42:20.373+00",844
"2021-08-02 05:42:30.373+00",844
"2021-08-02 05:42:40.373+00",844
"2021-08-02 05:42:50.373+00",844
"2021-08-02 05:43:00.373+00",844
"2021-08-02 05:43:10.373+00",844
"2021-08-02 05:43:20.373+00",844
"2021-08-02 05:43:30.373+00",844
"2021-08-02 05:43:40.373+00",844
"2021-08-02 05:43:50.378+00",844
"2021-08-02 05:44:00.379+00",844
"2021-08-02 05:44:10.373+00",844
"2021-08-02 05:44:20.373+00",844
"2021-08-02 05:44:30.373+00",844
"2021-08-02 05:44:40.373+00",844
"2021-08-02 05:44:50.373+00",844
"2021-08-02 05:45:00.391+00",844
"2021-08-02 05:45:10.373+00",844
"2021-08-02 05:45:20.373+00",844
"2021-08-02 05:45:30.373+00",844
"2021-08-02 05:45:40.373+00",844
"2021-08-02 05:45:50.373+00",844
"2021-08-02 05:46:00.373+00",844
"2021-08-02 05:46:10.373+00",844
"2021-08-02 05:46:20.376+00",844
"2021-08-02 05:46:30.373+00",844
"2021-08-02 05:46:40.373+00",844
"2021-08-02 05:46:50.373+00",844
"2021-08-02 05:47:00.376+00",844
"2021-08-02 05:47:10.373+00",844
"2021-08-02 05:47:20.373+00",844
"2021-08-02 05:47:30.373+00",844
"2021-08-02 05:47:40.375+00",844
"2021-08-02 05:47:50.373+00",844
"2021-08-02 05:48:00.373+00",844
"2021-08-02 05:48:10.373+00",844
"2021-08-02 05:48:20.373+00",845
"2021-08-02 05:48:30.373+00",845
"2021-08-02 05:48:40.373+00",845
"2021-08-02 05:48:50.373+00",845
"2021-08-02 05:49:00.373+00",845
"2021-08-02 05:49:10.373+00",845
"2021-08-02 05:49:20.373+00",845
"2021-08-02 05:49:30.373+00",845
"2021-08-02 05:49:40.375+00",845
"2021-08-02 05:49:50.373+00",845
"2021-08-02 05:50:00.373+00",845
"2021-08-02 05:50:10.373+00",845
"2021-08-02 05:50:20.373+00",845
"2021-08-02 05:50:30.373+00",845
"2021-08-02 05:50:40.373+00",845
"2021-08-02 05:50:50.373+00",845
"2021-08-02 05:51:00.373+00",845
"2021-08-02 05:51:10.373+00",845
"2021-08-02 05:51:20.373+00",845
"2021-08-02 05:51:30.376+00",845
"2021-08-02 05:51:40.373+00",845
"2021-08-02 05:51:50.373+00",845
"2021-08-02 05:52:00.373+00",845
"2021-08-02 05:52:10.373+00",845
"2021-08-02 05:52:20.373+00",845
"2021-08-02 05:52:30.373+00",845
"2021-08-02 05:52:40.373+00",845
"2021-08-02 05:52:50.373+00",845
"2021-08-02 05:53:00.373+00",845
"2021-08-02 05:53:10.373+00",845
"2021-08-02 05:53:20.373+00",845
"2021-08-02 05:53:30.373+00",845
"2021-08-02 05:53:40.373+00",845
"2021-08-02 05:53:50.373+00",845
"2021-08-02 05:54:00.373+00",845
"2021-08-02 05:54:10.373+00",845
"2021-08-02 05:54:20.373+00",845
"2021-08-02 05:54:30.373+00",845
"2021-08-02 05:54:40.373+00",845
"2021-08-02 05:54:50.373+00",846
"2021-08-02 05:55:00.373+00",846
"2021-08-02 05:55:10.373+00",846
"2021-08-02 05:55:20.373+00",846
"2021-08-02 05:55:30.373+00",846
"2021-08-02 05:55:40.373+00",846
"2021-08-02 05:55:50.373+00",846
"2021-08-02 05:56:00.373+00",846
"2021-08-02 05:56:10.373+00",846
"2021-08-02 05:56:20.373+00",846
"2021-08-02 05:56:30.373+00",846
"2021-08-02 05:56:40.373+00",846
"2021-08-02 05:56:50.373+00",846
"2021-08-02 05:57:00.373+00",846
"2021-08-02 05:57:10.373+00",846
"2021-08-02 05:57:20.373+00",846
"2021-08-02 05:57:30.391+00",846
"2021-08-02 05:57:40.373+00",846
"2021-08-02 05:57:50.373+00",846
"2021-08-02 05:58:00.373+00",846
"2021-08-02 05:58:10.373+00",846
"2021-08-02 05:58:20.382+00",846
"2021-08-02 05:58:30.373+00",846
"2021-08-02 05:58:40.373+00",846
"2021-08-02 05:58:50.373+00",846
"2021-08-02 05:59:00.373+00",846
"2021-08-02 05:59:10.373+00",846
"2021-08-02 05:59:20.373+00",846
"2021-08-02 05:59:30.376+00",846
"2021-08-02 05:59:40.373+00",846
"2021-08-02 05:59:50.373+00",846
"2021-08-02 06:00:00.381+00",846
"2021-08-02 06:00:10.373+00",846
"2021-08-02 06:00:20.373+00",846
"2021-08-02 06:00:30.375+00",846
"2021-08-02 06:00:40.373+00",846
"2021-08-02 06:00:50.373+00",846
"2021-08-02 06:01:00.373+00",846
"2021-08-02 06:01:10.373+00",846
"2021-08-02 06:01:20.373+00",846
"2021-08-02 06:01:30.373+00",846
"2021-08-02 06:01:40.373+00",847
"2021-08-02 06:01:50.373+00",847
"2021-08-02 06:02:00.373+00",847
"2021-08-02 06:02:10.382+00",847
"2021-08-02 06:02:20.373+00",847
"2021-08-02 06:02:30.373+00",847
"2021-08-02 06:02:40.373+00",847
"2021-08-02 06:02:50.378+00",847
"2021-08-02 06:03:00.373+00",847
"2021-08-02 06:03:10.373+00",847
"2021-08-02 06:03:20.373+00",847
"2021-08-02 06:03:30.373+00",847
"2021-08-02 06:03:40.373+00",847
"2021-08-02 06:03:50.373+00",847
"2021-08-02 06:04:00.373+00",847
"2021-08-02 06:04:10.375+00",847
"2021-08-02 06:04:20.373+00",847
"2021-08-02 06:04:30.373+00",847
"2021-08-02 06:04:40.373+00",847
"2021-08-02 06:04:50.373+00",847
"2021-08-02 06:05:00.376+00",847
"2021-08-02 06:05:10.373+00",847
"2021-08-02 06:05:20.373+00",847
"2021-08-02 06:05:30.373+00",847
"2021-08-02 06:05:40.373+00",847
"2021-08-02 06:05:50.373+00",847
"2021-08-02 06:06:00.373+00",847
"2021-08-02 06:06:10.373+00",847
"2021-08-02 06:06:20.389+00",847
"2021-08-02 06:06:30.373+00",847
"2021-08-02 06:06:40.373+00",847
"2021-08-02 06:06:50.373+00",847
"2021-08-02 06:07:00.373+00",847
"2021-08-02 06:07:10.378+00",847
"2021-08-02 06:07:20.375+00",847
"2021-08-02 06:07:30.373+00",847
"2021-08-02 06:07:40.373+00",847
"2021-08-02 06:07:50.373+00",847
"2021-08-02 06:08:00.373+00",847
"2021-08-02 06:08:10.373+00",847
"2021-08-02 06:08:20.373+00",847
"2021-08-02 06:08:30.373+00",847
"2021-08-02 06:08:40.373+00",847
"2021-08-02 06:08:50.373+00",847
"2021-08-02 06:09:00.373+00",847
"2021-08-02 06:09:10.373+00",847
"2021-08-02 06:09:20.373+00",847
"2021-08-02 06:09:30.373+00",847
"2021-08-02 06:09:40.373+00",847
"2021-08-02 06:09:50.373+00",847
"2021-08-02 06:10:00.373+00",847
"2021-08-02 06:10:10.378+00",847
"2021-08-02 06:10:20.373+00",847
"2021-08-02 06:10:30.373+00",847
"2021-08-02 06:10:40.373+00",847
"2021-08-02 06:10:50.373+00",847
"2021-08-02 06:11:00.373+00",847
"2021-08-02 06:11:10.373+00",847
"2021-08-02 06:11:20.373+00",847
"2021-08-02 06:11:30.373+00",847
"2021-08-02 06:11:40.373+00",847
"2021-08-02 06:11:50.373+00",847
"2021-08-02 06:12:00.373+00",855
"2021-08-02 06:12:10.373+00",866
"2021-08-02 06:12:20.373+00",877
"2021-08-02 06:12:30.381+00",888
"2021-08-02 06:12:40.373+00",899
"2021-08-02 06:12:50.373+00",910
"2021-08-02 06:13:00.373+00",921
"2021-08-02 06:13:10.373+00",932
"2021-08-02 06:13:20.373+00",943
"2021-08-02 06:13:30.373+00",954
"2021-08-02 06:13:40.373+00",965
"2021-08-02 06:13:50.373+00",976
"2021-08-02 06:14:00.373+00",987
"2021-08-02 06:14:10.373+00",998
"2021-08-02 06:14:20.373+00",1009
"2021-08-02 06:14:30.373+00",1020
"2021-08-02 06:14:40.376+00",1031
"2021-08-02 06:14:50.373+00",1042
"2021-08-02 06:15:00.373+00",1053
"2021-08-02 06:15:10.373+00",1064
"2021-08-02 06:15:20.373+00",1075
"2021-08-02 06:15:30.373+00",1086
"2021-08-02 06:15:40.373+00",1097
"2021-08-02 06:15:50.373+00",1108
"2021-08-02 06:16:00.373+00",1119
"2021-08-02 06:16:10.373+00",1130
"2021-08-02 06:16:20.373+00",1141
"2021-08-02 06:16:30.373+00",1152
"2021-08-02 06:16:40.373+00",1163
"2021-08-02 06:16:50.373+00",1174
"2021-08-02 06:17:00.373+00",1177
"2021-08-02 06:17:10.381+00",1177
"2021-08-02 06:17:20.373+00",1177
"2021-08-02 06:17:30.373+00",1177
"2021-08-02 06:17:40.373+00",1177
"2021-08-02 06:17:50.373+00",1177
"2021-08-02 06:18:00.373+00",1177
"2021-08-02 06:18:10.373+00",1177
"2021-08-02 06:18:20.373+00",1177
"2021-08-02 06:18:30.373+00",1177
"2021-08-02 06:18:40.373+00",1177
"2021-08-02 06:18:50.373+00",1177
"2021-08-02 06:19:00.373+00",1177
"2021-08-02 06:19:10.373+00",1177
"2021-08-02 06:19:20.373+00",1177
"2021-08-02 06:19:30.373+00",1177
"2021-08-02 06:19:40.373+00",1177
"2021-08-02 06:19:50.373+00",1177
"2021-08-02 06:20:00.373+00",1177
"2021-08-02 06:20:10.373+00",1177
"2021-08-02 06:20:20.373+00",1177
"2021-08-02 06:20:30.373+00",1177
"2021-08-02 06:20:40.373+00",1177
"2021-08-02 06:20:50.373+00",1177
"2021-08-02 06:21:00.373+00",1177
"2021-08-02 06:21:10.373+00",1177
"2021-08-02 06:21:20.373+00",1177
"2021-08-02 06:21:30.373+00",1177
"2021-08-02 06:21:40.373+00",1177
"2021-08-02 06:21:50.373+00",1177
"2021-08-02 06:22:00.373+00",1177
"2021-08-02 06:22:10.375+00",1177
"2021-08-02 06:22:20.373+00",1177
"2021-08-02 06:22:30.373+00",1177
"2021-08-02 06:22:40.373+00",1177
"2021-08-02 06:22:50.373+00",1177
"2021-08-02 06:23:00.373+00",1177
"2021-08-02 06:23:10.373+00",1177
"2021-08-02 06:23:20.373+00",1177
"2021-08-02 06:23:30.373+00",1177
"2021-08-02 06:23:40.373+00",1177
"2021-08-02 06:23:50.373+00",1177
"2021-08-02 06:24:00.373+00",1177
"2021-08-02 06:24:10.373+00",1177
"2021-08-02 06:24:20.373+00",1177
"2021-08-02 06:24:30.373+00",1177
"2021-08-02 06:24:40.373+00",1177
"2021-08-02 06:24:50.373+00",1177
"2021-08-02 06:25:00.373+00",1177
"2021-08-02 06:25:10.373+00",1177
"2021-08-02 06:25:20.373+00",1177
"2021-08-02 06:25:30.373+00",1177
"2021-08-02 06:25:40.376+00",1177
"2021-08-02 06:25:50.373+00",1177
"2021-08-02 06:26:00.373+00",1177
"2021-08-02 06:26:10.373+00",1179
"2021-08-02 06:26:20.373+00",1190
"2021-08-02 06:26:30.373+00",1201
"2021-08-02 06:26:40.392+00",1212
"2021-08-02 06:26:50.373+00",1223
"2021-08-02 06:27:00.382+00",1234
"2021-08-02 06:27:10.373+00",1245
"2021-08-02 06:27:20.373+00",1256
"2021-08-02 06:27:30.373+00",1267
"2021-08-02 06:27:40.373+00",1278
"2021-08-02 06:27:50.373+00",1289
"2021-08-02 06:28:00.373+00",1300
"2021-08-02 06:28:10.373+00",1311
"2021-08-02 06:28:20.373+00",1322
"2021-08-02 06:28:30.373+00",1333
"2021-08-02 06:28:40.375+00",1344
"2021-08-02 06:28:50.373+00",1355
"2021-08-02 06:29:00.373+00",1366
"2021-08-02 06:29:10.373+00",1377
"2021-08-02 06:29:20.373+00",1388
"2021-08-02 06:29:30.373+00",1399
"2021-08-02 06:29:40.373+00",1410
"2021-08-02 06:29:50.373+00",1421
"2021-08-02 06:30:00.373+00",1432
"2021-08-02 06:30:10.373+00",1443
"2021-08-02 06:30:20.373+00",1454
"2021-08-02 06:30:30.373+00",1465
"2021-08-02 06:30:40.373+00",1476
"2021-08-02 06:30:50.373+00",1487
"2021-08-02 06:31:00.373+00",1498
"2021-08-02 06:31:10.373+00",1507
"2021-08-02 06:31:20.373+00",1507
"2021-08-02 06:31:30.373+00",1507
"2021-08-02 06:31:40.373+00",1507
"2021-08-02 06:31:50.373+00",1507
"2021-08-02 06:32:00.373+00",1507
"2021-08-02 06:32:10.373+00",1507
"2021-08-02 06:32:20.373+00",1507
"2021-08-02 06:32:30.379+00",1507
"2021-08-02 06:32:40.373+00",1507
"2021-08-02 06:32:50.373+00",1507
"2021-08-02 06:33:00.38+00",1507
"2021-08-02 06:33:10.373+00",1507
"2021-08-02 06:33:20.373+00",1507
"2021-08-02 06:33:30.373+00",1507
"2021-08-02 06:33:40.373+00",1507
"2021-08-02 06:33:50.373+00",1507
"2021-08-02 06:34:00.373+00",1507
"2021-08-02 06:34:10.373+00",1507
"2021-08-02 06:34:20.373+00",1507
"2021-08-02 06:34:30.373+00",1507
"2021-08-02 06:34:40.373+00",1507
"2021-08-02 06:34:50.373+00",1507
